Accession,Organism_Name,Species,Genotype,Isolate,Length,Nuc_Completeness,Geo_Location,Host,Tissue_Specimen_Source,Submitters,Collection_Date,Release_Date,Molecule_type
PX460918,dengue virus type 2,Orthoflavivirus denguei,2,KMUH2023,10723,complete,Taiwan,Homo sapiens,blood,"Huang,J.Y., Weng,S.F., Yang,Z.S., Tung,Y.W., Wang,W.H., Assavalapsakul,W., Thitithanyanont,A., Chao,D.Y., Lin,C.Y., Chen,Y.H., Wang,S.F., Wang,W., Wang,S., Lin,C., Chen,Y.",2023-11,2026-04-16,ssRNA(+)
PX480245,dengue virus type 1,Orthoflavivirus denguei,1,D17-1428,10735,complete,Philippines,Homo sapiens,blood,"Sy,A.K., Rojas,S.M., Masdin,L., Phelan,J., Polotan,F.G.M., Rojas,F.Q., Quinones,M.A., Bato,J.S., Sucaldito,N.L., dela Paz,E.C., Capeding,M.R.Z., Padilla,C.D., Villanueva,S.Y., Hafalla,J.C.R., Hibberd,M.L.",2017-06-13,2025-12-31,ssRNA(+)
PX480246,dengue virus type 1,Orthoflavivirus denguei,1,D17-4002,10735,complete,Philippines,Homo sapiens,blood,"Sy,A.K., Rojas,S.M., Masdin,L., Phelan,J., Polotan,F.G.M., Rojas,F.Q., Quinones,M.A., Bato,J.S., Sucaldito,N.L., dela Paz,E.C., Capeding,M.R.Z., Padilla,C.D., Villanueva,S.Y., Hafalla,J.C.R., Hibberd,M.L.",2017-12-07,2025-12-31,ssRNA(+)
PX480247,dengue virus type 1,Orthoflavivirus denguei,1,D18-0192,10735,complete,Philippines,Homo sapiens,blood,"Sy,A.K., Rojas,S.M., Masdin,L., Phelan,J., Polotan,F.G.M., Rojas,F.Q., Quinones,M.A., Bato,J.S., Sucaldito,N.L., dela Paz,E.C., Capeding,M.R.Z., Padilla,C.D., Villanueva,S.Y., Hafalla,J.C.R., Hibberd,M.L.",2018-01-14,2025-12-31,ssRNA(+)
PX480248,dengue virus type 1,Orthoflavivirus denguei,1,D18-0450,10735,complete,Philippines,Homo sapiens,blood,"Sy,A.K., Rojas,S.M., Masdin,L., Phelan,J., Polotan,F.G.M., Rojas,F.Q., Quinones,M.A., Bato,J.S., Sucaldito,N.L., dela Paz,E.C., Capeding,M.R.Z., Padilla,C.D., Villanueva,S.Y., Hafalla,J.C.R., Hibberd,M.L.",2018-04-26,2025-12-31,ssRNA(+)
PX480249,dengue virus type 1,Orthoflavivirus denguei,1,D18-1004,10735,complete,Philippines,Homo sapiens,blood,"Sy,A.K., Rojas,S.M., Masdin,L., Phelan,J., Polotan,F.G.M., Rojas,F.Q., Quinones,M.A., Bato,J.S., Sucaldito,N.L., dela Paz,E.C., Capeding,M.R.Z., Padilla,C.D., Villanueva,S.Y., Hafalla,J.C.R., Hibberd,M.L.",2018-07-16,2025-12-31,ssRNA(+)
PX480250,dengue virus type 1,Orthoflavivirus denguei,1,D18-1115,10735,complete,Philippines,Homo sapiens,blood,"Sy,A.K., Rojas,S.M., Masdin,L., Phelan,J., Polotan,F.G.M., Rojas,F.Q., Quinones,M.A., Bato,J.S., Sucaldito,N.L., dela Paz,E.C., Capeding,M.R.Z., Padilla,C.D., Villanueva,S.Y., Hafalla,J.C.R., Hibberd,M.L.",2018-07-24,2025-12-31,ssRNA(+)
PX480251,dengue virus type 1,Orthoflavivirus denguei,1,D18-1197,10735,complete,Philippines,Homo sapiens,blood,"Sy,A.K., Rojas,S.M., Masdin,L., Phelan,J., Polotan,F.G.M., Rojas,F.Q., Quinones,M.A., Bato,J.S., Sucaldito,N.L., dela Paz,E.C., Capeding,M.R.Z., Padilla,C.D., Villanueva,S.Y., Hafalla,J.C.R., Hibberd,M.L.",2018-07-22,2025-12-31,ssRNA(+)
PX480252,dengue virus type 1,Orthoflavivirus denguei,1,D18-1208,10735,complete,Philippines,Homo sapiens,blood,"Sy,A.K., Rojas,S.M., Masdin,L., Phelan,J., Polotan,F.G.M., Rojas,F.Q., Quinones,M.A., Bato,J.S., Sucaldito,N.L., dela Paz,E.C., Capeding,M.R.Z., Padilla,C.D., Villanueva,S.Y., Hafalla,J.C.R., Hibberd,M.L.",2018-07-29,2025-12-31,ssRNA(+)
PX480253,dengue virus type 1,Orthoflavivirus denguei,1,D18-1350,10735,complete,Philippines,Homo sapiens,blood,"Sy,A.K., Rojas,S.M., Masdin,L., Phelan,J., Polotan,F.G.M., Rojas,F.Q., Quinones,M.A., Bato,J.S., Sucaldito,N.L., dela Paz,E.C., Capeding,M.R.Z., Padilla,C.D., Villanueva,S.Y., Hafalla,J.C.R., Hibberd,M.L.",2018-08-03,2025-12-31,ssRNA(+)
PX480254,dengue virus type 1,Orthoflavivirus denguei,1,D18-1378,10735,complete,Philippines,Homo sapiens,blood,"Sy,A.K., Rojas,S.M., Masdin,L., Phelan,J., Polotan,F.G.M., Rojas,F.Q., Quinones,M.A., Bato,J.S., Sucaldito,N.L., dela Paz,E.C., Capeding,M.R.Z., Padilla,C.D., Villanueva,S.Y., Hafalla,J.C.R., Hibberd,M.L.",2018-08-08,2025-12-31,ssRNA(+)
PX480255,dengue virus type 1,Orthoflavivirus denguei,1,D18-1391,10735,complete,Philippines,Homo sapiens,blood,"Sy,A.K., Rojas,S.M., Masdin,L., Phelan,J., Polotan,F.G.M., Rojas,F.Q., Quinones,M.A., Bato,J.S., Sucaldito,N.L., dela Paz,E.C., Capeding,M.R.Z., Padilla,C.D., Villanueva,S.Y., Hafalla,J.C.R., Hibberd,M.L.",2018-08-01,2025-12-31,ssRNA(+)
PX480256,dengue virus type 1,Orthoflavivirus denguei,1,D18-1424,10735,complete,Philippines,Homo sapiens,blood,"Sy,A.K., Rojas,S.M., Masdin,L., Phelan,J., Polotan,F.G.M., Rojas,F.Q., Quinones,M.A., Bato,J.S., Sucaldito,N.L., dela Paz,E.C., Capeding,M.R.Z., Padilla,C.D., Villanueva,S.Y., Hafalla,J.C.R., Hibberd,M.L.",2018-08-09,2025-12-31,ssRNA(+)
PX480257,dengue virus type 1,Orthoflavivirus denguei,1,D18-1451,10735,complete,Philippines,Homo sapiens,blood,"Sy,A.K., Rojas,S.M., Masdin,L., Phelan,J., Polotan,F.G.M., Rojas,F.Q., Quinones,M.A., Bato,J.S., Sucaldito,N.L., dela Paz,E.C., Capeding,M.R.Z., Padilla,C.D., Villanueva,S.Y., Hafalla,J.C.R., Hibberd,M.L.",2018-08-08,2025-12-31,ssRNA(+)
PX480258,dengue virus type 1,Orthoflavivirus denguei,1,D18-1530,10735,complete,Philippines,Homo sapiens,blood,"Sy,A.K., Rojas,S.M., Masdin,L., Phelan,J., Polotan,F.G.M., Rojas,F.Q., Quinones,M.A., Bato,J.S., Sucaldito,N.L., dela Paz,E.C., Capeding,M.R.Z., Padilla,C.D., Villanueva,S.Y., Hafalla,J.C.R., Hibberd,M.L.",2018-08-12,2025-12-31,ssRNA(+)
PX480259,dengue virus type 1,Orthoflavivirus denguei,1,D18-1602,10735,complete,Philippines,Homo sapiens,blood,"Sy,A.K., Rojas,S.M., Masdin,L., Phelan,J., Polotan,F.G.M., Rojas,F.Q., Quinones,M.A., Bato,J.S., Sucaldito,N.L., dela Paz,E.C., Capeding,M.R.Z., Padilla,C.D., Villanueva,S.Y., Hafalla,J.C.R., Hibberd,M.L.",2018-08-15,2025-12-31,ssRNA(+)
PX480260,dengue virus type 1,Orthoflavivirus denguei,1,D18-1980,10735,complete,Philippines,Homo sapiens,blood,"Sy,A.K., Rojas,S.M., Masdin,L., Phelan,J., Polotan,F.G.M., Rojas,F.Q., Quinones,M.A., Bato,J.S., Sucaldito,N.L., dela Paz,E.C., Capeding,M.R.Z., Padilla,C.D., Villanueva,S.Y., Hafalla,J.C.R., Hibberd,M.L.",2018-08-28,2025-12-31,ssRNA(+)
PX480261,dengue virus type 1,Orthoflavivirus denguei,1,D18-2000,10735,complete,Philippines,Homo sapiens,blood,"Sy,A.K., Rojas,S.M., Masdin,L., Phelan,J., Polotan,F.G.M., Rojas,F.Q., Quinones,M.A., Bato,J.S., Sucaldito,N.L., dela Paz,E.C., Capeding,M.R.Z., Padilla,C.D., Villanueva,S.Y., Hafalla,J.C.R., Hibberd,M.L.",2018-08-29,2025-12-31,ssRNA(+)
PX480262,dengue virus type 1,Orthoflavivirus denguei,1,D18-2011,10735,complete,Philippines,Homo sapiens,blood,"Sy,A.K., Rojas,S.M., Masdin,L., Phelan,J., Polotan,F.G.M., Rojas,F.Q., Quinones,M.A., Bato,J.S., Sucaldito,N.L., dela Paz,E.C., Capeding,M.R.Z., Padilla,C.D., Villanueva,S.Y., Hafalla,J.C.R., Hibberd,M.L.",2018-07-20,2025-12-31,ssRNA(+)
PX480263,dengue virus type 1,Orthoflavivirus denguei,1,D18-2054,10735,complete,Philippines,Homo sapiens,blood,"Sy,A.K., Rojas,S.M., Masdin,L., Phelan,J., Polotan,F.G.M., Rojas,F.Q., Quinones,M.A., Bato,J.S., Sucaldito,N.L., dela Paz,E.C., Capeding,M.R.Z., Padilla,C.D., Villanueva,S.Y., Hafalla,J.C.R., Hibberd,M.L.",2018-09-06,2025-12-31,ssRNA(+)
PX480264,dengue virus type 1,Orthoflavivirus denguei,1,D18-2238,10735,complete,Philippines,Homo sapiens,blood,"Sy,A.K., Rojas,S.M., Masdin,L., Phelan,J., Polotan,F.G.M., Rojas,F.Q., Quinones,M.A., Bato,J.S., Sucaldito,N.L., dela Paz,E.C., Capeding,M.R.Z., Padilla,C.D., Villanueva,S.Y., Hafalla,J.C.R., Hibberd,M.L.",2018-09-09,2025-12-31,ssRNA(+)
PX480265,dengue virus type 1,Orthoflavivirus denguei,1,D18-2277,10735,complete,Philippines,Homo sapiens,blood,"Sy,A.K., Rojas,S.M., Masdin,L., Phelan,J., Polotan,F.G.M., Rojas,F.Q., Quinones,M.A., Bato,J.S., Sucaldito,N.L., dela Paz,E.C., Capeding,M.R.Z., Padilla,C.D., Villanueva,S.Y., Hafalla,J.C.R., Hibberd,M.L.",2018-09-12,2025-12-31,ssRNA(+)
PX480266,dengue virus type 1,Orthoflavivirus denguei,1,D18-2811,10735,complete,Philippines,Homo sapiens,blood,"Sy,A.K., Rojas,S.M., Masdin,L., Phelan,J., Polotan,F.G.M., Rojas,F.Q., Quinones,M.A., Bato,J.S., Sucaldito,N.L., dela Paz,E.C., Capeding,M.R.Z., Padilla,C.D., Villanueva,S.Y., Hafalla,J.C.R., Hibberd,M.L.",2018-10-20,2025-12-31,ssRNA(+)
PX480267,dengue virus type 1,Orthoflavivirus denguei,1,D18-2893,10735,complete,Philippines,Homo sapiens,blood,"Sy,A.K., Rojas,S.M., Masdin,L., Phelan,J., Polotan,F.G.M., Rojas,F.Q., Quinones,M.A., Bato,J.S., Sucaldito,N.L., dela Paz,E.C., Capeding,M.R.Z., Padilla,C.D., Villanueva,S.Y., Hafalla,J.C.R., Hibberd,M.L.",2018-10-28,2025-12-31,ssRNA(+)
PX480268,dengue virus type 1,Orthoflavivirus denguei,1,D18-2935,10735,complete,Philippines,Homo sapiens,blood,"Sy,A.K., Rojas,S.M., Masdin,L., Phelan,J., Polotan,F.G.M., Rojas,F.Q., Quinones,M.A., Bato,J.S., Sucaldito,N.L., dela Paz,E.C., Capeding,M.R.Z., Padilla,C.D., Villanueva,S.Y., Hafalla,J.C.R., Hibberd,M.L.",2018-11-02,2025-12-31,ssRNA(+)
PX480269,dengue virus type 1,Orthoflavivirus denguei,1,D18-3093,10735,complete,Philippines,Homo sapiens,blood,"Sy,A.K., Rojas,S.M., Masdin,L., Phelan,J., Polotan,F.G.M., Rojas,F.Q., Quinones,M.A., Bato,J.S., Sucaldito,N.L., dela Paz,E.C., Capeding,M.R.Z., Padilla,C.D., Villanueva,S.Y., Hafalla,J.C.R., Hibberd,M.L.",2018-11-14,2025-12-31,ssRNA(+)
PX480270,dengue virus type 1,Orthoflavivirus denguei,1,D18-3207,10735,complete,Philippines,Homo sapiens,blood,"Sy,A.K., Rojas,S.M., Masdin,L., Phelan,J., Polotan,F.G.M., Rojas,F.Q., Quinones,M.A., Bato,J.S., Sucaldito,N.L., dela Paz,E.C., Capeding,M.R.Z., Padilla,C.D., Villanueva,S.Y., Hafalla,J.C.R., Hibberd,M.L.",2018-11-19,2025-12-31,ssRNA(+)
PX480271,dengue virus type 1,Orthoflavivirus denguei,1,D19-1187,10735,complete,Philippines,Homo sapiens,blood,"Sy,A.K., Rojas,S.M., Masdin,L., Phelan,J., Polotan,F.G.M., Rojas,F.Q., Quinones,M.A., Bato,J.S., Sucaldito,N.L., dela Paz,E.C., Capeding,M.R.Z., Padilla,C.D., Villanueva,S.Y., Hafalla,J.C.R., Hibberd,M.L.",2019-05-04,2025-12-31,ssRNA(+)
PX480272,dengue virus type 1,Orthoflavivirus denguei,1,D19-1191,10735,complete,Philippines,Homo sapiens,blood,"Sy,A.K., Rojas,S.M., Masdin,L., Phelan,J., Polotan,F.G.M., Rojas,F.Q., Quinones,M.A., Bato,J.S., Sucaldito,N.L., dela Paz,E.C., Capeding,M.R.Z., Padilla,C.D., Villanueva,S.Y., Hafalla,J.C.R., Hibberd,M.L.",2019-08-02,2025-12-31,ssRNA(+)
PX480273,dengue virus type 1,Orthoflavivirus denguei,1,D19-1283,10735,complete,Philippines,Homo sapiens,blood,"Sy,A.K., Rojas,S.M., Masdin,L., Phelan,J., Polotan,F.G.M., Rojas,F.Q., Quinones,M.A., Bato,J.S., Sucaldito,N.L., dela Paz,E.C., Capeding,M.R.Z., Padilla,C.D., Villanueva,S.Y., Hafalla,J.C.R., Hibberd,M.L.",2019-05-17,2025-12-31,ssRNA(+)
PX480274,dengue virus type 1,Orthoflavivirus denguei,1,D19-1288,10735,complete,Philippines,Homo sapiens,blood,"Sy,A.K., Rojas,S.M., Masdin,L., Phelan,J., Polotan,F.G.M., Rojas,F.Q., Quinones,M.A., Bato,J.S., Sucaldito,N.L., dela Paz,E.C., Capeding,M.R.Z., Padilla,C.D., Villanueva,S.Y., Hafalla,J.C.R., Hibberd,M.L.",2019-05-27,2025-12-31,ssRNA(+)
PX480275,dengue virus type 1,Orthoflavivirus denguei,1,D19-1320,10735,complete,Philippines,Homo sapiens,blood,"Sy,A.K., Rojas,S.M., Masdin,L., Phelan,J., Polotan,F.G.M., Rojas,F.Q., Quinones,M.A., Bato,J.S., Sucaldito,N.L., dela Paz,E.C., Capeding,M.R.Z., Padilla,C.D., Villanueva,S.Y., Hafalla,J.C.R., Hibberd,M.L.",2019-05-29,2025-12-31,ssRNA(+)
PX480276,dengue virus type 1,Orthoflavivirus denguei,1,D19-1581,10735,complete,Philippines,Homo sapiens,blood,"Sy,A.K., Rojas,S.M., Masdin,L., Phelan,J., Polotan,F.G.M., Rojas,F.Q., Quinones,M.A., Bato,J.S., Sucaldito,N.L., dela Paz,E.C., Capeding,M.R.Z., Padilla,C.D., Villanueva,S.Y., Hafalla,J.C.R., Hibberd,M.L.",2019-06-24,2025-12-31,ssRNA(+)
PX480277,dengue virus type 1,Orthoflavivirus denguei,1,D19-1865,10735,complete,Philippines,Homo sapiens,blood,"Sy,A.K., Rojas,S.M., Masdin,L., Phelan,J., Polotan,F.G.M., Rojas,F.Q., Quinones,M.A., Bato,J.S., Sucaldito,N.L., dela Paz,E.C., Capeding,M.R.Z., Padilla,C.D., Villanueva,S.Y., Hafalla,J.C.R., Hibberd,M.L.",2019-07-09,2025-12-31,ssRNA(+)
PX480278,dengue virus type 1,Orthoflavivirus denguei,1,D19-1893,10735,complete,Philippines,Homo sapiens,blood,"Sy,A.K., Rojas,S.M., Masdin,L., Phelan,J., Polotan,F.G.M., Rojas,F.Q., Quinones,M.A., Bato,J.S., Sucaldito,N.L., dela Paz,E.C., Capeding,M.R.Z., Padilla,C.D., Villanueva,S.Y., Hafalla,J.C.R., Hibberd,M.L.",2019-07-14,2025-12-31,ssRNA(+)
PX480279,dengue virus type 1,Orthoflavivirus denguei,1,D19-1894,10735,complete,Philippines,Homo sapiens,blood,"Sy,A.K., Rojas,S.M., Masdin,L., Phelan,J., Polotan,F.G.M., Rojas,F.Q., Quinones,M.A., Bato,J.S., Sucaldito,N.L., dela Paz,E.C., Capeding,M.R.Z., Padilla,C.D., Villanueva,S.Y., Hafalla,J.C.R., Hibberd,M.L.",2019-07-15,2025-12-31,ssRNA(+)
PX480280,dengue virus type 1,Orthoflavivirus denguei,1,D19-1946,10735,complete,Philippines,Homo sapiens,blood,"Sy,A.K., Rojas,S.M., Masdin,L., Phelan,J., Polotan,F.G.M., Rojas,F.Q., Quinones,M.A., Bato,J.S., Sucaldito,N.L., dela Paz,E.C., Capeding,M.R.Z., Padilla,C.D., Villanueva,S.Y., Hafalla,J.C.R., Hibberd,M.L.",2019-07-24,2025-12-31,ssRNA(+)
PX480281,dengue virus type 1,Orthoflavivirus denguei,1,D19-1995,10735,complete,Philippines,Homo sapiens,blood,"Sy,A.K., Rojas,S.M., Masdin,L., Phelan,J., Polotan,F.G.M., Rojas,F.Q., Quinones,M.A., Bato,J.S., Sucaldito,N.L., dela Paz,E.C., Capeding,M.R.Z., Padilla,C.D., Villanueva,S.Y., Hafalla,J.C.R., Hibberd,M.L.",2019-08-01,2025-12-31,ssRNA(+)
PX480282,dengue virus type 1,Orthoflavivirus denguei,1,D19-2051,10735,complete,Philippines,Homo sapiens,blood,"Sy,A.K., Rojas,S.M., Masdin,L., Phelan,J., Polotan,F.G.M., Rojas,F.Q., Quinones,M.A., Bato,J.S., Sucaldito,N.L., dela Paz,E.C., Capeding,M.R.Z., Padilla,C.D., Villanueva,S.Y., Hafalla,J.C.R., Hibberd,M.L.",2019-08-13,2025-12-31,ssRNA(+)
PX480283,dengue virus type 1,Orthoflavivirus denguei,1,D19-2056,10735,complete,Philippines,Homo sapiens,blood,"Sy,A.K., Rojas,S.M., Masdin,L., Phelan,J., Polotan,F.G.M., Rojas,F.Q., Quinones,M.A., Bato,J.S., Sucaldito,N.L., dela Paz,E.C., Capeding,M.R.Z., Padilla,C.D., Villanueva,S.Y., Hafalla,J.C.R., Hibberd,M.L.",2019-08-19,2025-12-31,ssRNA(+)
PX480284,dengue virus type 1,Orthoflavivirus denguei,1,D19-2088,10735,complete,Philippines,Homo sapiens,blood,"Sy,A.K., Rojas,S.M., Masdin,L., Phelan,J., Polotan,F.G.M., Rojas,F.Q., Quinones,M.A., Bato,J.S., Sucaldito,N.L., dela Paz,E.C., Capeding,M.R.Z., Padilla,C.D., Villanueva,S.Y., Hafalla,J.C.R., Hibberd,M.L.",2019-08-10,2025-12-31,ssRNA(+)
PX480285,dengue virus type 1,Orthoflavivirus denguei,1,D19-2141,10735,complete,Philippines,Homo sapiens,blood,"Sy,A.K., Rojas,S.M., Masdin,L., Phelan,J., Polotan,F.G.M., Rojas,F.Q., Quinones,M.A., Bato,J.S., Sucaldito,N.L., dela Paz,E.C., Capeding,M.R.Z., Padilla,C.D., Villanueva,S.Y., Hafalla,J.C.R., Hibberd,M.L.",2019-08-28,2025-12-31,ssRNA(+)
PX480286,dengue virus type 1,Orthoflavivirus denguei,1,D19-2147,10735,complete,Philippines,Homo sapiens,blood,"Sy,A.K., Rojas,S.M., Masdin,L., Phelan,J., Polotan,F.G.M., Rojas,F.Q., Quinones,M.A., Bato,J.S., Sucaldito,N.L., dela Paz,E.C., Capeding,M.R.Z., Padilla,C.D., Villanueva,S.Y., Hafalla,J.C.R., Hibberd,M.L.",2019-09-02,2025-12-31,ssRNA(+)
PX480287,dengue virus type 1,Orthoflavivirus denguei,1,D19-2197,10735,complete,Philippines,Homo sapiens,blood,"Sy,A.K., Rojas,S.M., Masdin,L., Phelan,J., Polotan,F.G.M., Rojas,F.Q., Quinones,M.A., Bato,J.S., Sucaldito,N.L., dela Paz,E.C., Capeding,M.R.Z., Padilla,C.D., Villanueva,S.Y., Hafalla,J.C.R., Hibberd,M.L.",2019-09-10,2025-12-31,ssRNA(+)
PX480288,dengue virus type 1,Orthoflavivirus denguei,1,D19-2202,10735,complete,Philippines,Homo sapiens,blood,"Sy,A.K., Rojas,S.M., Masdin,L., Phelan,J., Polotan,F.G.M., Rojas,F.Q., Quinones,M.A., Bato,J.S., Sucaldito,N.L., dela Paz,E.C., Capeding,M.R.Z., Padilla,C.D., Villanueva,S.Y., Hafalla,J.C.R., Hibberd,M.L.",2019-09-08,2025-12-31,ssRNA(+)
PX480289,dengue virus type 1,Orthoflavivirus denguei,1,D19-2205,10735,complete,Philippines,Homo sapiens,blood,"Sy,A.K., Rojas,S.M., Masdin,L., Phelan,J., Polotan,F.G.M., Rojas,F.Q., Quinones,M.A., Bato,J.S., Sucaldito,N.L., dela Paz,E.C., Capeding,M.R.Z., Padilla,C.D., Villanueva,S.Y., Hafalla,J.C.R., Hibberd,M.L.",2019-08-23,2025-12-31,ssRNA(+)
PX480290,dengue virus type 1,Orthoflavivirus denguei,1,D19-2251,10735,complete,Philippines,Homo sapiens,blood,"Sy,A.K., Rojas,S.M., Masdin,L., Phelan,J., Polotan,F.G.M., Rojas,F.Q., Quinones,M.A., Bato,J.S., Sucaldito,N.L., dela Paz,E.C., Capeding,M.R.Z., Padilla,C.D., Villanueva,S.Y., Hafalla,J.C.R., Hibberd,M.L.",2019-09-14,2025-12-31,ssRNA(+)
PX480291,dengue virus type 1,Orthoflavivirus denguei,1,D19-2373,10735,complete,Philippines,Homo sapiens,blood,"Sy,A.K., Rojas,S.M., Masdin,L., Phelan,J., Polotan,F.G.M., Rojas,F.Q., Quinones,M.A., Bato,J.S., Sucaldito,N.L., dela Paz,E.C., Capeding,M.R.Z., Padilla,C.D., Villanueva,S.Y., Hafalla,J.C.R., Hibberd,M.L.",2019-10-01,2025-12-31,ssRNA(+)
PX480292,dengue virus type 1,Orthoflavivirus denguei,1,D19-2407,10735,complete,Philippines,Homo sapiens,blood,"Sy,A.K., Rojas,S.M., Masdin,L., Phelan,J., Polotan,F.G.M., Rojas,F.Q., Quinones,M.A., Bato,J.S., Sucaldito,N.L., dela Paz,E.C., Capeding,M.R.Z., Padilla,C.D., Villanueva,S.Y., Hafalla,J.C.R., Hibberd,M.L.",2019-10-08,2025-12-31,ssRNA(+)
PX480293,dengue virus type 1,Orthoflavivirus denguei,1,D19-2489,10735,complete,Philippines,Homo sapiens,blood,"Sy,A.K., Rojas,S.M., Masdin,L., Phelan,J., Polotan,F.G.M., Rojas,F.Q., Quinones,M.A., Bato,J.S., Sucaldito,N.L., dela Paz,E.C., Capeding,M.R.Z., Padilla,C.D., Villanueva,S.Y., Hafalla,J.C.R., Hibberd,M.L.",2019-10-21,2025-12-31,ssRNA(+)
PX480294,dengue virus type 1,Orthoflavivirus denguei,1,D19-2607,10735,complete,Philippines,Homo sapiens,blood,"Sy,A.K., Rojas,S.M., Masdin,L., Phelan,J., Polotan,F.G.M., Rojas,F.Q., Quinones,M.A., Bato,J.S., Sucaldito,N.L., dela Paz,E.C., Capeding,M.R.Z., Padilla,C.D., Villanueva,S.Y., Hafalla,J.C.R., Hibberd,M.L.",2019-11-19,2025-12-31,ssRNA(+)
PX480295,dengue virus type 1,Orthoflavivirus denguei,1,D19-2715,10735,complete,Philippines,Homo sapiens,blood,"Sy,A.K., Rojas,S.M., Masdin,L., Phelan,J., Polotan,F.G.M., Rojas,F.Q., Quinones,M.A., Bato,J.S., Sucaldito,N.L., dela Paz,E.C., Capeding,M.R.Z., Padilla,C.D., Villanueva,S.Y., Hafalla,J.C.R., Hibberd,M.L.",2019-12-14,2025-12-31,ssRNA(+)
PX480296,dengue virus type 1,Orthoflavivirus denguei,1,D19-2830,10735,complete,Philippines,Homo sapiens,blood,"Sy,A.K., Rojas,S.M., Masdin,L., Phelan,J., Polotan,F.G.M., Rojas,F.Q., Quinones,M.A., Bato,J.S., Sucaldito,N.L., dela Paz,E.C., Capeding,M.R.Z., Padilla,C.D., Villanueva,S.Y., Hafalla,J.C.R., Hibberd,M.L.",2019-08-09,2025-12-31,ssRNA(+)
PX480297,dengue virus type 1,Orthoflavivirus denguei,1,D20-0106,10735,complete,Philippines,Homo sapiens,blood,"Sy,A.K., Rojas,S.M., Masdin,L., Phelan,J., Polotan,F.G.M., Rojas,F.Q., Quinones,M.A., Bato,J.S., Sucaldito,N.L., dela Paz,E.C., Capeding,M.R.Z., Padilla,C.D., Villanueva,S.Y., Hafalla,J.C.R., Hibberd,M.L.",2020-02-04,2025-12-31,ssRNA(+)
PX480298,dengue virus type 1,Orthoflavivirus denguei,1,D20-0130,10735,complete,Philippines,Homo sapiens,blood,"Sy,A.K., Rojas,S.M., Masdin,L., Phelan,J., Polotan,F.G.M., Rojas,F.Q., Quinones,M.A., Bato,J.S., Sucaldito,N.L., dela Paz,E.C., Capeding,M.R.Z., Padilla,C.D., Villanueva,S.Y., Hafalla,J.C.R., Hibberd,M.L.",2020-02-05,2025-12-31,ssRNA(+)
PX480299,dengue virus type 1,Orthoflavivirus denguei,1,D21-0358,10735,complete,Philippines,Homo sapiens,blood,"Sy,A.K., Rojas,S.M., Masdin,L., Phelan,J., Polotan,F.G.M., Rojas,F.Q., Quinones,M.A., Bato,J.S., Sucaldito,N.L., dela Paz,E.C., Capeding,M.R.Z., Padilla,C.D., Villanueva,S.Y., Hafalla,J.C.R., Hibberd,M.L.",2021-02-09,2025-12-31,ssRNA(+)
PX480300,dengue virus type 1,Orthoflavivirus denguei,1,D21-0506,10735,complete,Philippines,Homo sapiens,blood,"Sy,A.K., Rojas,S.M., Masdin,L., Phelan,J., Polotan,F.G.M., Rojas,F.Q., Quinones,M.A., Bato,J.S., Sucaldito,N.L., dela Paz,E.C., Capeding,M.R.Z., Padilla,C.D., Villanueva,S.Y., Hafalla,J.C.R., Hibberd,M.L.",2021-12-05,2025-12-31,ssRNA(+)
PX480301,dengue virus type 2,Orthoflavivirus denguei,2,D18-0217,10723,complete,Philippines,Homo sapiens,blood,"Sy,A.K., Rojas,S.M., Masdin,L., Phelan,J., Polotan,F.G.M., Rojas,F.Q., Quinones,M.A., Bato,J.S., Sucaldito,N.L., dela Paz,E.C., Capeding,M.R.Z., Padilla,C.D., Villanueva,S.Y., Hafalla,J.C.R., Hibberd,M.L.",2018-02-02,2025-12-31,ssRNA(+)
PX480302,dengue virus type 2,Orthoflavivirus denguei,2,D18-1111,10723,complete,Philippines,Homo sapiens,blood,"Sy,A.K., Rojas,S.M., Masdin,L., Phelan,J., Polotan,F.G.M., Rojas,F.Q., Quinones,M.A., Bato,J.S., Sucaldito,N.L., dela Paz,E.C., Capeding,M.R.Z., Padilla,C.D., Villanueva,S.Y., Hafalla,J.C.R., Hibberd,M.L.",2018-07-24,2025-12-31,ssRNA(+)
PX480303,dengue virus type 2,Orthoflavivirus denguei,2,D18-1165,10723,complete,Philippines,Homo sapiens,blood,"Sy,A.K., Rojas,S.M., Masdin,L., Phelan,J., Polotan,F.G.M., Rojas,F.Q., Quinones,M.A., Bato,J.S., Sucaldito,N.L., dela Paz,E.C., Capeding,M.R.Z., Padilla,C.D., Villanueva,S.Y., Hafalla,J.C.R., Hibberd,M.L.",2018-07-18,2025-12-31,ssRNA(+)
PX480304,dengue virus type 2,Orthoflavivirus denguei,2,D18-1377,10723,complete,Philippines,Homo sapiens,blood,"Sy,A.K., Rojas,S.M., Masdin,L., Phelan,J., Polotan,F.G.M., Rojas,F.Q., Quinones,M.A., Bato,J.S., Sucaldito,N.L., dela Paz,E.C., Capeding,M.R.Z., Padilla,C.D., Villanueva,S.Y., Hafalla,J.C.R., Hibberd,M.L.",2018-08-08,2025-12-31,ssRNA(+)
PX480305,dengue virus type 2,Orthoflavivirus denguei,2,D18-1556,10723,complete,Philippines,Homo sapiens,blood,"Sy,A.K., Rojas,S.M., Masdin,L., Phelan,J., Polotan,F.G.M., Rojas,F.Q., Quinones,M.A., Bato,J.S., Sucaldito,N.L., dela Paz,E.C., Capeding,M.R.Z., Padilla,C.D., Villanueva,S.Y., Hafalla,J.C.R., Hibberd,M.L.",2018-08-13,2025-12-31,ssRNA(+)
PX480306,dengue virus type 2,Orthoflavivirus denguei,2,D18-1676,10723,complete,Philippines,Homo sapiens,blood,"Sy,A.K., Rojas,S.M., Masdin,L., Phelan,J., Polotan,F.G.M., Rojas,F.Q., Quinones,M.A., Bato,J.S., Sucaldito,N.L., dela Paz,E.C., Capeding,M.R.Z., Padilla,C.D., Villanueva,S.Y., Hafalla,J.C.R., Hibberd,M.L.",2018-08-21,2025-12-31,ssRNA(+)
PX480307,dengue virus type 2,Orthoflavivirus denguei,2,D18-1693,10723,complete,Philippines,Homo sapiens,blood,"Sy,A.K., Rojas,S.M., Masdin,L., Phelan,J., Polotan,F.G.M., Rojas,F.Q., Quinones,M.A., Bato,J.S., Sucaldito,N.L., dela Paz,E.C., Capeding,M.R.Z., Padilla,C.D., Villanueva,S.Y., Hafalla,J.C.R., Hibberd,M.L.",2018-08-19,2025-12-31,ssRNA(+)
PX480308,dengue virus type 2,Orthoflavivirus denguei,2,D18-1974,10723,complete,Philippines,Homo sapiens,blood,"Sy,A.K., Rojas,S.M., Masdin,L., Phelan,J., Polotan,F.G.M., Rojas,F.Q., Quinones,M.A., Bato,J.S., Sucaldito,N.L., dela Paz,E.C., Capeding,M.R.Z., Padilla,C.D., Villanueva,S.Y., Hafalla,J.C.R., Hibberd,M.L.",2018-08-27,2025-12-31,ssRNA(+)
PX480309,dengue virus type 2,Orthoflavivirus denguei,2,D18-2292,10723,complete,Philippines,Homo sapiens,blood,"Sy,A.K., Rojas,S.M., Masdin,L., Phelan,J., Polotan,F.G.M., Rojas,F.Q., Quinones,M.A., Bato,J.S., Sucaldito,N.L., dela Paz,E.C., Capeding,M.R.Z., Padilla,C.D., Villanueva,S.Y., Hafalla,J.C.R., Hibberd,M.L.",2018-09-18,2025-12-31,ssRNA(+)
PX480310,dengue virus type 2,Orthoflavivirus denguei,2,D18-2646,10723,complete,Philippines,Homo sapiens,blood,"Sy,A.K., Rojas,S.M., Masdin,L., Phelan,J., Polotan,F.G.M., Rojas,F.Q., Quinones,M.A., Bato,J.S., Sucaldito,N.L., dela Paz,E.C., Capeding,M.R.Z., Padilla,C.D., Villanueva,S.Y., Hafalla,J.C.R., Hibberd,M.L.",2018-09-29,2025-12-31,ssRNA(+)
PX480311,dengue virus type 2,Orthoflavivirus denguei,2,D18-3201,10723,complete,Philippines,Homo sapiens,blood,"Sy,A.K., Rojas,S.M., Masdin,L., Phelan,J., Polotan,F.G.M., Rojas,F.Q., Quinones,M.A., Bato,J.S., Sucaldito,N.L., dela Paz,E.C., Capeding,M.R.Z., Padilla,C.D., Villanueva,S.Y., Hafalla,J.C.R., Hibberd,M.L.",2018-11-22,2025-12-31,ssRNA(+)
PX480312,dengue virus type 2,Orthoflavivirus denguei,2,D18-3349,10723,complete,Philippines,Homo sapiens,blood,"Sy,A.K., Rojas,S.M., Masdin,L., Phelan,J., Polotan,F.G.M., Rojas,F.Q., Quinones,M.A., Bato,J.S., Sucaldito,N.L., dela Paz,E.C., Capeding,M.R.Z., Padilla,C.D., Villanueva,S.Y., Hafalla,J.C.R., Hibberd,M.L.",2018-12-05,2025-12-31,ssRNA(+)
PX480313,dengue virus type 2,Orthoflavivirus denguei,2,D19-1325,10723,complete,Philippines,Homo sapiens,blood,"Sy,A.K., Rojas,S.M., Masdin,L., Phelan,J., Polotan,F.G.M., Rojas,F.Q., Quinones,M.A., Bato,J.S., Sucaldito,N.L., dela Paz,E.C., Capeding,M.R.Z., Padilla,C.D., Villanueva,S.Y., Hafalla,J.C.R., Hibberd,M.L.",2019-05-30,2025-12-31,ssRNA(+)
PX480314,dengue virus type 2,Orthoflavivirus denguei,2,D19-1472,10723,complete,Philippines,Homo sapiens,blood,"Sy,A.K., Rojas,S.M., Masdin,L., Phelan,J., Polotan,F.G.M., Rojas,F.Q., Quinones,M.A., Bato,J.S., Sucaldito,N.L., dela Paz,E.C., Capeding,M.R.Z., Padilla,C.D., Villanueva,S.Y., Hafalla,J.C.R., Hibberd,M.L.",2019-06-07,2025-12-31,ssRNA(+)
PX480315,dengue virus type 2,Orthoflavivirus denguei,2,D19-1559,10723,complete,Philippines,Homo sapiens,blood,"Sy,A.K., Rojas,S.M., Masdin,L., Phelan,J., Polotan,F.G.M., Rojas,F.Q., Quinones,M.A., Bato,J.S., Sucaldito,N.L., dela Paz,E.C., Capeding,M.R.Z., Padilla,C.D., Villanueva,S.Y., Hafalla,J.C.R., Hibberd,M.L.",2019-07-03,2025-12-31,ssRNA(+)
PX480316,dengue virus type 2,Orthoflavivirus denguei,2,D19-1576,10723,complete,Philippines,Homo sapiens,blood,"Sy,A.K., Rojas,S.M., Masdin,L., Phelan,J., Polotan,F.G.M., Rojas,F.Q., Quinones,M.A., Bato,J.S., Sucaldito,N.L., dela Paz,E.C., Capeding,M.R.Z., Padilla,C.D., Villanueva,S.Y., Hafalla,J.C.R., Hibberd,M.L.",2019-06-22,2025-12-31,ssRNA(+)
PX480317,dengue virus type 2,Orthoflavivirus denguei,2,D19-1678,10723,complete,Philippines,Homo sapiens,blood,"Sy,A.K., Rojas,S.M., Masdin,L., Phelan,J., Polotan,F.G.M., Rojas,F.Q., Quinones,M.A., Bato,J.S., Sucaldito,N.L., dela Paz,E.C., Capeding,M.R.Z., Padilla,C.D., Villanueva,S.Y., Hafalla,J.C.R., Hibberd,M.L.",2019-07-05,2025-12-31,ssRNA(+)
PX480318,dengue virus type 2,Orthoflavivirus denguei,2,D19-1820,10723,complete,Philippines,Homo sapiens,blood,"Sy,A.K., Rojas,S.M., Masdin,L., Phelan,J., Polotan,F.G.M., Rojas,F.Q., Quinones,M.A., Bato,J.S., Sucaldito,N.L., dela Paz,E.C., Capeding,M.R.Z., Padilla,C.D., Villanueva,S.Y., Hafalla,J.C.R., Hibberd,M.L.",2019-07-04,2025-12-31,ssRNA(+)
PX480319,dengue virus type 2,Orthoflavivirus denguei,2,D19-2044,10723,complete,Philippines,Homo sapiens,blood,"Sy,A.K., Rojas,S.M., Masdin,L., Phelan,J., Polotan,F.G.M., Rojas,F.Q., Quinones,M.A., Bato,J.S., Sucaldito,N.L., dela Paz,E.C., Capeding,M.R.Z., Padilla,C.D., Villanueva,S.Y., Hafalla,J.C.R., Hibberd,M.L.",2019-08-18,2025-12-31,ssRNA(+)
PX480320,dengue virus type 2,Orthoflavivirus denguei,2,D19-2061,10723,complete,Philippines,Homo sapiens,blood,"Sy,A.K., Rojas,S.M., Masdin,L., Phelan,J., Polotan,F.G.M., Rojas,F.Q., Quinones,M.A., Bato,J.S., Sucaldito,N.L., dela Paz,E.C., Capeding,M.R.Z., Padilla,C.D., Villanueva,S.Y., Hafalla,J.C.R., Hibberd,M.L.",2019-08-15,2025-12-31,ssRNA(+)
PX480321,dengue virus type 2,Orthoflavivirus denguei,2,D19-2249,10723,complete,Philippines,Homo sapiens,blood,"Sy,A.K., Rojas,S.M., Masdin,L., Phelan,J., Polotan,F.G.M., Rojas,F.Q., Quinones,M.A., Bato,J.S., Sucaldito,N.L., dela Paz,E.C., Capeding,M.R.Z., Padilla,C.D., Villanueva,S.Y., Hafalla,J.C.R., Hibberd,M.L.",2019-08-28,2025-12-31,ssRNA(+)
PX480322,dengue virus type 2,Orthoflavivirus denguei,2,D19-2324,10723,complete,Philippines,Homo sapiens,blood,"Sy,A.K., Rojas,S.M., Masdin,L., Phelan,J., Polotan,F.G.M., Rojas,F.Q., Quinones,M.A., Bato,J.S., Sucaldito,N.L., dela Paz,E.C., Capeding,M.R.Z., Padilla,C.D., Villanueva,S.Y., Hafalla,J.C.R., Hibberd,M.L.",2019-09-22,2025-12-31,ssRNA(+)
PX480323,dengue virus type 2,Orthoflavivirus denguei,2,D19-2445,10723,complete,Philippines,Homo sapiens,blood,"Sy,A.K., Rojas,S.M., Masdin,L., Phelan,J., Polotan,F.G.M., Rojas,F.Q., Quinones,M.A., Bato,J.S., Sucaldito,N.L., dela Paz,E.C., Capeding,M.R.Z., Padilla,C.D., Villanueva,S.Y., Hafalla,J.C.R., Hibberd,M.L.",2019-10-02,2025-12-31,ssRNA(+)
PX480324,dengue virus type 2,Orthoflavivirus denguei,2,D19-2446,10723,complete,Philippines,Homo sapiens,blood,"Sy,A.K., Rojas,S.M., Masdin,L., Phelan,J., Polotan,F.G.M., Rojas,F.Q., Quinones,M.A., Bato,J.S., Sucaldito,N.L., dela Paz,E.C., Capeding,M.R.Z., Padilla,C.D., Villanueva,S.Y., Hafalla,J.C.R., Hibberd,M.L.",2019-10-06,2025-12-31,ssRNA(+)
PX480325,dengue virus type 2,Orthoflavivirus denguei,2,D19-2535,10723,complete,Philippines,Homo sapiens,blood,"Sy,A.K., Rojas,S.M., Masdin,L., Phelan,J., Polotan,F.G.M., Rojas,F.Q., Quinones,M.A., Bato,J.S., Sucaldito,N.L., dela Paz,E.C., Capeding,M.R.Z., Padilla,C.D., Villanueva,S.Y., Hafalla,J.C.R., Hibberd,M.L.",2019-11-03,2025-12-31,ssRNA(+)
PX480326,dengue virus type 2,Orthoflavivirus denguei,2,D19-2563,10723,complete,Philippines,Homo sapiens,blood,"Sy,A.K., Rojas,S.M., Masdin,L., Phelan,J., Polotan,F.G.M., Rojas,F.Q., Quinones,M.A., Bato,J.S., Sucaldito,N.L., dela Paz,E.C., Capeding,M.R.Z., Padilla,C.D., Villanueva,S.Y., Hafalla,J.C.R., Hibberd,M.L.",2019-10-17,2025-12-31,ssRNA(+)
PX480327,dengue virus type 2,Orthoflavivirus denguei,2,D19-2610,10723,complete,Philippines,Homo sapiens,blood,"Sy,A.K., Rojas,S.M., Masdin,L., Phelan,J., Polotan,F.G.M., Rojas,F.Q., Quinones,M.A., Bato,J.S., Sucaldito,N.L., dela Paz,E.C., Capeding,M.R.Z., Padilla,C.D., Villanueva,S.Y., Hafalla,J.C.R., Hibberd,M.L.",2019-11-18,2025-12-31,ssRNA(+)
PX480328,dengue virus type 2,Orthoflavivirus denguei,2,D19-2620,10723,complete,Philippines,Homo sapiens,blood,"Sy,A.K., Rojas,S.M., Masdin,L., Phelan,J., Polotan,F.G.M., Rojas,F.Q., Quinones,M.A., Bato,J.S., Sucaldito,N.L., dela Paz,E.C., Capeding,M.R.Z., Padilla,C.D., Villanueva,S.Y., Hafalla,J.C.R., Hibberd,M.L.",2019-11-17,2025-12-31,ssRNA(+)
PX480329,dengue virus type 2,Orthoflavivirus denguei,2,D19-2668,10723,complete,Philippines,Homo sapiens,blood,"Sy,A.K., Rojas,S.M., Masdin,L., Phelan,J., Polotan,F.G.M., Rojas,F.Q., Quinones,M.A., Bato,J.S., Sucaldito,N.L., dela Paz,E.C., Capeding,M.R.Z., Padilla,C.D., Villanueva,S.Y., Hafalla,J.C.R., Hibberd,M.L.",2019-11-22,2025-12-31,ssRNA(+)
PX480330,dengue virus type 2,Orthoflavivirus denguei,2,D19-2681,10723,complete,Philippines,Homo sapiens,blood,"Sy,A.K., Rojas,S.M., Masdin,L., Phelan,J., Polotan,F.G.M., Rojas,F.Q., Quinones,M.A., Bato,J.S., Sucaldito,N.L., dela Paz,E.C., Capeding,M.R.Z., Padilla,C.D., Villanueva,S.Y., Hafalla,J.C.R., Hibberd,M.L.",2019-12-01,2025-12-31,ssRNA(+)
PX480331,dengue virus type 2,Orthoflavivirus denguei,2,D21-0290,10723,complete,Philippines,Homo sapiens,blood,"Sy,A.K., Rojas,S.M., Masdin,L., Phelan,J., Polotan,F.G.M., Rojas,F.Q., Quinones,M.A., Bato,J.S., Sucaldito,N.L., dela Paz,E.C., Capeding,M.R.Z., Padilla,C.D., Villanueva,S.Y., Hafalla,J.C.R., Hibberd,M.L.",2021-07-17,2025-12-31,ssRNA(+)
PX480332,dengue virus type 3,Orthoflavivirus denguei,3,D17-0125,10707,complete,Philippines,Homo sapiens,blood,"Sy,A.K., Rojas,S.M., Masdin,L., Phelan,J., Polotan,F.G.M., Rojas,F.Q., Quinones,M.A., Bato,J.S., Sucaldito,N.L., dela Paz,E.C., Capeding,M.R.Z., Padilla,C.D., Villanueva,S.Y., Hafalla,J.C.R., Hibberd,M.L.",2017-01-12,2025-12-31,ssRNA(+)
PX480333,dengue virus type 3,Orthoflavivirus denguei,3,D17-0131,10707,complete,Philippines,Homo sapiens,blood,"Sy,A.K., Rojas,S.M., Masdin,L., Phelan,J., Polotan,F.G.M., Rojas,F.Q., Quinones,M.A., Bato,J.S., Sucaldito,N.L., dela Paz,E.C., Capeding,M.R.Z., Padilla,C.D., Villanueva,S.Y., Hafalla,J.C.R., Hibberd,M.L.",2017-01-03,2025-12-31,ssRNA(+)
PX480334,dengue virus type 3,Orthoflavivirus denguei,3,D17-0442,10707,complete,Philippines,Homo sapiens,blood,"Sy,A.K., Rojas,S.M., Masdin,L., Phelan,J., Polotan,F.G.M., Rojas,F.Q., Quinones,M.A., Bato,J.S., Sucaldito,N.L., dela Paz,E.C., Capeding,M.R.Z., Padilla,C.D., Villanueva,S.Y., Hafalla,J.C.R., Hibberd,M.L.",2017-01-23,2025-12-31,ssRNA(+)
PX480335,dengue virus type 3,Orthoflavivirus denguei,3,D17-0445,10707,complete,Philippines,Homo sapiens,blood,"Sy,A.K., Rojas,S.M., Masdin,L., Phelan,J., Polotan,F.G.M., Rojas,F.Q., Quinones,M.A., Bato,J.S., Sucaldito,N.L., dela Paz,E.C., Capeding,M.R.Z., Padilla,C.D., Villanueva,S.Y., Hafalla,J.C.R., Hibberd,M.L.",2017-01-28,2025-12-31,ssRNA(+)
PX480336,dengue virus type 3,Orthoflavivirus denguei,3,D17-0554,10707,complete,Philippines,Homo sapiens,blood,"Sy,A.K., Rojas,S.M., Masdin,L., Phelan,J., Polotan,F.G.M., Rojas,F.Q., Quinones,M.A., Bato,J.S., Sucaldito,N.L., dela Paz,E.C., Capeding,M.R.Z., Padilla,C.D., Villanueva,S.Y., Hafalla,J.C.R., Hibberd,M.L.",2017-02-08,2025-12-31,ssRNA(+)
PX480337,dengue virus type 3,Orthoflavivirus denguei,3,D17-0764,10707,complete,Philippines,Homo sapiens,blood,"Sy,A.K., Rojas,S.M., Masdin,L., Phelan,J., Polotan,F.G.M., Rojas,F.Q., Quinones,M.A., Bato,J.S., Sucaldito,N.L., dela Paz,E.C., Capeding,M.R.Z., Padilla,C.D., Villanueva,S.Y., Hafalla,J.C.R., Hibberd,M.L.",2017-03-01,2025-12-31,ssRNA(+)
PX480338,dengue virus type 3,Orthoflavivirus denguei,3,D17-1165,10707,complete,Philippines,Homo sapiens,blood,"Sy,A.K., Rojas,S.M., Masdin,L., Phelan,J., Polotan,F.G.M., Rojas,F.Q., Quinones,M.A., Bato,J.S., Sucaldito,N.L., dela Paz,E.C., Capeding,M.R.Z., Padilla,C.D., Villanueva,S.Y., Hafalla,J.C.R., Hibberd,M.L.",2017-05-13,2025-12-31,ssRNA(+)
PX480339,dengue virus type 3,Orthoflavivirus denguei,3,D17-1464,10707,complete,Philippines,Homo sapiens,blood,"Sy,A.K., Rojas,S.M., Masdin,L., Phelan,J., Polotan,F.G.M., Rojas,F.Q., Quinones,M.A., Bato,J.S., Sucaldito,N.L., dela Paz,E.C., Capeding,M.R.Z., Padilla,C.D., Villanueva,S.Y., Hafalla,J.C.R., Hibberd,M.L.",2017-07-01,2025-12-31,ssRNA(+)
PX480340,dengue virus type 3,Orthoflavivirus denguei,3,D17-1642,10707,complete,Philippines,Homo sapiens,blood,"Sy,A.K., Rojas,S.M., Masdin,L., Phelan,J., Polotan,F.G.M., Rojas,F.Q., Quinones,M.A., Bato,J.S., Sucaldito,N.L., dela Paz,E.C., Capeding,M.R.Z., Padilla,C.D., Villanueva,S.Y., Hafalla,J.C.R., Hibberd,M.L.",2017-07-19,2025-12-31,ssRNA(+)
PX480341,dengue virus type 3,Orthoflavivirus denguei,3,D17-1790,10707,complete,Philippines,Homo sapiens,blood,"Sy,A.K., Rojas,S.M., Masdin,L., Phelan,J., Polotan,F.G.M., Rojas,F.Q., Quinones,M.A., Bato,J.S., Sucaldito,N.L., dela Paz,E.C., Capeding,M.R.Z., Padilla,C.D., Villanueva,S.Y., Hafalla,J.C.R., Hibberd,M.L.",2017-07-24,2025-12-31,ssRNA(+)
PX480342,dengue virus type 3,Orthoflavivirus denguei,3,D17-1799,10707,complete,Philippines,Homo sapiens,blood,"Sy,A.K., Rojas,S.M., Masdin,L., Phelan,J., Polotan,F.G.M., Rojas,F.Q., Quinones,M.A., Bato,J.S., Sucaldito,N.L., dela Paz,E.C., Capeding,M.R.Z., Padilla,C.D., Villanueva,S.Y., Hafalla,J.C.R., Hibberd,M.L.",2017-07-28,2025-12-31,ssRNA(+)
PX480343,dengue virus type 3,Orthoflavivirus denguei,3,D17-1829,10707,complete,Philippines,Homo sapiens,blood,"Sy,A.K., Rojas,S.M., Masdin,L., Phelan,J., Polotan,F.G.M., Rojas,F.Q., Quinones,M.A., Bato,J.S., Sucaldito,N.L., dela Paz,E.C., Capeding,M.R.Z., Padilla,C.D., Villanueva,S.Y., Hafalla,J.C.R., Hibberd,M.L.",2017-07-26,2025-12-31,ssRNA(+)
PX480344,dengue virus type 3,Orthoflavivirus denguei,3,D17-1911,10707,complete,Philippines,Homo sapiens,blood,"Sy,A.K., Rojas,S.M., Masdin,L., Phelan,J., Polotan,F.G.M., Rojas,F.Q., Quinones,M.A., Bato,J.S., Sucaldito,N.L., dela Paz,E.C., Capeding,M.R.Z., Padilla,C.D., Villanueva,S.Y., Hafalla,J.C.R., Hibberd,M.L.",2017-06-23,2025-12-31,ssRNA(+)
PX480345,dengue virus type 3,Orthoflavivirus denguei,3,D17-2232,10707,complete,Philippines,Homo sapiens,blood,"Sy,A.K., Rojas,S.M., Masdin,L., Phelan,J., Polotan,F.G.M., Rojas,F.Q., Quinones,M.A., Bato,J.S., Sucaldito,N.L., dela Paz,E.C., Capeding,M.R.Z., Padilla,C.D., Villanueva,S.Y., Hafalla,J.C.R., Hibberd,M.L.",2017-08-17,2025-12-31,ssRNA(+)
PX480346,dengue virus type 3,Orthoflavivirus denguei,3,D17-2265,10707,complete,Philippines,Homo sapiens,blood,"Sy,A.K., Rojas,S.M., Masdin,L., Phelan,J., Polotan,F.G.M., Rojas,F.Q., Quinones,M.A., Bato,J.S., Sucaldito,N.L., dela Paz,E.C., Capeding,M.R.Z., Padilla,C.D., Villanueva,S.Y., Hafalla,J.C.R., Hibberd,M.L.",2017-08-18,2025-12-31,ssRNA(+)
PX480347,dengue virus type 3,Orthoflavivirus denguei,3,D17-3024,10707,complete,Philippines,Homo sapiens,blood,"Sy,A.K., Rojas,S.M., Masdin,L., Phelan,J., Polotan,F.G.M., Rojas,F.Q., Quinones,M.A., Bato,J.S., Sucaldito,N.L., dela Paz,E.C., Capeding,M.R.Z., Padilla,C.D., Villanueva,S.Y., Hafalla,J.C.R., Hibberd,M.L.",2017-10-02,2025-12-31,ssRNA(+)
PX480348,dengue virus type 3,Orthoflavivirus denguei,3,D18-0030,10707,complete,Philippines,Homo sapiens,blood,"Sy,A.K., Rojas,S.M., Masdin,L., Phelan,J., Polotan,F.G.M., Rojas,F.Q., Quinones,M.A., Bato,J.S., Sucaldito,N.L., dela Paz,E.C., Capeding,M.R.Z., Padilla,C.D., Villanueva,S.Y., Hafalla,J.C.R., Hibberd,M.L.",2017-12-28,2025-12-31,ssRNA(+)
PX480349,dengue virus type 3,Orthoflavivirus denguei,3,D18-0052,10707,complete,Philippines,Homo sapiens,blood,"Sy,A.K., Rojas,S.M., Masdin,L., Phelan,J., Polotan,F.G.M., Rojas,F.Q., Quinones,M.A., Bato,J.S., Sucaldito,N.L., dela Paz,E.C., Capeding,M.R.Z., Padilla,C.D., Villanueva,S.Y., Hafalla,J.C.R., Hibberd,M.L.",2018-01-02,2025-12-31,ssRNA(+)
PX480350,dengue virus type 3,Orthoflavivirus denguei,3,D18-0064,10707,complete,Philippines,Homo sapiens,blood,"Sy,A.K., Rojas,S.M., Masdin,L., Phelan,J., Polotan,F.G.M., Rojas,F.Q., Quinones,M.A., Bato,J.S., Sucaldito,N.L., dela Paz,E.C., Capeding,M.R.Z., Padilla,C.D., Villanueva,S.Y., Hafalla,J.C.R., Hibberd,M.L.",2018-01-02,2025-12-31,ssRNA(+)
PX480351,dengue virus type 3,Orthoflavivirus denguei,3,D18-0169,10707,complete,Philippines,Homo sapiens,blood,"Sy,A.K., Rojas,S.M., Masdin,L., Phelan,J., Polotan,F.G.M., Rojas,F.Q., Quinones,M.A., Bato,J.S., Sucaldito,N.L., dela Paz,E.C., Capeding,M.R.Z., Padilla,C.D., Villanueva,S.Y., Hafalla,J.C.R., Hibberd,M.L.",2018-01-16,2025-12-31,ssRNA(+)
PX480352,dengue virus type 3,Orthoflavivirus denguei,3,D18-0200,10707,complete,Philippines,Homo sapiens,blood,"Sy,A.K., Rojas,S.M., Masdin,L., Phelan,J., Polotan,F.G.M., Rojas,F.Q., Quinones,M.A., Bato,J.S., Sucaldito,N.L., dela Paz,E.C., Capeding,M.R.Z., Padilla,C.D., Villanueva,S.Y., Hafalla,J.C.R., Hibberd,M.L.",2018-01-22,2025-12-31,ssRNA(+)
PX480353,dengue virus type 3,Orthoflavivirus denguei,3,D18-0361,10707,complete,Philippines,Homo sapiens,blood,"Sy,A.K., Rojas,S.M., Masdin,L., Phelan,J., Polotan,F.G.M., Rojas,F.Q., Quinones,M.A., Bato,J.S., Sucaldito,N.L., dela Paz,E.C., Capeding,M.R.Z., Padilla,C.D., Villanueva,S.Y., Hafalla,J.C.R., Hibberd,M.L.",2018-03-15,2025-12-31,ssRNA(+)
PX480354,dengue virus type 3,Orthoflavivirus denguei,3,D18-0403,10707,complete,Philippines,Homo sapiens,blood,"Sy,A.K., Rojas,S.M., Masdin,L., Phelan,J., Polotan,F.G.M., Rojas,F.Q., Quinones,M.A., Bato,J.S., Sucaldito,N.L., dela Paz,E.C., Capeding,M.R.Z., Padilla,C.D., Villanueva,S.Y., Hafalla,J.C.R., Hibberd,M.L.",2018-04-01,2025-12-31,ssRNA(+)
PX480355,dengue virus type 3,Orthoflavivirus denguei,3,D18-0457,10707,complete,Philippines,Homo sapiens,blood,"Sy,A.K., Rojas,S.M., Masdin,L., Phelan,J., Polotan,F.G.M., Rojas,F.Q., Quinones,M.A., Bato,J.S., Sucaldito,N.L., dela Paz,E.C., Capeding,M.R.Z., Padilla,C.D., Villanueva,S.Y., Hafalla,J.C.R., Hibberd,M.L.",2018-04-24,2025-12-31,ssRNA(+)
PX480356,dengue virus type 3,Orthoflavivirus denguei,3,D18-0515,10707,complete,Philippines,Homo sapiens,blood,"Sy,A.K., Rojas,S.M., Masdin,L., Phelan,J., Polotan,F.G.M., Rojas,F.Q., Quinones,M.A., Bato,J.S., Sucaldito,N.L., dela Paz,E.C., Capeding,M.R.Z., Padilla,C.D., Villanueva,S.Y., Hafalla,J.C.R., Hibberd,M.L.",2018-05-22,2025-12-31,ssRNA(+)
PX480357,dengue virus type 3,Orthoflavivirus denguei,3,D18-0775,10707,complete,Philippines,Homo sapiens,blood,"Sy,A.K., Rojas,S.M., Masdin,L., Phelan,J., Polotan,F.G.M., Rojas,F.Q., Quinones,M.A., Bato,J.S., Sucaldito,N.L., dela Paz,E.C., Capeding,M.R.Z., Padilla,C.D., Villanueva,S.Y., Hafalla,J.C.R., Hibberd,M.L.",2018-05-14,2025-12-31,ssRNA(+)
PX480358,dengue virus type 3,Orthoflavivirus denguei,3,D18-0822,10707,complete,Philippines,Homo sapiens,blood,"Sy,A.K., Rojas,S.M., Masdin,L., Phelan,J., Polotan,F.G.M., Rojas,F.Q., Quinones,M.A., Bato,J.S., Sucaldito,N.L., dela Paz,E.C., Capeding,M.R.Z., Padilla,C.D., Villanueva,S.Y., Hafalla,J.C.R., Hibberd,M.L.",2018-06-08,2025-12-31,ssRNA(+)
PX480359,dengue virus type 3,Orthoflavivirus denguei,3,D18-0978,10707,complete,Philippines,Homo sapiens,blood,"Sy,A.K., Rojas,S.M., Masdin,L., Phelan,J., Polotan,F.G.M., Rojas,F.Q., Quinones,M.A., Bato,J.S., Sucaldito,N.L., dela Paz,E.C., Capeding,M.R.Z., Padilla,C.D., Villanueva,S.Y., Hafalla,J.C.R., Hibberd,M.L.",2018-06-22,2025-12-31,ssRNA(+)
PX480360,dengue virus type 3,Orthoflavivirus denguei,3,D18-0989,10707,complete,Philippines,Homo sapiens,blood,"Sy,A.K., Rojas,S.M., Masdin,L., Phelan,J., Polotan,F.G.M., Rojas,F.Q., Quinones,M.A., Bato,J.S., Sucaldito,N.L., dela Paz,E.C., Capeding,M.R.Z., Padilla,C.D., Villanueva,S.Y., Hafalla,J.C.R., Hibberd,M.L.",2018-06-17,2025-12-31,ssRNA(+)
PX480361,dengue virus type 3,Orthoflavivirus denguei,3,D18-1202,10707,complete,Philippines,Homo sapiens,blood,"Sy,A.K., Rojas,S.M., Masdin,L., Phelan,J., Polotan,F.G.M., Rojas,F.Q., Quinones,M.A., Bato,J.S., Sucaldito,N.L., dela Paz,E.C., Capeding,M.R.Z., Padilla,C.D., Villanueva,S.Y., Hafalla,J.C.R., Hibberd,M.L.",2018-07-19,2025-12-31,ssRNA(+)
PX480362,dengue virus type 3,Orthoflavivirus denguei,3,D18-1315,10707,complete,Philippines,Homo sapiens,blood,"Sy,A.K., Rojas,S.M., Masdin,L., Phelan,J., Polotan,F.G.M., Rojas,F.Q., Quinones,M.A., Bato,J.S., Sucaldito,N.L., dela Paz,E.C., Capeding,M.R.Z., Padilla,C.D., Villanueva,S.Y., Hafalla,J.C.R., Hibberd,M.L.",2018-07-30,2025-12-31,ssRNA(+)
PX480363,dengue virus type 3,Orthoflavivirus denguei,3,D18-1342,10707,complete,Philippines,Homo sapiens,blood,"Sy,A.K., Rojas,S.M., Masdin,L., Phelan,J., Polotan,F.G.M., Rojas,F.Q., Quinones,M.A., Bato,J.S., Sucaldito,N.L., dela Paz,E.C., Capeding,M.R.Z., Padilla,C.D., Villanueva,S.Y., Hafalla,J.C.R., Hibberd,M.L.",2018-07-12,2025-12-31,ssRNA(+)
PX480364,dengue virus type 3,Orthoflavivirus denguei,3,D18-1361,10707,complete,Philippines,Homo sapiens,blood,"Sy,A.K., Rojas,S.M., Masdin,L., Phelan,J., Polotan,F.G.M., Rojas,F.Q., Quinones,M.A., Bato,J.S., Sucaldito,N.L., dela Paz,E.C., Capeding,M.R.Z., Padilla,C.D., Villanueva,S.Y., Hafalla,J.C.R., Hibberd,M.L.",2018-08-04,2025-12-31,ssRNA(+)
PX480365,dengue virus type 3,Orthoflavivirus denguei,3,D18-1380,10707,complete,Philippines,Homo sapiens,blood,"Sy,A.K., Rojas,S.M., Masdin,L., Phelan,J., Polotan,F.G.M., Rojas,F.Q., Quinones,M.A., Bato,J.S., Sucaldito,N.L., dela Paz,E.C., Capeding,M.R.Z., Padilla,C.D., Villanueva,S.Y., Hafalla,J.C.R., Hibberd,M.L.",2018-08-08,2025-12-31,ssRNA(+)
PX480366,dengue virus type 3,Orthoflavivirus denguei,3,D18-1658,10707,complete,Philippines,Homo sapiens,blood,"Sy,A.K., Rojas,S.M., Masdin,L., Phelan,J., Polotan,F.G.M., Rojas,F.Q., Quinones,M.A., Bato,J.S., Sucaldito,N.L., dela Paz,E.C., Capeding,M.R.Z., Padilla,C.D., Villanueva,S.Y., Hafalla,J.C.R., Hibberd,M.L.",2018-06-25,2025-12-31,ssRNA(+)
PX480367,dengue virus type 3,Orthoflavivirus denguei,3,D18-1684,10707,complete,Philippines,Homo sapiens,blood,"Sy,A.K., Rojas,S.M., Masdin,L., Phelan,J., Polotan,F.G.M., Rojas,F.Q., Quinones,M.A., Bato,J.S., Sucaldito,N.L., dela Paz,E.C., Capeding,M.R.Z., Padilla,C.D., Villanueva,S.Y., Hafalla,J.C.R., Hibberd,M.L.",2018-08-22,2025-12-31,ssRNA(+)
PX480368,dengue virus type 3,Orthoflavivirus denguei,3,D18-1697,10707,complete,Philippines,Homo sapiens,blood,"Sy,A.K., Rojas,S.M., Masdin,L., Phelan,J., Polotan,F.G.M., Rojas,F.Q., Quinones,M.A., Bato,J.S., Sucaldito,N.L., dela Paz,E.C., Capeding,M.R.Z., Padilla,C.D., Villanueva,S.Y., Hafalla,J.C.R., Hibberd,M.L.",2018-08-19,2025-12-31,ssRNA(+)
PX480369,dengue virus type 3,Orthoflavivirus denguei,3,D18-1932,10707,complete,Philippines,Homo sapiens,blood,"Sy,A.K., Rojas,S.M., Masdin,L., Phelan,J., Polotan,F.G.M., Rojas,F.Q., Quinones,M.A., Bato,J.S., Sucaldito,N.L., dela Paz,E.C., Capeding,M.R.Z., Padilla,C.D., Villanueva,S.Y., Hafalla,J.C.R., Hibberd,M.L.",2018-07-08,2025-12-31,ssRNA(+)
PX480370,dengue virus type 3,Orthoflavivirus denguei,3,D18-1986,10707,complete,Philippines,Homo sapiens,blood,"Sy,A.K., Rojas,S.M., Masdin,L., Phelan,J., Polotan,F.G.M., Rojas,F.Q., Quinones,M.A., Bato,J.S., Sucaldito,N.L., dela Paz,E.C., Capeding,M.R.Z., Padilla,C.D., Villanueva,S.Y., Hafalla,J.C.R., Hibberd,M.L.",2018-09-01,2025-12-31,ssRNA(+)
PX480371,dengue virus type 3,Orthoflavivirus denguei,3,D18-1991,10707,complete,Philippines,Homo sapiens,blood,"Sy,A.K., Rojas,S.M., Masdin,L., Phelan,J., Polotan,F.G.M., Rojas,F.Q., Quinones,M.A., Bato,J.S., Sucaldito,N.L., dela Paz,E.C., Capeding,M.R.Z., Padilla,C.D., Villanueva,S.Y., Hafalla,J.C.R., Hibberd,M.L.",2018-08-28,2025-12-31,ssRNA(+)
PX480372,dengue virus type 3,Orthoflavivirus denguei,3,D18-1993,10707,complete,Philippines,Homo sapiens,blood,"Sy,A.K., Rojas,S.M., Masdin,L., Phelan,J., Polotan,F.G.M., Rojas,F.Q., Quinones,M.A., Bato,J.S., Sucaldito,N.L., dela Paz,E.C., Capeding,M.R.Z., Padilla,C.D., Villanueva,S.Y., Hafalla,J.C.R., Hibberd,M.L.",2018-08-28,2025-12-31,ssRNA(+)
PX480373,dengue virus type 3,Orthoflavivirus denguei,3,D18-1999,10707,complete,Philippines,Homo sapiens,blood,"Sy,A.K., Rojas,S.M., Masdin,L., Phelan,J., Polotan,F.G.M., Rojas,F.Q., Quinones,M.A., Bato,J.S., Sucaldito,N.L., dela Paz,E.C., Capeding,M.R.Z., Padilla,C.D., Villanueva,S.Y., Hafalla,J.C.R., Hibberd,M.L.",2018-08-28,2025-12-31,ssRNA(+)
PX480374,dengue virus type 3,Orthoflavivirus denguei,3,D18-2001,10707,complete,Philippines,Homo sapiens,blood,"Sy,A.K., Rojas,S.M., Masdin,L., Phelan,J., Polotan,F.G.M., Rojas,F.Q., Quinones,M.A., Bato,J.S., Sucaldito,N.L., dela Paz,E.C., Capeding,M.R.Z., Padilla,C.D., Villanueva,S.Y., Hafalla,J.C.R., Hibberd,M.L.",2018-08-28,2025-12-31,ssRNA(+)
PX480375,dengue virus type 3,Orthoflavivirus denguei,3,D18-2287,10707,complete,Philippines,Homo sapiens,blood,"Sy,A.K., Rojas,S.M., Masdin,L., Phelan,J., Polotan,F.G.M., Rojas,F.Q., Quinones,M.A., Bato,J.S., Sucaldito,N.L., dela Paz,E.C., Capeding,M.R.Z., Padilla,C.D., Villanueva,S.Y., Hafalla,J.C.R., Hibberd,M.L.",2018-09-16,2025-12-31,ssRNA(+)
PX480376,dengue virus type 3,Orthoflavivirus denguei,3,D18-2291,10707,complete,Philippines,Homo sapiens,blood,"Sy,A.K., Rojas,S.M., Masdin,L., Phelan,J., Polotan,F.G.M., Rojas,F.Q., Quinones,M.A., Bato,J.S., Sucaldito,N.L., dela Paz,E.C., Capeding,M.R.Z., Padilla,C.D., Villanueva,S.Y., Hafalla,J.C.R., Hibberd,M.L.",2018-09-18,2025-12-31,ssRNA(+)
PX480377,dengue virus type 3,Orthoflavivirus denguei,3,D18-2300,10707,complete,Philippines,Homo sapiens,blood,"Sy,A.K., Rojas,S.M., Masdin,L., Phelan,J., Polotan,F.G.M., Rojas,F.Q., Quinones,M.A., Bato,J.S., Sucaldito,N.L., dela Paz,E.C., Capeding,M.R.Z., Padilla,C.D., Villanueva,S.Y., Hafalla,J.C.R., Hibberd,M.L.",2018-09-18,2025-12-31,ssRNA(+)
PX480378,dengue virus type 3,Orthoflavivirus denguei,3,D18-2384,10707,complete,Philippines,Homo sapiens,blood,"Sy,A.K., Rojas,S.M., Masdin,L., Phelan,J., Polotan,F.G.M., Rojas,F.Q., Quinones,M.A., Bato,J.S., Sucaldito,N.L., dela Paz,E.C., Capeding,M.R.Z., Padilla,C.D., Villanueva,S.Y., Hafalla,J.C.R., Hibberd,M.L.",2018-09-10,2025-12-31,ssRNA(+)
PX480379,dengue virus type 3,Orthoflavivirus denguei,3,D18-2531,10707,complete,Philippines,Homo sapiens,blood,"Sy,A.K., Rojas,S.M., Masdin,L., Phelan,J., Polotan,F.G.M., Rojas,F.Q., Quinones,M.A., Bato,J.S., Sucaldito,N.L., dela Paz,E.C., Capeding,M.R.Z., Padilla,C.D., Villanueva,S.Y., Hafalla,J.C.R., Hibberd,M.L.",2018-09-17,2025-12-31,ssRNA(+)
PX480380,dengue virus type 3,Orthoflavivirus denguei,3,D18-2582,10707,complete,Philippines,Homo sapiens,blood,"Sy,A.K., Rojas,S.M., Masdin,L., Phelan,J., Polotan,F.G.M., Rojas,F.Q., Quinones,M.A., Bato,J.S., Sucaldito,N.L., dela Paz,E.C., Capeding,M.R.Z., Padilla,C.D., Villanueva,S.Y., Hafalla,J.C.R., Hibberd,M.L.",2018-09-22,2025-12-31,ssRNA(+)
PX480381,dengue virus type 3,Orthoflavivirus denguei,3,D18-2787,10707,complete,Philippines,Homo sapiens,blood,"Sy,A.K., Rojas,S.M., Masdin,L., Phelan,J., Polotan,F.G.M., Rojas,F.Q., Quinones,M.A., Bato,J.S., Sucaldito,N.L., dela Paz,E.C., Capeding,M.R.Z., Padilla,C.D., Villanueva,S.Y., Hafalla,J.C.R., Hibberd,M.L.",2018-10-15,2025-12-31,ssRNA(+)
PX480382,dengue virus type 3,Orthoflavivirus denguei,3,D18-2841,10707,complete,Philippines,Homo sapiens,blood,"Sy,A.K., Rojas,S.M., Masdin,L., Phelan,J., Polotan,F.G.M., Rojas,F.Q., Quinones,M.A., Bato,J.S., Sucaldito,N.L., dela Paz,E.C., Capeding,M.R.Z., Padilla,C.D., Villanueva,S.Y., Hafalla,J.C.R., Hibberd,M.L.",2018-10-21,2025-12-31,ssRNA(+)
PX480383,dengue virus type 3,Orthoflavivirus denguei,3,D18-2883,10707,complete,Philippines,Homo sapiens,blood,"Sy,A.K., Rojas,S.M., Masdin,L., Phelan,J., Polotan,F.G.M., Rojas,F.Q., Quinones,M.A., Bato,J.S., Sucaldito,N.L., dela Paz,E.C., Capeding,M.R.Z., Padilla,C.D., Villanueva,S.Y., Hafalla,J.C.R., Hibberd,M.L.",2018-10-22,2025-12-31,ssRNA(+)
PX480384,dengue virus type 3,Orthoflavivirus denguei,3,D18-2897,10707,complete,Philippines,Homo sapiens,blood,"Sy,A.K., Rojas,S.M., Masdin,L., Phelan,J., Polotan,F.G.M., Rojas,F.Q., Quinones,M.A., Bato,J.S., Sucaldito,N.L., dela Paz,E.C., Capeding,M.R.Z., Padilla,C.D., Villanueva,S.Y., Hafalla,J.C.R., Hibberd,M.L.",2018-11-05,2025-12-31,ssRNA(+)
PX480385,dengue virus type 3,Orthoflavivirus denguei,3,D18-2954,10707,complete,Philippines,Homo sapiens,blood,"Sy,A.K., Rojas,S.M., Masdin,L., Phelan,J., Polotan,F.G.M., Rojas,F.Q., Quinones,M.A., Bato,J.S., Sucaldito,N.L., dela Paz,E.C., Capeding,M.R.Z., Padilla,C.D., Villanueva,S.Y., Hafalla,J.C.R., Hibberd,M.L.",2018-11-08,2025-12-31,ssRNA(+)
PX480386,dengue virus type 3,Orthoflavivirus denguei,3,D18-3076,10707,complete,Philippines,Homo sapiens,blood,"Sy,A.K., Rojas,S.M., Masdin,L., Phelan,J., Polotan,F.G.M., Rojas,F.Q., Quinones,M.A., Bato,J.S., Sucaldito,N.L., dela Paz,E.C., Capeding,M.R.Z., Padilla,C.D., Villanueva,S.Y., Hafalla,J.C.R., Hibberd,M.L.",2018-11-11,2025-12-31,ssRNA(+)
PX480387,dengue virus type 3,Orthoflavivirus denguei,3,D18-3077,10707,complete,Philippines,Homo sapiens,blood,"Sy,A.K., Rojas,S.M., Masdin,L., Phelan,J., Polotan,F.G.M., Rojas,F.Q., Quinones,M.A., Bato,J.S., Sucaldito,N.L., dela Paz,E.C., Capeding,M.R.Z., Padilla,C.D., Villanueva,S.Y., Hafalla,J.C.R., Hibberd,M.L.",2018-11-15,2025-12-31,ssRNA(+)
PX480388,dengue virus type 3,Orthoflavivirus denguei,3,D18-3282,10707,complete,Philippines,Homo sapiens,blood,"Sy,A.K., Rojas,S.M., Masdin,L., Phelan,J., Polotan,F.G.M., Rojas,F.Q., Quinones,M.A., Bato,J.S., Sucaldito,N.L., dela Paz,E.C., Capeding,M.R.Z., Padilla,C.D., Villanueva,S.Y., Hafalla,J.C.R., Hibberd,M.L.",2018-11-21,2025-12-31,ssRNA(+)
PX480389,dengue virus type 3,Orthoflavivirus denguei,3,D18-3322,10707,complete,Philippines,Homo sapiens,blood,"Sy,A.K., Rojas,S.M., Masdin,L., Phelan,J., Polotan,F.G.M., Rojas,F.Q., Quinones,M.A., Bato,J.S., Sucaldito,N.L., dela Paz,E.C., Capeding,M.R.Z., Padilla,C.D., Villanueva,S.Y., Hafalla,J.C.R., Hibberd,M.L.",2018-12-14,2025-12-31,ssRNA(+)
PX480390,dengue virus type 3,Orthoflavivirus denguei,3,D18-3368,10707,complete,Philippines,Homo sapiens,blood,"Sy,A.K., Rojas,S.M., Masdin,L., Phelan,J., Polotan,F.G.M., Rojas,F.Q., Quinones,M.A., Bato,J.S., Sucaldito,N.L., dela Paz,E.C., Capeding,M.R.Z., Padilla,C.D., Villanueva,S.Y., Hafalla,J.C.R., Hibberd,M.L.",2018-11-22,2025-12-31,ssRNA(+)
PX480391,dengue virus type 3,Orthoflavivirus denguei,3,D19-0021,10707,complete,Philippines,Homo sapiens,blood,"Sy,A.K., Rojas,S.M., Masdin,L., Phelan,J., Polotan,F.G.M., Rojas,F.Q., Quinones,M.A., Bato,J.S., Sucaldito,N.L., dela Paz,E.C., Capeding,M.R.Z., Padilla,C.D., Villanueva,S.Y., Hafalla,J.C.R., Hibberd,M.L.",2018-12-18,2025-12-31,ssRNA(+)
PX480392,dengue virus type 3,Orthoflavivirus denguei,3,D19-0113,10707,complete,Philippines,Homo sapiens,blood,"Sy,A.K., Rojas,S.M., Masdin,L., Phelan,J., Polotan,F.G.M., Rojas,F.Q., Quinones,M.A., Bato,J.S., Sucaldito,N.L., dela Paz,E.C., Capeding,M.R.Z., Padilla,C.D., Villanueva,S.Y., Hafalla,J.C.R., Hibberd,M.L.",2019-01-08,2025-12-31,ssRNA(+)
PX480393,dengue virus type 3,Orthoflavivirus denguei,3,D19-0140,10707,complete,Philippines,Homo sapiens,blood,"Sy,A.K., Rojas,S.M., Masdin,L., Phelan,J., Polotan,F.G.M., Rojas,F.Q., Quinones,M.A., Bato,J.S., Sucaldito,N.L., dela Paz,E.C., Capeding,M.R.Z., Padilla,C.D., Villanueva,S.Y., Hafalla,J.C.R., Hibberd,M.L.",2019-01-03,2025-12-31,ssRNA(+)
PX480394,dengue virus type 3,Orthoflavivirus denguei,3,D19-0141,10707,complete,Philippines,Homo sapiens,blood,"Sy,A.K., Rojas,S.M., Masdin,L., Phelan,J., Polotan,F.G.M., Rojas,F.Q., Quinones,M.A., Bato,J.S., Sucaldito,N.L., dela Paz,E.C., Capeding,M.R.Z., Padilla,C.D., Villanueva,S.Y., Hafalla,J.C.R., Hibberd,M.L.",2019-01-04,2025-12-31,ssRNA(+)
PX480395,dengue virus type 3,Orthoflavivirus denguei,3,D19-0142,10707,complete,Philippines,Homo sapiens,blood,"Sy,A.K., Rojas,S.M., Masdin,L., Phelan,J., Polotan,F.G.M., Rojas,F.Q., Quinones,M.A., Bato,J.S., Sucaldito,N.L., dela Paz,E.C., Capeding,M.R.Z., Padilla,C.D., Villanueva,S.Y., Hafalla,J.C.R., Hibberd,M.L.",2019-01-04,2025-12-31,ssRNA(+)
PX480396,dengue virus type 3,Orthoflavivirus denguei,3,D19-0332,10707,complete,Philippines,Homo sapiens,blood,"Sy,A.K., Rojas,S.M., Masdin,L., Phelan,J., Polotan,F.G.M., Rojas,F.Q., Quinones,M.A., Bato,J.S., Sucaldito,N.L., dela Paz,E.C., Capeding,M.R.Z., Padilla,C.D., Villanueva,S.Y., Hafalla,J.C.R., Hibberd,M.L.",2018-12-18,2025-12-31,ssRNA(+)
PX480397,dengue virus type 3,Orthoflavivirus denguei,3,D19-0337,10707,complete,Philippines,Homo sapiens,blood,"Sy,A.K., Rojas,S.M., Masdin,L., Phelan,J., Polotan,F.G.M., Rojas,F.Q., Quinones,M.A., Bato,J.S., Sucaldito,N.L., dela Paz,E.C., Capeding,M.R.Z., Padilla,C.D., Villanueva,S.Y., Hafalla,J.C.R., Hibberd,M.L.",2019-01-16,2025-12-31,ssRNA(+)
PX480398,dengue virus type 3,Orthoflavivirus denguei,3,D19-0447,10707,complete,Philippines,Homo sapiens,blood,"Sy,A.K., Rojas,S.M., Masdin,L., Phelan,J., Polotan,F.G.M., Rojas,F.Q., Quinones,M.A., Bato,J.S., Sucaldito,N.L., dela Paz,E.C., Capeding,M.R.Z., Padilla,C.D., Villanueva,S.Y., Hafalla,J.C.R., Hibberd,M.L.",2018-11-29,2025-12-31,ssRNA(+)
PX480399,dengue virus type 3,Orthoflavivirus denguei,3,D19-0558,10707,complete,Philippines,Homo sapiens,blood,"Sy,A.K., Rojas,S.M., Masdin,L., Phelan,J., Polotan,F.G.M., Rojas,F.Q., Quinones,M.A., Bato,J.S., Sucaldito,N.L., dela Paz,E.C., Capeding,M.R.Z., Padilla,C.D., Villanueva,S.Y., Hafalla,J.C.R., Hibberd,M.L.",2019-01-29,2025-12-31,ssRNA(+)
PX480400,dengue virus type 3,Orthoflavivirus denguei,3,D19-0559,10707,complete,Philippines,Homo sapiens,blood,"Sy,A.K., Rojas,S.M., Masdin,L., Phelan,J., Polotan,F.G.M., Rojas,F.Q., Quinones,M.A., Bato,J.S., Sucaldito,N.L., dela Paz,E.C., Capeding,M.R.Z., Padilla,C.D., Villanueva,S.Y., Hafalla,J.C.R., Hibberd,M.L.",2019-01-29,2025-12-31,ssRNA(+)
PX480401,dengue virus type 3,Orthoflavivirus denguei,3,D19-1094,10707,complete,Philippines,Homo sapiens,blood,"Sy,A.K., Rojas,S.M., Masdin,L., Phelan,J., Polotan,F.G.M., Rojas,F.Q., Quinones,M.A., Bato,J.S., Sucaldito,N.L., dela Paz,E.C., Capeding,M.R.Z., Padilla,C.D., Villanueva,S.Y., Hafalla,J.C.R., Hibberd,M.L.",2019-04-26,2025-12-31,ssRNA(+)
PX480402,dengue virus type 3,Orthoflavivirus denguei,3,D19-1103,10707,complete,Philippines,Homo sapiens,blood,"Sy,A.K., Rojas,S.M., Masdin,L., Phelan,J., Polotan,F.G.M., Rojas,F.Q., Quinones,M.A., Bato,J.S., Sucaldito,N.L., dela Paz,E.C., Capeding,M.R.Z., Padilla,C.D., Villanueva,S.Y., Hafalla,J.C.R., Hibberd,M.L.",2019-04-17,2025-12-31,ssRNA(+)
PX480403,dengue virus type 3,Orthoflavivirus denguei,3,D19-1287,10707,complete,Philippines,Homo sapiens,blood,"Sy,A.K., Rojas,S.M., Masdin,L., Phelan,J., Polotan,F.G.M., Rojas,F.Q., Quinones,M.A., Bato,J.S., Sucaldito,N.L., dela Paz,E.C., Capeding,M.R.Z., Padilla,C.D., Villanueva,S.Y., Hafalla,J.C.R., Hibberd,M.L.",2019-05-24,2025-12-31,ssRNA(+)
PX480404,dengue virus type 3,Orthoflavivirus denguei,3,D19-1530,10707,complete,Philippines,Homo sapiens,blood,"Sy,A.K., Rojas,S.M., Masdin,L., Phelan,J., Polotan,F.G.M., Rojas,F.Q., Quinones,M.A., Bato,J.S., Sucaldito,N.L., dela Paz,E.C., Capeding,M.R.Z., Padilla,C.D., Villanueva,S.Y., Hafalla,J.C.R., Hibberd,M.L.",2019-06-18,2025-12-31,ssRNA(+)
PX480405,dengue virus type 3,Orthoflavivirus denguei,3,D19-1831,10707,complete,Philippines,Homo sapiens,blood,"Sy,A.K., Rojas,S.M., Masdin,L., Phelan,J., Polotan,F.G.M., Rojas,F.Q., Quinones,M.A., Bato,J.S., Sucaldito,N.L., dela Paz,E.C., Capeding,M.R.Z., Padilla,C.D., Villanueva,S.Y., Hafalla,J.C.R., Hibberd,M.L.",2019-07-02,2025-12-31,ssRNA(+)
PX480406,dengue virus type 3,Orthoflavivirus denguei,3,D19-1861,10707,complete,Philippines,Homo sapiens,blood,"Sy,A.K., Rojas,S.M., Masdin,L., Phelan,J., Polotan,F.G.M., Rojas,F.Q., Quinones,M.A., Bato,J.S., Sucaldito,N.L., dela Paz,E.C., Capeding,M.R.Z., Padilla,C.D., Villanueva,S.Y., Hafalla,J.C.R., Hibberd,M.L.",2019-07-03,2025-12-31,ssRNA(+)
PX480407,dengue virus type 3,Orthoflavivirus denguei,3,D19-1871,10707,complete,Philippines,Homo sapiens,blood,"Sy,A.K., Rojas,S.M., Masdin,L., Phelan,J., Polotan,F.G.M., Rojas,F.Q., Quinones,M.A., Bato,J.S., Sucaldito,N.L., dela Paz,E.C., Capeding,M.R.Z., Padilla,C.D., Villanueva,S.Y., Hafalla,J.C.R., Hibberd,M.L.",2019-07-10,2025-12-31,ssRNA(+)
PX480408,dengue virus type 3,Orthoflavivirus denguei,3,D19-1896,10707,complete,Philippines,Homo sapiens,blood,"Sy,A.K., Rojas,S.M., Masdin,L., Phelan,J., Polotan,F.G.M., Rojas,F.Q., Quinones,M.A., Bato,J.S., Sucaldito,N.L., dela Paz,E.C., Capeding,M.R.Z., Padilla,C.D., Villanueva,S.Y., Hafalla,J.C.R., Hibberd,M.L.",2019-07-08,2025-12-31,ssRNA(+)
PX480409,dengue virus type 3,Orthoflavivirus denguei,3,D19-1897,10707,complete,Philippines,Homo sapiens,blood,"Sy,A.K., Rojas,S.M., Masdin,L., Phelan,J., Polotan,F.G.M., Rojas,F.Q., Quinones,M.A., Bato,J.S., Sucaldito,N.L., dela Paz,E.C., Capeding,M.R.Z., Padilla,C.D., Villanueva,S.Y., Hafalla,J.C.R., Hibberd,M.L.",2019-07-08,2025-12-31,ssRNA(+)
PX480410,dengue virus type 3,Orthoflavivirus denguei,3,D19-1898,10707,complete,Philippines,Homo sapiens,blood,"Sy,A.K., Rojas,S.M., Masdin,L., Phelan,J., Polotan,F.G.M., Rojas,F.Q., Quinones,M.A., Bato,J.S., Sucaldito,N.L., dela Paz,E.C., Capeding,M.R.Z., Padilla,C.D., Villanueva,S.Y., Hafalla,J.C.R., Hibberd,M.L.",2019-07-14,2025-12-31,ssRNA(+)
PX480411,dengue virus type 3,Orthoflavivirus denguei,3,D19-1950,10707,complete,Philippines,Homo sapiens,blood,"Sy,A.K., Rojas,S.M., Masdin,L., Phelan,J., Polotan,F.G.M., Rojas,F.Q., Quinones,M.A., Bato,J.S., Sucaldito,N.L., dela Paz,E.C., Capeding,M.R.Z., Padilla,C.D., Villanueva,S.Y., Hafalla,J.C.R., Hibberd,M.L.",2019-07-09,2025-12-31,ssRNA(+)
PX480412,dengue virus type 3,Orthoflavivirus denguei,3,D19-1951,10707,complete,Philippines,Homo sapiens,blood,"Sy,A.K., Rojas,S.M., Masdin,L., Phelan,J., Polotan,F.G.M., Rojas,F.Q., Quinones,M.A., Bato,J.S., Sucaldito,N.L., dela Paz,E.C., Capeding,M.R.Z., Padilla,C.D., Villanueva,S.Y., Hafalla,J.C.R., Hibberd,M.L.",2019-07-11,2025-12-31,ssRNA(+)
PX480413,dengue virus type 3,Orthoflavivirus denguei,3,D19-1963,10707,complete,Philippines,Homo sapiens,blood,"Sy,A.K., Rojas,S.M., Masdin,L., Phelan,J., Polotan,F.G.M., Rojas,F.Q., Quinones,M.A., Bato,J.S., Sucaldito,N.L., dela Paz,E.C., Capeding,M.R.Z., Padilla,C.D., Villanueva,S.Y., Hafalla,J.C.R., Hibberd,M.L.",2019-07-28,2025-12-31,ssRNA(+)
PX480414,dengue virus type 3,Orthoflavivirus denguei,3,D19-1964,10707,complete,Philippines,Homo sapiens,blood,"Sy,A.K., Rojas,S.M., Masdin,L., Phelan,J., Polotan,F.G.M., Rojas,F.Q., Quinones,M.A., Bato,J.S., Sucaldito,N.L., dela Paz,E.C., Capeding,M.R.Z., Padilla,C.D., Villanueva,S.Y., Hafalla,J.C.R., Hibberd,M.L.",2019-07-29,2025-12-31,ssRNA(+)
PX480415,dengue virus type 3,Orthoflavivirus denguei,3,D19-1974,10707,complete,Philippines,Homo sapiens,blood,"Sy,A.K., Rojas,S.M., Masdin,L., Phelan,J., Polotan,F.G.M., Rojas,F.Q., Quinones,M.A., Bato,J.S., Sucaldito,N.L., dela Paz,E.C., Capeding,M.R.Z., Padilla,C.D., Villanueva,S.Y., Hafalla,J.C.R., Hibberd,M.L.",2019-07-30,2025-12-31,ssRNA(+)
PX480416,dengue virus type 3,Orthoflavivirus denguei,3,D19-1983,10707,complete,Philippines,Homo sapiens,blood,"Sy,A.K., Rojas,S.M., Masdin,L., Phelan,J., Polotan,F.G.M., Rojas,F.Q., Quinones,M.A., Bato,J.S., Sucaldito,N.L., dela Paz,E.C., Capeding,M.R.Z., Padilla,C.D., Villanueva,S.Y., Hafalla,J.C.R., Hibberd,M.L.",2019-08-04,2025-12-31,ssRNA(+)
PX480417,dengue virus type 3,Orthoflavivirus denguei,3,D19-1990,10707,complete,Philippines,Homo sapiens,blood,"Sy,A.K., Rojas,S.M., Masdin,L., Phelan,J., Polotan,F.G.M., Rojas,F.Q., Quinones,M.A., Bato,J.S., Sucaldito,N.L., dela Paz,E.C., Capeding,M.R.Z., Padilla,C.D., Villanueva,S.Y., Hafalla,J.C.R., Hibberd,M.L.",2019-08-04,2025-12-31,ssRNA(+)
PX480418,dengue virus type 3,Orthoflavivirus denguei,3,D19-2035,10707,complete,Philippines,Homo sapiens,blood,"Sy,A.K., Rojas,S.M., Masdin,L., Phelan,J., Polotan,F.G.M., Rojas,F.Q., Quinones,M.A., Bato,J.S., Sucaldito,N.L., dela Paz,E.C., Capeding,M.R.Z., Padilla,C.D., Villanueva,S.Y., Hafalla,J.C.R., Hibberd,M.L.",2019-08-01,2025-12-31,ssRNA(+)
PX480419,dengue virus type 3,Orthoflavivirus denguei,3,D19-2037,10707,complete,Philippines,Homo sapiens,blood,"Sy,A.K., Rojas,S.M., Masdin,L., Phelan,J., Polotan,F.G.M., Rojas,F.Q., Quinones,M.A., Bato,J.S., Sucaldito,N.L., dela Paz,E.C., Capeding,M.R.Z., Padilla,C.D., Villanueva,S.Y., Hafalla,J.C.R., Hibberd,M.L.",2019-08-05,2025-12-31,ssRNA(+)
PX480420,dengue virus type 3,Orthoflavivirus denguei,3,D19-2042,10707,complete,Philippines,Homo sapiens,blood,"Sy,A.K., Rojas,S.M., Masdin,L., Phelan,J., Polotan,F.G.M., Rojas,F.Q., Quinones,M.A., Bato,J.S., Sucaldito,N.L., dela Paz,E.C., Capeding,M.R.Z., Padilla,C.D., Villanueva,S.Y., Hafalla,J.C.R., Hibberd,M.L.",2019-08-17,2025-12-31,ssRNA(+)
PX480421,dengue virus type 3,Orthoflavivirus denguei,3,D19-2053,10707,complete,Philippines,Homo sapiens,blood,"Sy,A.K., Rojas,S.M., Masdin,L., Phelan,J., Polotan,F.G.M., Rojas,F.Q., Quinones,M.A., Bato,J.S., Sucaldito,N.L., dela Paz,E.C., Capeding,M.R.Z., Padilla,C.D., Villanueva,S.Y., Hafalla,J.C.R., Hibberd,M.L.",2019-08-14,2025-12-31,ssRNA(+)
PX480422,dengue virus type 3,Orthoflavivirus denguei,3,D19-2055,10707,complete,Philippines,Homo sapiens,blood,"Sy,A.K., Rojas,S.M., Masdin,L., Phelan,J., Polotan,F.G.M., Rojas,F.Q., Quinones,M.A., Bato,J.S., Sucaldito,N.L., dela Paz,E.C., Capeding,M.R.Z., Padilla,C.D., Villanueva,S.Y., Hafalla,J.C.R., Hibberd,M.L.",2019-08-18,2025-12-31,ssRNA(+)
PX480423,dengue virus type 3,Orthoflavivirus denguei,3,D19-2082,10707,complete,Philippines,Homo sapiens,blood,"Sy,A.K., Rojas,S.M., Masdin,L., Phelan,J., Polotan,F.G.M., Rojas,F.Q., Quinones,M.A., Bato,J.S., Sucaldito,N.L., dela Paz,E.C., Capeding,M.R.Z., Padilla,C.D., Villanueva,S.Y., Hafalla,J.C.R., Hibberd,M.L.",2019-08-20,2025-12-31,ssRNA(+)
PX480424,dengue virus type 3,Orthoflavivirus denguei,3,D19-2115,10707,complete,Philippines,Homo sapiens,blood,"Sy,A.K., Rojas,S.M., Masdin,L., Phelan,J., Polotan,F.G.M., Rojas,F.Q., Quinones,M.A., Bato,J.S., Sucaldito,N.L., dela Paz,E.C., Capeding,M.R.Z., Padilla,C.D., Villanueva,S.Y., Hafalla,J.C.R., Hibberd,M.L.",2019-08-06,2025-12-31,ssRNA(+)
PX480425,dengue virus type 3,Orthoflavivirus denguei,3,D19-2134,10707,complete,Philippines,Homo sapiens,blood,"Sy,A.K., Rojas,S.M., Masdin,L., Phelan,J., Polotan,F.G.M., Rojas,F.Q., Quinones,M.A., Bato,J.S., Sucaldito,N.L., dela Paz,E.C., Capeding,M.R.Z., Padilla,C.D., Villanueva,S.Y., Hafalla,J.C.R., Hibberd,M.L.",2019-09-04,2025-12-31,ssRNA(+)
PX480426,dengue virus type 3,Orthoflavivirus denguei,3,D19-2136,10707,complete,Philippines,Homo sapiens,blood,"Sy,A.K., Rojas,S.M., Masdin,L., Phelan,J., Polotan,F.G.M., Rojas,F.Q., Quinones,M.A., Bato,J.S., Sucaldito,N.L., dela Paz,E.C., Capeding,M.R.Z., Padilla,C.D., Villanueva,S.Y., Hafalla,J.C.R., Hibberd,M.L.",2019-09-02,2025-12-31,ssRNA(+)
PX480427,dengue virus type 3,Orthoflavivirus denguei,3,D19-2149,10707,complete,Philippines,Homo sapiens,blood,"Sy,A.K., Rojas,S.M., Masdin,L., Phelan,J., Polotan,F.G.M., Rojas,F.Q., Quinones,M.A., Bato,J.S., Sucaldito,N.L., dela Paz,E.C., Capeding,M.R.Z., Padilla,C.D., Villanueva,S.Y., Hafalla,J.C.R., Hibberd,M.L.",2019-09-01,2025-12-31,ssRNA(+)
PX480428,dengue virus type 3,Orthoflavivirus denguei,3,D19-2179,10707,complete,Philippines,Homo sapiens,blood,"Sy,A.K., Rojas,S.M., Masdin,L., Phelan,J., Polotan,F.G.M., Rojas,F.Q., Quinones,M.A., Bato,J.S., Sucaldito,N.L., dela Paz,E.C., Capeding,M.R.Z., Padilla,C.D., Villanueva,S.Y., Hafalla,J.C.R., Hibberd,M.L.",2019-08-10,2025-12-31,ssRNA(+)
PX480429,dengue virus type 3,Orthoflavivirus denguei,3,D19-2204,10707,complete,Philippines,Homo sapiens,blood,"Sy,A.K., Rojas,S.M., Masdin,L., Phelan,J., Polotan,F.G.M., Rojas,F.Q., Quinones,M.A., Bato,J.S., Sucaldito,N.L., dela Paz,E.C., Capeding,M.R.Z., Padilla,C.D., Villanueva,S.Y., Hafalla,J.C.R., Hibberd,M.L.",2019-08-22,2025-12-31,ssRNA(+)
PX480430,dengue virus type 3,Orthoflavivirus denguei,3,D19-2221,10707,complete,Philippines,Homo sapiens,blood,"Sy,A.K., Rojas,S.M., Masdin,L., Phelan,J., Polotan,F.G.M., Rojas,F.Q., Quinones,M.A., Bato,J.S., Sucaldito,N.L., dela Paz,E.C., Capeding,M.R.Z., Padilla,C.D., Villanueva,S.Y., Hafalla,J.C.R., Hibberd,M.L.",2019-09-11,2025-12-31,ssRNA(+)
PX480431,dengue virus type 3,Orthoflavivirus denguei,3,D19-2240,10707,complete,Philippines,Homo sapiens,blood,"Sy,A.K., Rojas,S.M., Masdin,L., Phelan,J., Polotan,F.G.M., Rojas,F.Q., Quinones,M.A., Bato,J.S., Sucaldito,N.L., dela Paz,E.C., Capeding,M.R.Z., Padilla,C.D., Villanueva,S.Y., Hafalla,J.C.R., Hibberd,M.L.",2019-09-08,2025-12-31,ssRNA(+)
PX480432,dengue virus type 3,Orthoflavivirus denguei,3,D19-2479,10707,complete,Philippines,Homo sapiens,blood,"Sy,A.K., Rojas,S.M., Masdin,L., Phelan,J., Polotan,F.G.M., Rojas,F.Q., Quinones,M.A., Bato,J.S., Sucaldito,N.L., dela Paz,E.C., Capeding,M.R.Z., Padilla,C.D., Villanueva,S.Y., Hafalla,J.C.R., Hibberd,M.L.",2019-10-23,2025-12-31,ssRNA(+)
PX480433,dengue virus type 3,Orthoflavivirus denguei,3,D20-0127,10707,complete,Philippines,Homo sapiens,blood,"Sy,A.K., Rojas,S.M., Masdin,L., Phelan,J., Polotan,F.G.M., Rojas,F.Q., Quinones,M.A., Bato,J.S., Sucaldito,N.L., dela Paz,E.C., Capeding,M.R.Z., Padilla,C.D., Villanueva,S.Y., Hafalla,J.C.R., Hibberd,M.L.",2020-01-18,2025-12-31,ssRNA(+)
PX480434,dengue virus type 3,Orthoflavivirus denguei,3,D20-0128,10707,complete,Philippines,Homo sapiens,blood,"Sy,A.K., Rojas,S.M., Masdin,L., Phelan,J., Polotan,F.G.M., Rojas,F.Q., Quinones,M.A., Bato,J.S., Sucaldito,N.L., dela Paz,E.C., Capeding,M.R.Z., Padilla,C.D., Villanueva,S.Y., Hafalla,J.C.R., Hibberd,M.L.",2020-01-22,2025-12-31,ssRNA(+)
PX480435,dengue virus type 3,Orthoflavivirus denguei,3,D20-0183,10707,complete,Philippines,Homo sapiens,blood,"Sy,A.K., Rojas,S.M., Masdin,L., Phelan,J., Polotan,F.G.M., Rojas,F.Q., Quinones,M.A., Bato,J.S., Sucaldito,N.L., dela Paz,E.C., Capeding,M.R.Z., Padilla,C.D., Villanueva,S.Y., Hafalla,J.C.R., Hibberd,M.L.",2020-03-01,2025-12-31,ssRNA(+)
PX480436,dengue virus type 3,Orthoflavivirus denguei,3,D21-0005,10707,complete,Philippines,Homo sapiens,blood,"Sy,A.K., Rojas,S.M., Masdin,L., Phelan,J., Polotan,F.G.M., Rojas,F.Q., Quinones,M.A., Bato,J.S., Sucaldito,N.L., dela Paz,E.C., Capeding,M.R.Z., Padilla,C.D., Villanueva,S.Y., Hafalla,J.C.R., Hibberd,M.L.",2021-01-18,2025-12-31,ssRNA(+)
PX480437,dengue virus type 4,Orthoflavivirus denguei,4,D17-0537,10649,complete,Philippines,Homo sapiens,blood,"Sy,A.K., Rojas,S.M., Masdin,L., Phelan,J., Polotan,F.G.M., Rojas,F.Q., Quinones,M.A., Bato,J.S., Sucaldito,N.L., dela Paz,E.C., Capeding,M.R.Z., Padilla,C.D., Villanueva,S.Y., Hafalla,J.C.R., Hibberd,M.L.",2017-02-06,2025-12-31,ssRNA(+)
PX480438,dengue virus type 4,Orthoflavivirus denguei,4,D17-0712,10649,complete,Philippines,Homo sapiens,blood,"Sy,A.K., Rojas,S.M., Masdin,L., Phelan,J., Polotan,F.G.M., Rojas,F.Q., Quinones,M.A., Bato,J.S., Sucaldito,N.L., dela Paz,E.C., Capeding,M.R.Z., Padilla,C.D., Villanueva,S.Y., Hafalla,J.C.R., Hibberd,M.L.",2017-02-17,2025-12-31,ssRNA(+)
PX480439,dengue virus type 4,Orthoflavivirus denguei,4,D17-1206,10649,complete,Philippines,Homo sapiens,blood,"Sy,A.K., Rojas,S.M., Masdin,L., Phelan,J., Polotan,F.G.M., Rojas,F.Q., Quinones,M.A., Bato,J.S., Sucaldito,N.L., dela Paz,E.C., Capeding,M.R.Z., Padilla,C.D., Villanueva,S.Y., Hafalla,J.C.R., Hibberd,M.L.",2017-05-07,2025-12-31,ssRNA(+)
PX480440,dengue virus type 4,Orthoflavivirus denguei,4,D17-1913,10649,complete,Philippines,Homo sapiens,blood,"Sy,A.K., Rojas,S.M., Masdin,L., Phelan,J., Polotan,F.G.M., Rojas,F.Q., Quinones,M.A., Bato,J.S., Sucaldito,N.L., dela Paz,E.C., Capeding,M.R.Z., Padilla,C.D., Villanueva,S.Y., Hafalla,J.C.R., Hibberd,M.L.",2017-06-07,2025-12-31,ssRNA(+)
PX480441,dengue virus type 4,Orthoflavivirus denguei,4,D18-0170,10649,complete,Philippines,Homo sapiens,blood,"Sy,A.K., Rojas,S.M., Masdin,L., Phelan,J., Polotan,F.G.M., Rojas,F.Q., Quinones,M.A., Bato,J.S., Sucaldito,N.L., dela Paz,E.C., Capeding,M.R.Z., Padilla,C.D., Villanueva,S.Y., Hafalla,J.C.R., Hibberd,M.L.",2018-01-22,2025-12-31,ssRNA(+)
PX480442,dengue virus type 4,Orthoflavivirus denguei,4,D18-2040,10649,complete,Philippines,Homo sapiens,blood,"Sy,A.K., Rojas,S.M., Masdin,L., Phelan,J., Polotan,F.G.M., Rojas,F.Q., Quinones,M.A., Bato,J.S., Sucaldito,N.L., dela Paz,E.C., Capeding,M.R.Z., Padilla,C.D., Villanueva,S.Y., Hafalla,J.C.R., Hibberd,M.L.",2018-09-06,2025-12-31,ssRNA(+)
PX480443,dengue virus type 4,Orthoflavivirus denguei,4,D19-1286,10649,complete,Philippines,Homo sapiens,blood,"Sy,A.K., Rojas,S.M., Masdin,L., Phelan,J., Polotan,F.G.M., Rojas,F.Q., Quinones,M.A., Bato,J.S., Sucaldito,N.L., dela Paz,E.C., Capeding,M.R.Z., Padilla,C.D., Villanueva,S.Y., Hafalla,J.C.R., Hibberd,M.L.",2019-05-17,2025-12-31,ssRNA(+)
PX480444,dengue virus type 4,Orthoflavivirus denguei,4,D19-1649,10649,complete,Philippines,Homo sapiens,blood,"Sy,A.K., Rojas,S.M., Masdin,L., Phelan,J., Polotan,F.G.M., Rojas,F.Q., Quinones,M.A., Bato,J.S., Sucaldito,N.L., dela Paz,E.C., Capeding,M.R.Z., Padilla,C.D., Villanueva,S.Y., Hafalla,J.C.R., Hibberd,M.L.",2019-07-02,2025-12-31,ssRNA(+)
PX480445,dengue virus type 4,Orthoflavivirus denguei,4,D19-2229,10649,complete,Philippines,Homo sapiens,blood,"Sy,A.K., Rojas,S.M., Masdin,L., Phelan,J., Polotan,F.G.M., Rojas,F.Q., Quinones,M.A., Bato,J.S., Sucaldito,N.L., dela Paz,E.C., Capeding,M.R.Z., Padilla,C.D., Villanueva,S.Y., Hafalla,J.C.R., Hibberd,M.L.",2019-08-29,2025-12-31,ssRNA(+)
PX480446,dengue virus type 4,Orthoflavivirus denguei,4,D20-0040,10649,complete,Philippines,Homo sapiens,blood,"Sy,A.K., Rojas,S.M., Masdin,L., Phelan,J., Polotan,F.G.M., Rojas,F.Q., Quinones,M.A., Bato,J.S., Sucaldito,N.L., dela Paz,E.C., Capeding,M.R.Z., Padilla,C.D., Villanueva,S.Y., Hafalla,J.C.R., Hibberd,M.L.",2019-10-31,2025-12-31,ssRNA(+)
PX480447,dengue virus type 4,Orthoflavivirus denguei,4,D20-0259,10649,complete,Philippines,Homo sapiens,blood,"Sy,A.K., Rojas,S.M., Masdin,L., Phelan,J., Polotan,F.G.M., Rojas,F.Q., Quinones,M.A., Bato,J.S., Sucaldito,N.L., dela Paz,E.C., Capeding,M.R.Z., Padilla,C.D., Villanueva,S.Y., Hafalla,J.C.R., Hibberd,M.L.",2020-07-28,2025-12-31,ssRNA(+)
PX492105,dengue virus type 2,Orthoflavivirus denguei,2,Dengue virus type 2 S-16803 Thailand 1974,10723,complete,Thailand,Homo sapiens,blood,"Sharma,A., Pachauri,P., Khera,K., Kuri,P.R., Sharma,S., Chaturvedi,R., Nayak,K., Chandele,A.",1974,2025-11-11,ssRNA(+)
PX468537,dengue virus type 2,Orthoflavivirus denguei,2,THSTI-TRC-DENV2-18,10723,complete,India,Homo sapiens,blood,"Singh,B., Shashi,P., Chandele,A., Lodha,R., Medigeshi,G.R.",2012,2025-10-26,ssRNA(+)
PX468538,dengue virus type 2,Orthoflavivirus denguei,2,THSTI-TRC-DENV2-19,10723,complete,India,Homo sapiens,blood,"Singh,B., Shashi,P., Chandele,A., Lodha,R., Medigeshi,G.R.",2012,2025-10-26,ssRNA(+)
PX468539,dengue virus type 2,Orthoflavivirus denguei,2,THSTI-TRC-DENV2-20,10723,complete,India,Homo sapiens,blood,"Singh,B., Shashi,P., Chandele,A., Lodha,R., Medigeshi,G.R.",2015,2025-10-26,ssRNA(+)
PX368925,dengue virus type 4,Orthoflavivirus denguei,4,Bali -2019,10653,complete,Indonesia: Bali,Homo sapiens,blood,"Sementsova,A.O., Karelina,K.V., Protopopova,E.V., Ternovoi,V.A.",2019-12-25,2025-09-20,ssRNA(+)
PX125311,dengue virus type 3,Orthoflavivirus denguei,3,Bali2022,10707,complete,Indonesia: Bali,Homo sapiens,blood,"Sementsova,A.O., Karelina,K.V., Protopopova,E.V., Ternovoi,V.A.",2022-12-20,2025-08-20,ssRNA(+)
PV918768,dengue virus type 3,Orthoflavivirus denguei,3,SLS0008,10707,complete,Sri Lanka: Jaffna,Homo sapiens,blood,"Malavige,N.",2024-01-16,2025-07-31,ssRNA(+)
PV918769,dengue virus type 3,Orthoflavivirus denguei,3,SLS0023,10707,complete,Sri Lanka: Jaffna,Homo sapiens,blood,"Malavige,N.",2024-01-02,2025-07-31,ssRNA(+)
PV918770,dengue virus type 3,Orthoflavivirus denguei,3,SLS0030,10707,complete,Sri Lanka: Jaffna,Homo sapiens,blood,"Malavige,N.",2024-01-11,2025-07-31,ssRNA(+)
PV918771,dengue virus type 3,Orthoflavivirus denguei,3,SLS0031,10707,complete,Sri Lanka: Jaffna,Homo sapiens,blood,"Malavige,N.",2024-01-18,2025-07-31,ssRNA(+)
PV918772,dengue virus type 3,Orthoflavivirus denguei,3,SLS0035,10707,complete,Sri Lanka: Jaffna,Homo sapiens,blood,"Malavige,N.",2024-01-23,2025-07-31,ssRNA(+)
PV918773,dengue virus type 3,Orthoflavivirus denguei,3,SLS0040,10707,complete,Sri Lanka: Jaffna,Homo sapiens,blood,"Malavige,N.",2024-02-07,2025-07-31,ssRNA(+)
PV918774,dengue virus type 3,Orthoflavivirus denguei,3,SLS0049,10707,complete,Sri Lanka: Colombo,Homo sapiens,blood,"Malavige,N.",2023-04-26,2025-07-31,ssRNA(+)
PV918775,dengue virus type 3,Orthoflavivirus denguei,3,SLS0051,10707,complete,Sri Lanka: Colombo,Homo sapiens,blood,"Malavige,N.",2023-07-16,2025-07-31,ssRNA(+)
PV918776,dengue virus type 3,Orthoflavivirus denguei,3,SLS0055,10707,complete,Sri Lanka: Colombo,Homo sapiens,blood,"Malavige,N.",2023-11-06,2025-07-31,ssRNA(+)
PV918777,dengue virus type 3,Orthoflavivirus denguei,3,SLS0059,10707,complete,Sri Lanka: Colombo,Homo sapiens,blood,"Malavige,N.",2024-02-13,2025-07-31,ssRNA(+)
PV918778,dengue virus type 3,Orthoflavivirus denguei,3,SLS0069,10707,complete,Sri Lanka: Colombo,Homo sapiens,blood,"Malavige,N.",2023-03-31,2025-07-31,ssRNA(+)
PV918779,dengue virus type 3,Orthoflavivirus denguei,3,SLS0071,10707,complete,Sri Lanka: Colombo,Homo sapiens,blood,"Malavige,N.",2023-05-28,2025-07-31,ssRNA(+)
PV918780,dengue virus type 3,Orthoflavivirus denguei,3,SLS0079,10707,complete,Sri Lanka: Colombo,Homo sapiens,blood,"Malavige,N.",2023-08-07,2025-07-31,ssRNA(+)
PV918781,dengue virus type 3,Orthoflavivirus denguei,3,SLS0081,10707,complete,Sri Lanka: Colombo,Homo sapiens,blood,"Malavige,N.",2023-08-09,2025-07-31,ssRNA(+)
PV918782,dengue virus type 3,Orthoflavivirus denguei,3,SLS0028,10707,complete,Sri Lanka: Jaffna,Homo sapiens,blood,"Malavige,N.",2024-01-16,2025-07-31,ssRNA(+)
PV752083,dengue virus type 2,Orthoflavivirus denguei,2,SL_2017_TG65,10723,complete,Sri Lanka: Colombo,Homo sapiens,blood,"Malavige,N., Ariyaratne,D.",2017-03-12,2025-07-02,ssRNA(+)
PV752084,dengue virus type 2,Orthoflavivirus denguei,2,SL_2017_TG64,10723,complete,Sri Lanka: Colombo,Homo sapiens,blood,"Malavige,N., Ariyaratne,D.",2017-03-10,2025-07-02,ssRNA(+)
PV752085,dengue virus type 2,Orthoflavivirus denguei,2,SL_2017_TG49,10723,complete,Sri Lanka: Colombo,Homo sapiens,blood,"Malavige,N., Ariyaratne,D.",2017-02-19,2025-07-02,ssRNA(+)
PV752086,dengue virus type 2,Orthoflavivirus denguei,2,SL_2017_TG47,10723,complete,Sri Lanka: Colombo,Homo sapiens,blood,"Malavige,N., Ariyaratne,D.",2017-02-20,2025-07-02,ssRNA(+)
PV752087,dengue virus type 2,Orthoflavivirus denguei,2,SL_2017_TG46,10723,complete,Sri Lanka: Colombo,Homo sapiens,blood,"Malavige,N., Ariyaratne,D.",2017-02-19,2025-07-02,ssRNA(+)
PV752088,dengue virus type 2,Orthoflavivirus denguei,2,SL_2017_TG45,10723,complete,Sri Lanka: Colombo,Homo sapiens,blood,"Malavige,N., Ariyaratne,D.",2017-02-17,2025-07-02,ssRNA(+)
PV752089,dengue virus type 2,Orthoflavivirus denguei,2,SL_2017_R5,10723,complete,Sri Lanka: Colombo,Homo sapiens,blood,"Malavige,N., Ariyaratne,D.",2017-10-02,2025-07-02,ssRNA(+)
PV752090,dengue virus type 2,Orthoflavivirus denguei,2,SL_2017_R4,10723,complete,Sri Lanka: Colombo,Homo sapiens,blood,"Malavige,N., Ariyaratne,D.",2017-10-10,2025-07-02,ssRNA(+)
PV752091,dengue virus type 2,Orthoflavivirus denguei,2,SL_2017_R1,10723,complete,Sri Lanka: Colombo,Homo sapiens,blood,"Malavige,N., Ariyaratne,D.",2017-09-25,2025-07-02,ssRNA(+)
PV752092,dengue virus type 2,Orthoflavivirus denguei,2,SL_2017_Y37,10723,complete,Sri Lanka: Colombo,Homo sapiens,blood,"Malavige,N., Ariyaratne,D.",2017-07-17,2025-07-02,ssRNA(+)
PV752093,dengue virus type 2,Orthoflavivirus denguei,2,SL_2017_Y36,10723,complete,Sri Lanka: Colombo,Homo sapiens,blood,"Malavige,N., Ariyaratne,D.",2017-07-17,2025-07-02,ssRNA(+)
PV752094,dengue virus type 2,Orthoflavivirus denguei,2,SL_2017_Y32,10723,complete,Sri Lanka: Colombo,Homo sapiens,blood,"Malavige,N., Ariyaratne,D.",2017-07-17,2025-07-02,ssRNA(+)
PV752095,dengue virus type 2,Orthoflavivirus denguei,2,SL_2017_R14,10723,complete,Sri Lanka: Colombo,Homo sapiens,blood,"Malavige,N., Ariyaratne,D.",2017-10-24,2025-07-02,ssRNA(+)
PV752096,dengue virus type 2,Orthoflavivirus denguei,2,SL_2017_R19,10723,complete,Sri Lanka: Colombo,Homo sapiens,blood,"Malavige,N., Ariyaratne,D.",2017-10-27,2025-07-02,ssRNA(+)
PV752097,dengue virus type 2,Orthoflavivirus denguei,2,SL_2018_R74,10723,complete,Sri Lanka: Colombo,Homo sapiens,blood,"Malavige,N., Ariyaratne,D.",2018-01-04,2025-07-02,ssRNA(+)
PV752098,dengue virus type 2,Orthoflavivirus denguei,2,SL_2017_TG48,10723,complete,Sri Lanka: Colombo,Homo sapiens,blood,"Malavige,N., Ariyaratne,D.",2017-02-20,2025-07-02,ssRNA(+)
PV752099,dengue virus type 2,Orthoflavivirus denguei,2,SL_2018_P15A,10723,complete,Sri Lanka: Colombo,Homo sapiens,blood,"Malavige,N., Ariyaratne,D.",2018-01-15,2025-07-02,ssRNA(+)
PV752100,dengue virus type 2,Orthoflavivirus denguei,2,SL_2018_P55A,10723,complete,Sri Lanka: Colombo,Homo sapiens,blood,"Malavige,N., Ariyaratne,D.",2018-01-30,2025-07-02,ssRNA(+)
PV752101,dengue virus type 2,Orthoflavivirus denguei,2,SL_2018_P119A,10723,complete,Sri Lanka: Colombo,Homo sapiens,blood,"Malavige,N., Ariyaratne,D.",2018-03-19,2025-07-02,ssRNA(+)
PV752102,dengue virus type 2,Orthoflavivirus denguei,2,SL_2017_R9,10723,complete,Sri Lanka: Colombo,Homo sapiens,blood,"Malavige,N., Ariyaratne,D.",2017-10-11,2025-07-02,ssRNA(+)
PV752103,dengue virus type 2,Orthoflavivirus denguei,2,SL_2017_R10,10723,complete,Sri Lanka: Colombo,Homo sapiens,blood,"Malavige,N., Ariyaratne,D.",2017-10-10,2025-07-02,ssRNA(+)
PV752104,dengue virus type 2,Orthoflavivirus denguei,2,SL_2017_R12,10723,complete,Sri Lanka: Colombo,Homo sapiens,blood,"Malavige,N., Ariyaratne,D.",2017-10-21,2025-07-02,ssRNA(+)
PV752105,dengue virus type 2,Orthoflavivirus denguei,2,SL_2017_R22,10723,complete,Sri Lanka: Colombo,Homo sapiens,blood,"Malavige,N., Ariyaratne,D.",2017-11-05,2025-07-02,ssRNA(+)
PV752106,dengue virus type 2,Orthoflavivirus denguei,2,SL_2017_R24,10723,complete,Sri Lanka: Colombo,Homo sapiens,blood,"Malavige,N., Ariyaratne,D.",2017-11-08,2025-07-02,ssRNA(+)
PV752107,dengue virus type 2,Orthoflavivirus denguei,2,SL_2017_R25,10723,complete,Sri Lanka: Colombo,Homo sapiens,blood,"Malavige,N., Ariyaratne,D.",2017-11-13,2025-07-02,ssRNA(+)
PV752108,dengue virus type 2,Orthoflavivirus denguei,2,SL_2017_R34,10723,complete,Sri Lanka: Colombo,Homo sapiens,blood,"Malavige,N., Ariyaratne,D.",2017-11-22,2025-07-02,ssRNA(+)
PV752109,dengue virus type 2,Orthoflavivirus denguei,2,SL_2017_R48,10723,complete,Sri Lanka: Colombo,Homo sapiens,blood,"Malavige,N., Ariyaratne,D.",2017-12-02,2025-07-02,ssRNA(+)
PV752110,dengue virus type 2,Orthoflavivirus denguei,2,SL_2017_R64,10723,complete,Sri Lanka: Colombo,Homo sapiens,blood,"Malavige,N., Ariyaratne,D.",2017-12-09,2025-07-02,ssRNA(+)
PV752111,dengue virus type 2,Orthoflavivirus denguei,2,SL_2018_R78,10723,complete,Sri Lanka: Colombo,Homo sapiens,blood,"Malavige,N., Ariyaratne,D.",2018-01-10,2025-07-02,ssRNA(+)
PV752112,dengue virus type 2,Orthoflavivirus denguei,2,SL_2018_R86/1-10723,10723,complete,Sri Lanka: Colombo,Homo sapiens,blood,"Malavige,N., Ariyaratne,D.",2018-01-16,2025-07-02,ssRNA(+)
PV752113,dengue virus type 2,Orthoflavivirus denguei,2,SL_2018_R91,10723,complete,Sri Lanka: Colombo,Homo sapiens,blood,"Malavige,N., Ariyaratne,D.",2018-01-20,2025-07-02,ssRNA(+)
PV752114,dengue virus type 2,Orthoflavivirus denguei,2,SL_2016_S36,10723,complete,Sri Lanka: Colombo,Homo sapiens,blood,"Malavige,N., Ariyaratne,D.",2016-07-01,2025-07-02,ssRNA(+)
PV752115,dengue virus type 2,Orthoflavivirus denguei,2,SL_2017_TG4,10723,complete,Sri Lanka: Colombo,Homo sapiens,blood,"Malavige,N., Ariyaratne,D.",2017-01-14,2025-07-02,ssRNA(+)
PV752116,dengue virus type 2,Orthoflavivirus denguei,2,SL_2017_TG6,10723,complete,Sri Lanka: Colombo,Homo sapiens,blood,"Malavige,N., Ariyaratne,D.",2017-01-14,2025-07-02,ssRNA(+)
PV752117,dengue virus type 2,Orthoflavivirus denguei,2,SL_2017_TG9,10723,complete,Sri Lanka: Colombo,Homo sapiens,blood,"Malavige,N., Ariyaratne,D.",2017-01-15,2025-07-02,ssRNA(+)
PV752118,dengue virus type 2,Orthoflavivirus denguei,2,SL_2017_TG10,10723,complete,Sri Lanka: Colombo,Homo sapiens,blood,"Malavige,N., Ariyaratne,D.",2017-01-15,2025-07-02,ssRNA(+)
PV752119,dengue virus type 2,Orthoflavivirus denguei,2,SL_2017_TG11,10723,complete,Sri Lanka: Colombo,Homo sapiens,blood,"Malavige,N., Ariyaratne,D.",2017-01-16,2025-07-02,ssRNA(+)
PV752120,dengue virus type 2,Orthoflavivirus denguei,2,SL_2017_TG33,10723,complete,Sri Lanka: Colombo,Homo sapiens,blood,"Malavige,N., Ariyaratne,D.",2017-02-03,2025-07-02,ssRNA(+)
PV752121,dengue virus type 2,Orthoflavivirus denguei,2,SL_2017_TG39/1-10723,10723,complete,Sri Lanka: Colombo,Homo sapiens,blood,"Malavige,N., Ariyaratne,D.",2017-02-07,2025-07-02,ssRNA(+)
PV752122,dengue virus type 2,Orthoflavivirus denguei,2,SL_2017_TG40,10723,complete,Sri Lanka: Colombo,Homo sapiens,blood,"Malavige,N., Ariyaratne,D.",2017-02-11,2025-07-02,ssRNA(+)
PV752123,dengue virus type 2,Orthoflavivirus denguei,2,SL_2017_TG41/1-10723,10723,complete,Sri Lanka: Colombo,Homo sapiens,blood,"Malavige,N., Ariyaratne,D.",2017-02-14,2025-07-02,ssRNA(+)
PV752124,dengue virus type 2,Orthoflavivirus denguei,2,SL_2017_TG66,10723,complete,Sri Lanka: Colombo,Homo sapiens,blood,"Malavige,N., Ariyaratne,D.",2017-03-12,2025-07-02,ssRNA(+)
PV752125,dengue virus type 2,Orthoflavivirus denguei,2,SL_2017_Y25,10723,complete,Sri Lanka: Colombo,Homo sapiens,blood,"Malavige,N., Ariyaratne,D.",2017-07-10,2025-07-02,ssRNA(+)
PV752126,dengue virus type 2,Orthoflavivirus denguei,2,SL_2017_Y29,10723,complete,Sri Lanka: Colombo,Homo sapiens,blood,"Malavige,N., Ariyaratne,D.",2017-07-10,2025-07-02,ssRNA(+)
PV752127,dengue virus type 2,Orthoflavivirus denguei,2,SL_2017_Y38,10723,complete,Sri Lanka: Colombo,Homo sapiens,blood,"Malavige,N., Ariyaratne,D.",2017-07-17,2025-07-02,ssRNA(+)
PV752128,dengue virus type 2,Orthoflavivirus denguei,2,SL_2017_Y39,10723,complete,Sri Lanka: Colombo,Homo sapiens,blood,"Malavige,N., Ariyaratne,D.",2017-08-28,2025-07-02,ssRNA(+)
PV752129,dengue virus type 2,Orthoflavivirus denguei,2,SL_2017_Y40,10723,complete,Sri Lanka: Colombo,Homo sapiens,blood,"Malavige,N., Ariyaratne,D.",2017-08-28,2025-07-02,ssRNA(+)
PV752130,dengue virus type 2,Orthoflavivirus denguei,2,SL_2017_Y42,10723,complete,Sri Lanka: Colombo,Homo sapiens,blood,"Malavige,N., Ariyaratne,D.",2017-08-28,2025-07-02,ssRNA(+)
PV798798,dengue virus type 1,Orthoflavivirus denguei,1,D1/Malaysia/692021/15,10735,complete,Malaysia: Selangor,Homo sapiens,blood,"Suppiah,J., Ching,S.M., Amin-Nordin,S., Mat-Nor,L.A., Ahmad-Najimudin,N.A., Low,G.K., Abdul-Wahid,M.Z., Thayan,R., Chee,H.Y., Djamil,F.M., Lim,X.R., Yu,C.Y.",2015-01,2025-06-22,ssRNA(+)
PV789651,dengue virus type 4,Orthoflavivirus denguei,4,KM24DFY,10662,complete,"China: Yunnan,Xishuangbanna",Homo sapiens,blood,"Li,S.",2024-09-26,2025-06-21,ssRNA(+)
PV789653,dengue virus type 1,Orthoflavivirus denguei,1,KM24DFY,10734,complete,"China: Yunnan,Xishuangbanna",Homo sapiens,blood,"Li,S.",2024-09-12,2025-06-21,ssRNA(+)
PV789655,dengue virus type 2,Orthoflavivirus denguei,2,KM24DFY,10725,complete,"China: Yunnan,Xishuangbanna",Homo sapiens,blood,"Li,S.",2024-09-16,2025-06-21,ssRNA(+)
PV789662,dengue virus type 2,Orthoflavivirus denguei,2,KM24DFY,10725,complete,"China: Yunnan,Xishuangbanna",Homo sapiens,blood,"Li,S.",2024-09-13,2025-06-21,ssRNA(+)
PV790966,dengue virus type 2,Orthoflavivirus denguei,2,KM24DFY,10725,complete,"China: Yunnan,Xishuangbanna",Homo sapiens,blood,"Li,S.",2024-09-13,2025-06-21,ssRNA(+)
PV790969,dengue virus type 2,Orthoflavivirus denguei,2,KM24DFY,10725,complete,"China: Yunnan,Xishuangbanna",Homo sapiens,blood,"Li,S.",2024-09-15,2025-06-21,ssRNA(+)
PV791000,dengue virus type 2,Orthoflavivirus denguei,2,KM24DFY,10725,complete,"China: Yunnan,Xishuangbanna",Homo sapiens,blood,"Li,S.",2024-09-15,2025-06-21,ssRNA(+)
PV791001,dengue virus type 2,Orthoflavivirus denguei,2,KM24DFY,10725,complete,"China: Yunnan,Xishuangbanna",Homo sapiens,blood,"Li,S.",2024-09-15,2025-06-21,ssRNA(+)
PV344258,dengue virus type 1,Orthoflavivirus denguei,1,DENV1_06227TH,10736,complete,Thailand,Homo sapiens,blood,"Perez,L.J., Yamaguchi,J., Weiss,S., Carlos,C., Meyer,T.V., Rodgers,M.A., Phoompoung,P., Suputtamongkol,Y., Cloherty,G.A., Berg,M.G.",2015-09-07,2025-03-25,ssRNA(+)
PV344259,dengue virus type 1,Orthoflavivirus denguei,1,DENV1_06188TH,10736,complete,Thailand,Homo sapiens,blood,"Perez,L.J., Yamaguchi,J., Weiss,S., Carlos,C., Meyer,T.V., Rodgers,M.A., Phoompoung,P., Suputtamongkol,Y., Cloherty,G.A., Berg,M.G.",2015-08-23,2025-03-25,ssRNA(+)
PV344260,dengue virus type 1,Orthoflavivirus denguei,1,DENV1_08032TH,10736,complete,Thailand,Homo sapiens,blood,"Perez,L.J., Yamaguchi,J., Weiss,S., Carlos,C., Meyer,T.V., Rodgers,M.A., Phoompoung,P., Suputtamongkol,Y., Cloherty,G.A., Berg,M.G.",2017-06-12,2025-03-25,ssRNA(+)
PV344263,dengue virus type 1,Orthoflavivirus denguei,1,DENV1_05954TH,10736,complete,Thailand,Homo sapiens,blood,"Perez,L.J., Yamaguchi,J., Weiss,S., Carlos,C., Meyer,T.V., Rodgers,M.A., Phoompoung,P., Suputtamongkol,Y., Cloherty,G.A., Berg,M.G.",2015-06-22,2025-03-25,ssRNA(+)
PV344266,dengue virus type 1,Orthoflavivirus denguei,1,DENV1_06505TH,10736,complete,Thailand,Homo sapiens,blood,"Perez,L.J., Yamaguchi,J., Weiss,S., Carlos,C., Meyer,T.V., Rodgers,M.A., Phoompoung,P., Suputtamongkol,Y., Cloherty,G.A., Berg,M.G.",2015-11-20,2025-03-25,ssRNA(+)
PV344268,dengue virus type 1,Orthoflavivirus denguei,1,DENV1_06463TH,10735,complete,Thailand,Homo sapiens,blood,"Perez,L.J., Yamaguchi,J., Weiss,S., Carlos,C., Meyer,T.V., Rodgers,M.A., Phoompoung,P., Suputtamongkol,Y., Cloherty,G.A., Berg,M.G.",2015-11-12,2025-03-25,ssRNA(+)
PV344271,dengue virus type 1,Orthoflavivirus denguei,1,DENV1_183453TH,10736,complete,Thailand,Homo sapiens,blood,"Perez,L.J., Yamaguchi,J., Weiss,S., Carlos,C., Meyer,T.V., Rodgers,M.A., Phoompoung,P., Suputtamongkol,Y., Cloherty,G.A., Berg,M.G.",2022-10-12,2025-03-25,ssRNA(+)
PV344273,dengue virus type 1,Orthoflavivirus denguei,1,DENV1_49109950TH,10735,complete,Thailand,Homo sapiens,blood,"Perez,L.J., Yamaguchi,J., Weiss,S., Carlos,C., Meyer,T.V., Rodgers,M.A., Phoompoung,P., Suputtamongkol,Y., Cloherty,G.A., Berg,M.G.",2023-01-11,2025-03-25,ssRNA(+)
PV344274,dengue virus type 1,Orthoflavivirus denguei,1,DENV1_38076156TH,10735,complete,Thailand,Homo sapiens,blood,"Perez,L.J., Yamaguchi,J., Weiss,S., Carlos,C., Meyer,T.V., Rodgers,M.A., Phoompoung,P., Suputtamongkol,Y., Cloherty,G.A., Berg,M.G.",2023-03-01,2025-03-25,ssRNA(+)
PV344354,dengue virus type 4,Orthoflavivirus denguei,4,DENV4_06434TH,10651,complete,Thailand,Homo sapiens,blood,"Perez,L.J., Yamaguchi,J., Weiss,S., Carlos,C., Meyer,T.V., Rodgers,M.A., Phoompoung,P., Suputtamongkol,Y., Cloherty,G.A., Berg,M.G.",2015-11-05,2025-03-25,ssRNA(+)
PV344355,dengue virus type 4,Orthoflavivirus denguei,4,DENV4_06461TH,10651,complete,Thailand,Homo sapiens,blood,"Perez,L.J., Yamaguchi,J., Weiss,S., Carlos,C., Meyer,T.V., Rodgers,M.A., Phoompoung,P., Suputtamongkol,Y., Cloherty,G.A., Berg,M.G.",2015-11-12,2025-03-25,ssRNA(+)
PV344375,dengue virus type 4,Orthoflavivirus denguei,4,DENV4_06093TH,10652,complete,Thailand,Homo sapiens,blood,"Perez,L.J., Yamaguchi,J., Weiss,S., Carlos,C., Meyer,T.V., Rodgers,M.A., Phoompoung,P., Suputtamongkol,Y., Cloherty,G.A., Berg,M.G.",2015-07-28,2025-03-25,ssRNA(+)
PV138435,dengue virus type 4,Orthoflavivirus denguei,4,BL21_19,10650,complete,India: Faridabad,Homo sapiens,blood,"Agrawal,T., Saraswat,S., Pooja,S., Praveen,K., Anantharaj,A., Pandey,A.K., Pattabhiraman,C., Medigeshi,G.R.",2021-10,2025-02-24,ssRNA(+)
PV138436,dengue virus type 4,Orthoflavivirus denguei,4,BL21_192,10650,complete,India: Faridabad,Homo sapiens,blood,"Agrawal,T., Saraswat,S., Pooja,S., Praveen,K., Anantharaj,A., Pandey,A.K., Pattabhiraman,C., Medigeshi,G.R.",2021-10,2025-02-24,ssRNA(+)
PV083748,dengue virus type 1,Orthoflavivirus denguei,1,guangzhou-2014-1,10725,complete,"China: Guangdong, guangzhoucity",Homo sapiens,blood,"Chen,Y., chen,R., liu,J., zhan,x., xie,x., li,f., xie,q.",2014-09,2025-02-15,ssRNA(+)
PV083749,dengue virus type 1,Orthoflavivirus denguei,1,guangzhou-2014-1,10725,complete,"China: Guangdong, guangzhoucity",Homo sapiens,blood,"Chen,Y., chen,R., liu,J., zhan,x., xie,x., li,f., xie,q.",2014-09,2025-02-15,ssRNA(+)
PV083756,dengue virus type 1,Orthoflavivirus denguei,1,guangzhou-2014-1,10725,complete,"China: Guangdong, guangzhoucity",Homo sapiens,blood,"Chen,Y., chen,R., liu,J., zhan,x., xie,x., li,f., xie,q.",2014-09,2025-02-15,ssRNA(+)
PV083773,dengue virus type 1,Orthoflavivirus denguei,1,guangzhou-2014-1,10725,complete,"China: Guangdong, guangzhoucity",Homo sapiens,blood,"Chen,Y., chen,R., liu,J., zhan,x., xie,x., li,f., xie,q.",2014-09,2025-02-15,ssRNA(+)
PV018436,dengue virus type 2,Orthoflavivirus denguei,2,SG(EHI)D2/51858Y19,10723,complete,Singapore,Homo sapiens,blood,"Hapuarachchi,H.C., Yeo,G., Lee,R.X., Wong,J., Ng,L.C.",2019-12,2025-01-31,ssRNA(+)
LC793494,dengue virus type 1,Orthoflavivirus denguei,1,DV1-5,10735,complete,Japan,Homo sapiens,blood,"Kurosu,T., Sakai,Y., Ami,Y., Shimojima,M., Yoshikawa,T., Fukushi,S., Nagata,N., Suzuki,T., Ebihara,H., Saijo,M.",2023-12-26,2024-12-13,ssRNA(+)
LC793496,dengue virus type 3,Orthoflavivirus denguei,3,DV3P1208,10707,complete,Japan,Homo sapiens,blood,"Kurosu,T., Sakai,Y., Ami,Y., Shimojima,M., Yoshikawa,T., Fukushi,S., Nagata,N., Suzuki,T., Ebihara,H., Saijo,M.",2023-12-26,2024-12-13,ssRNA(+)
PQ657766,dengue virus type 2,Orthoflavivirus denguei,2,hDenV2/Bangladesh/NRICh-DS028/2023,10723,complete,Bangladesh: Chattogram,Homo sapiens,blood,"Mannan,A., Rob,M.A., Satter,M., Faisal,A., Chowdhury,M.N., Maruf-ul-qader,M., Mehedi,H.H., Hossain,M., Hossain,M.M., Rahman,M.",2023-09,2024-12-04,ssRNA(+)
PQ555702,dengue virus type 4,Orthoflavivirus denguei,4,D4/Malaysia/110454/23,10649,complete,Malaysia: Negeri Sembilan,Homo sapiens,blood,"Djamil,F.M., Pun,H.L., Lim,X.R., Yu,C.Y., Chee,H.Y.",2023-09,2024-11-09,ssRNA(+)
PQ465587,dengue virus type 2,Orthoflavivirus denguei,2,D2/Malaysia/247146/15,10723,complete,Malaysia: Selangor,Homo sapiens,blood,"Suppiah,J., Ching,S.M., Amin-Nordin,S., Mat-Nor,L.A., Ahmad-Najimudin,N.A., Low,G.K., Abdul-Wahid,M.Z., Thayan,R., Chee,H.Y., Djamil,F.M., Chiew,J.H., Lim,X.R., Yu,C.Y.",2015-12,2024-10-21,ssRNA(+)
PP586198,dengue virus type 3,Orthoflavivirus denguei,3,DG03,10700,complete,Thailand,Homo sapiens,blood,"Meephaendee,L., Naemkhunthot,S., Posanacharoen,A., Rojanawiwat,A., Roychoudhury,P., Sereewit,J., Sobolik,E.B., Greninger,A.L.",2023-08-04,2024-10-11,ssRNA(+)
PP586203,dengue virus type 4,Orthoflavivirus denguei,4,DG08,10651,complete,Thailand,Homo sapiens,blood,"Meephaendee,L., Naemkhunthot,S., Posanacharoen,A., Rojanawiwat,A., Roychoudhury,P., Sereewit,J., Sobolik,E.B., Greninger,A.L.",2024-01-14,2024-10-11,ssRNA(+)
PQ357536,dengue virus type 1,Orthoflavivirus denguei,1,18GZ23120_D1_KHM,10735,complete,Cambodia,Homo sapiens,blood,"Su,W., Lu,W., Liu,P.",2018-09-27,2024-09-27,ssRNA(+)
PQ357537,dengue virus type 1,Orthoflavivirus denguei,1,18GZ26171_D1_PHL,10735,complete,Philippines,Homo sapiens,blood,"Su,W., Lu,W., Liu,P.",2018-10-24,2024-09-27,ssRNA(+)
PQ357538,dengue virus type 1,Orthoflavivirus denguei,1,18GZ61318_D1_IDN,10735,complete,Indonesia,Homo sapiens,blood,"Su,W., Lu,W., Liu,P.",2018-09-29,2024-09-27,ssRNA(+)
PQ357540,dengue virus type 1,Orthoflavivirus denguei,1,19GZ14846_D1_THA,10735,complete,Thailand,Homo sapiens,blood,"Su,W., Lu,W., Liu,P.",2019-06-15,2024-09-27,ssRNA(+)
PQ357542,dengue virus type 1,Orthoflavivirus denguei,1,19GZ15076_D1_KHM,10735,complete,Cambodia,Homo sapiens,blood,"Su,W., Lu,W., Liu,P.",2019-06-24,2024-09-27,ssRNA(+)
PQ357570,dengue virus type 1,Orthoflavivirus denguei,1,18GZ61914_D1_THA,10656,complete,Thailand,Homo sapiens,blood,"Su,W., Lu,W., Liu,P.",2018-12-17,2024-09-27,ssRNA(+)
PQ357572,dengue virus type 1,Orthoflavivirus denguei,1,18GZ27977_D1_KHM,10655,complete,Cambodia,Homo sapiens,blood,"Su,W., Lu,W., Liu,P.",2018-11-11,2024-09-27,ssRNA(+)
PQ357326,dengue virus type 4,Orthoflavivirus denguei,4,23GZ08185_D4_IDN,10652,complete,Indonesia,Homo sapiens,blood,"Su,W., Lu,W., Liu,P.",2023-05-15,2024-09-26,ssRNA(+)
PQ357511,dengue virus type 3,Orthoflavivirus denguei,3,23GZ14235_D3_THA,10700,complete,Thailand,Homo sapiens,blood,"Su,W., Lu,W., Liu,P.",2023-07-16,2024-09-26,ssRNA(+)
PQ357519,dengue virus type 2,Orthoflavivirus denguei,2,23GZ12873_D2_THA,10723,complete,Thailand,Homo sapiens,blood,"Su,W., Lu,W., Liu,P.",2023-06-30,2024-09-26,ssRNA(+)
PQ357520,dengue virus type 2,Orthoflavivirus denguei,2,23GZ15799_D2_MYS,10723,complete,Malaysia,Homo sapiens,blood,"Su,W., Lu,W., Liu,P.",2023-07-26,2024-09-26,ssRNA(+)
PQ203299,dengue virus type 3,Orthoflavivirus denguei,3,23GZ14235_D3_THA,10700,complete,Thailand,Homo sapiens,blood,"Su,W., Lu,W., Liu,P.",2023-07-16,2024-08-25,ssRNA(+)
PQ203301,dengue virus type 3,Orthoflavivirus denguei,3,23GZ19808_D3_THA,10700,complete,Thailand,Homo sapiens,blood,"Su,W., Lu,W., Liu,P.",2023-10-03,2024-08-25,ssRNA(+)
PP711274,dengue virus type 3,Orthoflavivirus denguei,3,Dengue virus type 3 Homo sapiens/Bangladesh-UF-1/2019,10707,complete,Bangladesh,Homo sapiens,blood,"Stephenson,C.J., Nelson,E.J., Lednicky,J.A.",2019-08-13,2024-04-28,ssRNA(+)
PP564823,dengue virus type 1,Orthoflavivirus denguei,1,23GZ20477_D1_SZ,10712,complete,China: Guangzhou,Homo sapiens,blood,"Su,W., Lu,W., Liu,P.",2023-10-06,2024-04-05,ssRNA(+)
PP563826,dengue virus type 1,Orthoflavivirus denguei,1,23GZ16582_D1_YN,10734,complete,China: Yunnan,Homo sapiens,blood,"Su,W., Lu,W., Liu,P.",2023-08-21,2024-04-04,ssRNA(+)
PP563875,dengue virus type 1,Orthoflavivirus denguei,1,23GZ17450_D1_A,10734,complete,China: Guangzhou,Homo sapiens,blood,"Su,W., Lu,W., Liu,P.",2023-09-03,2024-04-04,ssRNA(+)
PP540290,dengue virus type 1,Orthoflavivirus denguei,1,23GZ15876_D1_A,10734,complete,China: Guangzhou,Homo sapiens,blood,"Su,W., Lu,W., Liu,P.",2023-08-13,2024-03-31,ssRNA(+)
OR821724,dengue virus type 2,Orthoflavivirus denguei,2,DENV2_CDBT_TU_NP181,10723,complete,Nepal,Homo sapiens,blood,"Napit,R., Ngono,A.E., Mihindukulasuriya,K.A., Pradhan,A., Shrestha,S., Khadka,B., Chalise,B.S., Rawal,M., Wang,D., Handley,S.A., Shresta,S., Manandhar,K.D.",2022-09,2023-11-21,ssRNA(+)
OR821725,dengue virus type 2,Orthoflavivirus denguei,2,DENV2_CDBT_TU_NP40,10723,complete,Nepal,Homo sapiens,blood,"Napit,R., Ngono,A.E., Mihindukulasuriya,K.A., Pradhan,A., Shrestha,S., Khadka,B., Chalise,B.S., Rawal,M., Wang,D., Handley,S.A., Shresta,S., Manandhar,K.D.",2022-09,2023-11-21,ssRNA(+)
OR821726,dengue virus type 3,Orthoflavivirus denguei,3,DENV3_CDBT_TU_NP224,10708,complete,Nepal,Homo sapiens,blood,"Napit,R., Ngono,A.E., Mihindukulasuriya,K.A., Pradhan,A., Shrestha,S., Khadka,B., Chalise,B.S., Rawal,M., Wang,D., Handley,S.A., Shresta,S., Manandhar,K.D.",2022-09,2023-11-21,ssRNA(+)
OR418422,dengue virus type 1,Orthoflavivirus denguei,1,23GZ09930A_D1_F,10734,complete,China: Guangzhou,Homo sapiens,blood,"Su,W., Lu,W., Cao,Y.",2023-06-10,2023-08-15,ssRNA(+)
OQ832616,dengue virus type 2,Orthoflavivirus denguei,2,DENVN19_004,10723,complete,Viet Nam,Homo sapiens,blood,"Phadungsombat,J., Vu,H.T.T., Nguyen,Q.T., Nguyen,H.T.V., Nguyen,H.T.N., Dang,B.T., Nakayama,E.E., Ishizaki,A., Ichimura,H., Shioda,T., Pham,T.N., Nakayama,E.",2019-10,2023-06-20,ssRNA(+)
OQ832617,dengue virus type 2,Orthoflavivirus denguei,2,DENVN19_010,10723,complete,Viet Nam,Homo sapiens,blood,"Phadungsombat,J., Vu,H.T.T., Nguyen,Q.T., Nguyen,H.T.V., Nguyen,H.T.N., Dang,B.T., Nakayama,E.E., Ishizaki,A., Ichimura,H., Shioda,T., Pham,T.N., Nakayama,E.",2019-10,2023-06-20,ssRNA(+)
OQ832618,dengue virus type 2,Orthoflavivirus denguei,2,DENVN19_011,10723,complete,Viet Nam,Homo sapiens,blood,"Phadungsombat,J., Vu,H.T.T., Nguyen,Q.T., Nguyen,H.T.V., Nguyen,H.T.N., Dang,B.T., Nakayama,E.E., Ishizaki,A., Ichimura,H., Shioda,T., Pham,T.N., Nakayama,E.",2019-10,2023-06-20,ssRNA(+)
OQ832619,dengue virus type 2,Orthoflavivirus denguei,2,DENVN19_013,10723,complete,Viet Nam,Homo sapiens,blood,"Phadungsombat,J., Vu,H.T.T., Nguyen,Q.T., Nguyen,H.T.V., Nguyen,H.T.N., Dang,B.T., Nakayama,E.E., Ishizaki,A., Ichimura,H., Shioda,T., Pham,T.N., Nakayama,E.",2019-10,2023-06-20,ssRNA(+)
OQ832620,dengue virus type 2,Orthoflavivirus denguei,2,DENVN19_015,10723,complete,Viet Nam,Homo sapiens,blood,"Phadungsombat,J., Vu,H.T.T., Nguyen,Q.T., Nguyen,H.T.V., Nguyen,H.T.N., Dang,B.T., Nakayama,E.E., Ishizaki,A., Ichimura,H., Shioda,T., Pham,T.N., Nakayama,E.",2019-10,2023-06-20,ssRNA(+)
OQ832621,dengue virus type 2,Orthoflavivirus denguei,2,DENVN19_078,10723,complete,Viet Nam,Homo sapiens,blood,"Phadungsombat,J., Vu,H.T.T., Nguyen,Q.T., Nguyen,H.T.V., Nguyen,H.T.N., Dang,B.T., Nakayama,E.E., Ishizaki,A., Ichimura,H., Shioda,T., Pham,T.N., Nakayama,E.",2019-12,2023-06-20,ssRNA(+)
OQ832622,dengue virus type 2,Orthoflavivirus denguei,2,DENVN19_089,10723,complete,Viet Nam: Hanoi,Homo sapiens,blood,"Phadungsombat,J., Vu,H.T.T., Nguyen,Q.T., Nguyen,H.T.V., Nguyen,H.T.N., Dang,B.T., Nakayama,E.E., Ishizaki,A., Ichimura,H., Shioda,T., Pham,T.N., Nakayama,E.",2019-12,2023-06-20,ssRNA(+)
OQ832623,dengue virus type 2,Orthoflavivirus denguei,2,DENVN19_143,10723,complete,Viet Nam,Homo sapiens,blood,"Phadungsombat,J., Vu,H.T.T., Nguyen,Q.T., Nguyen,H.T.V., Nguyen,H.T.N., Dang,B.T., Nakayama,E.E., Ishizaki,A., Ichimura,H., Shioda,T., Pham,T.N., Nakayama,E.",2019-10,2023-06-20,ssRNA(+)
OQ832624,dengue virus type 2,Orthoflavivirus denguei,2,DENVN20_107,10723,complete,Viet Nam: Hanoi,Homo sapiens,blood,"Phadungsombat,J., Vu,H.T.T., Nguyen,Q.T., Nguyen,H.T.V., Nguyen,H.T.N., Dang,B.T., Nakayama,E.E., Ishizaki,A., Ichimura,H., Shioda,T., Pham,T.N., Nakayama,E.",2020-09,2023-06-20,ssRNA(+)
OQ832625,dengue virus type 2,Orthoflavivirus denguei,2,DENVN20_113,10723,complete,Viet Nam: Hanoi,Homo sapiens,blood,"Phadungsombat,J., Vu,H.T.T., Nguyen,Q.T., Nguyen,H.T.V., Nguyen,H.T.N., Dang,B.T., Nakayama,E.E., Ishizaki,A., Ichimura,H., Shioda,T., Pham,T.N., Nakayama,E.",2020-09,2023-06-20,ssRNA(+)
OQ832626,dengue virus type 2,Orthoflavivirus denguei,2,DENVN20_118,10723,complete,Viet Nam: Hanoi,Homo sapiens,blood,"Phadungsombat,J., Vu,H.T.T., Nguyen,Q.T., Nguyen,H.T.V., Nguyen,H.T.N., Dang,B.T., Nakayama,E.E., Ishizaki,A., Ichimura,H., Shioda,T., Pham,T.N., Nakayama,E.",2020-09,2023-06-20,ssRNA(+)
OQ832627,dengue virus type 2,Orthoflavivirus denguei,2,DENVN20_127,10723,complete,Viet Nam: Hanoi,Homo sapiens,blood,"Phadungsombat,J., Vu,H.T.T., Nguyen,Q.T., Nguyen,H.T.V., Nguyen,H.T.N., Dang,B.T., Nakayama,E.E., Ishizaki,A., Ichimura,H., Shioda,T., Pham,T.N., Nakayama,E.",2020-09,2023-06-20,ssRNA(+)
OR125606,dengue virus type 2,Orthoflavivirus denguei,2,23GZ06966_DENV-2_IDN,10723,complete,China: Guangzhou,Homo sapiens,blood,"Su,W., Lu,W., Cao,Y.",2023-05-06,2023-06-18,ssRNA(+)
OM250394,dengue virus type 1,Orthoflavivirus denguei,1,RL,10735,complete,China,Homo sapiens,blood,"Liu,Y.",2017-07-22,2023-04-01,ssRNA(+)
OM256481,dengue virus type 2,Orthoflavivirus denguei,2,ML,10723,complete,China,Homo sapiens,blood,"Liu,Y.",2017-07-22,2023-04-01,ssRNA(+)
OM257419,dengue virus type 2,Orthoflavivirus denguei,2,017,10713,complete,China,Homo sapiens,blood,"Liu,Y.",2017-07-22,2023-04-01,ssRNA(+)
OQ652964,dengue virus type 2,Orthoflavivirus denguei,2,DENV2_YN_MH,10723,complete,China,Homo sapiens,blood,"Liang,C.",2018-09,2023-03-24,ssRNA(+)
OQ652965,dengue virus type 2,Orthoflavivirus denguei,2,DENV2_YN_017,10710,complete,Myanmar,Homo sapiens,blood,"Liang,C.",2018-09,2023-03-24,ssRNA(+)
OM281569,dengue virus type 1,Orthoflavivirus denguei,1,037/SH/2018,10735,complete,Cambodia,Homo sapiens,blood,"Wang,W.",2018-12,2022-12-31,ssRNA(+)
OM281570,dengue virus type 1,Orthoflavivirus denguei,1,038/SH/2018,10735,complete,China: Shanghai,Homo sapiens,blood,"Wang,W.",2018-12,2022-12-31,ssRNA(+)
OM281571,dengue virus type 1,Orthoflavivirus denguei,1,042/SH/2018,10734,complete,China: Shanghai,Homo sapiens,blood,"Wang,W.",2018-12,2022-12-31,ssRNA(+)
OM281572,dengue virus type 1,Orthoflavivirus denguei,1,043/SH/2018,10735,complete,Thailand,Homo sapiens,blood,"Wang,W.",2018-12,2022-12-31,ssRNA(+)
OM281573,dengue virus type 1,Orthoflavivirus denguei,1,045/SH/2018,10734,complete,China: Shanghai,Homo sapiens,blood,"Wang,W.",2018-12,2022-12-31,ssRNA(+)
OM281574,dengue virus type 1,Orthoflavivirus denguei,1,066/SH/2018,10735,complete,Cambodia,Homo sapiens,blood,"Wang,W.",2018-12,2022-12-31,ssRNA(+)
OM281575,dengue virus type 1,Orthoflavivirus denguei,1,022/SH/2019,10735,complete,Cambodia,Homo sapiens,blood,"Wang,W.",2019-12,2022-12-31,ssRNA(+)
OM281576,dengue virus type 1,Orthoflavivirus denguei,1,023/SH/2019,10735,complete,Cambodia,Homo sapiens,blood,"Wang,W.",2019-12,2022-12-31,ssRNA(+)
OM281577,dengue virus type 1,Orthoflavivirus denguei,1,024/SH/2019,10735,complete,Cambodia,Homo sapiens,blood,"Wang,W.",2019-12,2022-12-31,ssRNA(+)
OM281578,dengue virus type 1,Orthoflavivirus denguei,1,025/SH/2019,10735,complete,Cambodia,Homo sapiens,blood,"Wang,W.",2019-12,2022-12-31,ssRNA(+)
OM281579,dengue virus type 1,Orthoflavivirus denguei,1,030/SH/2019,10735,complete,Cambodia,Homo sapiens,blood,"Wang,W.",2019-12,2022-12-31,ssRNA(+)
OM281580,dengue virus type 1,Orthoflavivirus denguei,1,046/SH/2019,10735,complete,Cambodia,Homo sapiens,blood,"Wang,W.",2019-12,2022-12-31,ssRNA(+)
OM281581,dengue virus type 1,Orthoflavivirus denguei,1,049/SH/2019,10735,complete,Cambodia,Homo sapiens,blood,"Wang,W.",2019-12,2022-12-31,ssRNA(+)
OM281582,dengue virus type 1,Orthoflavivirus denguei,1,053/SH/2019,10735,complete,Cambodia,Homo sapiens,blood,"Wang,W.",2019-12,2022-12-31,ssRNA(+)
OM281583,dengue virus type 1,Orthoflavivirus denguei,1,055/SH/2019,10735,complete,Cambodia,Homo sapiens,blood,"Wang,W.",2019-12,2022-12-31,ssRNA(+)
OM281584,dengue virus type 1,Orthoflavivirus denguei,1,057/SH/2019,10735,complete,Cambodia,Homo sapiens,blood,"Wang,W.",2019-12,2022-12-31,ssRNA(+)
OM281585,dengue virus type 1,Orthoflavivirus denguei,1,067/SH/2019,10735,complete,Thailand,Homo sapiens,blood,"Wang,W.",2019-12,2022-12-31,ssRNA(+)
OM281586,dengue virus type 1,Orthoflavivirus denguei,1,068/SH/2019,10735,complete,Thailand,Homo sapiens,blood,"Wang,W.",2019-12,2022-12-31,ssRNA(+)
OM281587,dengue virus type 1,Orthoflavivirus denguei,1,073/SH/2019,10735,complete,Cambodia,Homo sapiens,blood,"Wang,W.",2019-12,2022-12-31,ssRNA(+)
OM281588,dengue virus type 1,Orthoflavivirus denguei,1,074/SH/2019,10735,complete,Cambodia,Homo sapiens,blood,"Wang,W.",2019-12,2022-12-31,ssRNA(+)
OM281589,dengue virus type 1,Orthoflavivirus denguei,1,090/SH/2019,10735,complete,Philippines,Homo sapiens,blood,"Wang,W.",2019-12,2022-12-31,ssRNA(+)
OM281590,dengue virus type 1,Orthoflavivirus denguei,1,092/SH/2019,10735,complete,Cambodia,Homo sapiens,blood,"Wang,W.",2019-12,2022-12-31,ssRNA(+)
OM281591,dengue virus type 1,Orthoflavivirus denguei,1,094/SH/2019,10735,complete,Cambodia,Homo sapiens,blood,"Wang,W.",2019-12,2022-12-31,ssRNA(+)
OM281592,dengue virus type 1,Orthoflavivirus denguei,1,095/SH/2019,10735,complete,Cambodia,Homo sapiens,blood,"Wang,W.",2019-12,2022-12-31,ssRNA(+)
OM281593,dengue virus type 1,Orthoflavivirus denguei,1,098/SH/2019,10735,complete,Thailand,Homo sapiens,blood,"Wang,W.",2019-12,2022-12-31,ssRNA(+)
OM281594,dengue virus type 1,Orthoflavivirus denguei,1,123/SH/2019,10735,complete,China: Guangdong province,Homo sapiens,blood,"Wang,W.",2019-12,2022-12-31,ssRNA(+)
OM281595,dengue virus type 1,Orthoflavivirus denguei,1,128/SH/2019,10735,complete,Viet Nam,Homo sapiens,blood,"Wang,W.",2019-12,2022-12-31,ssRNA(+)
OM281596,dengue virus type 1,Orthoflavivirus denguei,1,132/SH/2019,10735,complete,Maldives,Homo sapiens,blood,"Wang,W.",2019-12,2022-12-31,ssRNA(+)
OM281597,dengue virus type 1,Orthoflavivirus denguei,1,137/SH/2019,10736,complete,Philippines,Homo sapiens,blood,"Wang,W.",2019-12,2022-12-31,ssRNA(+)
OM281598,dengue virus type 1,Orthoflavivirus denguei,1,144/SH/2019,10735,complete,Thailand,Homo sapiens,blood,"Wang,W.",2019-12,2022-12-31,ssRNA(+)
OM281599,dengue virus type 1,Orthoflavivirus denguei,1,002/SH/2020,10736,complete,Philippines,Homo sapiens,blood,"Wang,W.",2020-12,2022-12-31,ssRNA(+)
ON103302,dengue virus type 3,Orthoflavivirus denguei,1,,10707,complete,Bangladesh,Homo sapiens,blood,"Sarkar,M.M., Rabbi,M.F., Akter,S., Islam,M.S., Banu,T.A., Jahan,I., Miah,M.I., Goswami,B., Habib,M.A., Akhteruzzaman,S., Shaikh,M.A., Rubaiya,A., Ilias,M., Khan,M.S.",2021-08,2022-11-15,ssRNA(+)
ON103390,dengue virus type 3,Orthoflavivirus denguei,1,,10707,complete,Bangladesh,Homo sapiens,blood,"Sarkar,M.M., Islam,M.S., Miah,M.I., Akter,S., Banu,T.A., Goswami,B., Jahan,I., Habib,M.A., Shaikh,M.A., Rubaiya,A., Ilias,M., Khan,M.S.",2021-08,2022-11-15,ssRNA(+)
ON111445,dengue virus type 3,Orthoflavivirus denguei,1,,10707,complete,Bangladesh,Homo sapiens,blood,"Sarkar,M.M., Islam,M.S., Miah,M.I., Akter,S., Banu,T.A., Goswami,B., Jahan,I., Habib,M.A., Shaikh,M.A., Rubaiya,A., Ilias,M., Khan,M.S.",2021-08,2022-11-15,ssRNA(+)
ON115021,dengue virus type 3,Orthoflavivirus denguei,1,,10707,complete,Bangladesh,Homo sapiens,blood,"Sarkar,M.M., Islam,M.S., Miah,M.I., Akter,S., Banu,T.A., Goswami,B., Jahan,I., Habib,M.A., Shaikh,M.A., Rubaiya,A., Ilias,M., Khan,M.S.",2021-08,2022-11-15,ssRNA(+)
ON115023,dengue virus type 3,Orthoflavivirus denguei,1,,10707,complete,Bangladesh,Homo sapiens,blood,"Sarkar,M.M., Islam,M.S., Miah,M.I., Akter,S., Banu,T.A., Goswami,B., Jahan,I., Habib,M.A., Shaikh,M.A., Rubaiya,A., Ilias,M., Khan,M.S.",2021-08,2022-11-15,ssRNA(+)
ON115025,dengue virus type 3,Orthoflavivirus denguei,1,,10707,complete,Bangladesh,Homo sapiens,blood,"Sarkar,M.M., Islam,M.S., Miah,M.I., Akter,S., Banu,T.A., Goswami,B., Jahan,I., Habib,M.A., Shaikh,M.A., Rubaiya,A., Ilias,M., Khan,M.S.",2021-08,2022-11-15,ssRNA(+)
ON115029,dengue virus type 3,Orthoflavivirus denguei,1,,10707,complete,Bangladesh,Homo sapiens,blood,"Sarkar,M.M., Islam,M.S., Miah,M.I., Akter,S., Banu,T.A., Goswami,B., Jahan,I., Habib,M.A., Shaikh,M.A., Rubaiya,A., Ilias,M., Khan,M.S.",2021-08,2022-11-15,ssRNA(+)
ON115182,dengue virus type 3,Orthoflavivirus denguei,1,,10707,complete,Bangladesh,Homo sapiens,blood,"Sarkar,M.M., Islam,M.S., Miah,M.I., Akter,S., Banu,T.A., Goswami,B., Jahan,I., Habib,M.A., Shaikh,M.A., Rubaiya,A., Ilias,M., Khan,M.S.",2021-08,2022-11-15,ssRNA(+)
ON115811,dengue virus type 3,Orthoflavivirus denguei,1,,10707,complete,Bangladesh,Homo sapiens,blood,"Sarkar,M.M., Islam,M.S., Miah,M.I., Akter,S., Banu,T.A., Goswami,B., Jahan,I., Habib,M.A., Shaikh,M.A., Rubaiya,A., Ilias,M., Khan,M.S.",2021-08,2022-11-15,ssRNA(+)
ON115814,dengue virus type 3,Orthoflavivirus denguei,1,,10707,complete,Bangladesh,Homo sapiens,blood,"Sarkar,M.M., Islam,M.S., Miah,M.I., Akter,S., Banu,T.A., Goswami,B., Jahan,I., Habib,M.A., Shaikh,M.A., Rubaiya,A., Ilias,M., Khan,M.S.",2021-08,2022-11-15,ssRNA(+)
ON115816,dengue virus type 3,Orthoflavivirus denguei,1,,10707,complete,Bangladesh,Homo sapiens,blood,"Sarkar,M.M., Islam,M.S., Miah,M.I., Akter,S., Banu,T.A., Goswami,B., Jahan,I., Habib,M.A., Shaikh,M.A., Rubaiya,A., Ilias,M., Khan,M.S.",2021-08,2022-11-15,ssRNA(+)
ON115818,dengue virus type 3,Orthoflavivirus denguei,1,,10707,complete,Bangladesh,Homo sapiens,blood,"Sarkar,M.M., Islam,M.S., Miah,M.I., Akter,S., Banu,T.A., Goswami,B., Jahan,I., Habib,M.A., Shaikh,M.A., Rubaiya,A., Ilias,M., Khan,M.S.",2021-08,2022-11-15,ssRNA(+)
ON116129,dengue virus type 3,Orthoflavivirus denguei,1,,10707,complete,Bangladesh,Homo sapiens,blood,"Sarkar,M.M., Islam,M.S., Miah,M.I., Akter,S., Banu,T.A., Goswami,B., Jahan,I., Habib,M.A., Shaikh,M.A., Rubaiya,A., Ilias,M., Khan,M.S.",2021-08,2022-11-15,ssRNA(+)
ON127418,dengue virus type 3,Orthoflavivirus denguei,1,,10707,complete,Bangladesh,Homo sapiens,blood,"Sarkar,M.M., Islam,M.S., Miah,M.I., Akter,S., Banu,T.A., Goswami,B., Jahan,I., Habib,M.A., Shaikh,M.A., Rubaiya,A., Ilias,M., Khan,M.S.",2021-08,2022-11-15,ssRNA(+)
ON127533,dengue virus type 3,Orthoflavivirus denguei,1,,10707,complete,Bangladesh,Homo sapiens,blood,"Sarkar,M.M., Islam,M.S., Miah,M.I., Akter,S., Banu,T.A., Goswami,B., Jahan,I., Habib,M.A., Shaikh,M.A., Rubaiya,A., Ilias,M., Khan,M.S.",2021-08,2022-11-15,ssRNA(+)
ON127537,dengue virus type 3,Orthoflavivirus denguei,1,,10707,complete,Bangladesh,Homo sapiens,blood,"Sarkar,M.M., Islam,M.S., Miah,M.I., Akter,S., Banu,T.A., Goswami,B., Jahan,I., Habib,M.A., Shaikh,M.A., Rubaiya,A., Ilias,M., Khan,M.S.",2021-08,2022-11-15,ssRNA(+)
ON127550,dengue virus type 3,Orthoflavivirus denguei,1,,10707,complete,Bangladesh,Homo sapiens,blood,"Sarkar,M.M., Islam,M.S., Miah,M.I., Akter,S., Banu,T.A., Goswami,B., Jahan,I., Habib,M.A., Shaikh,M.A., Rubaiya,A., Ilias,M., Khan,M.S.",2021-08,2022-11-15,ssRNA(+)
ON127552,dengue virus type 3,Orthoflavivirus denguei,1,,10707,complete,Bangladesh,Homo sapiens,blood,"Sarkar,M.M., Islam,M.S., Miah,M.I., Akter,S., Banu,T.A., Goswami,B., Jahan,I., Habib,M.A., Shaikh,M.A., Rubaiya,A., Ilias,M., Khan,M.S.",2021-08,2022-11-15,ssRNA(+)
OL314735,dengue virus type 4,Orthoflavivirus denguei,4,JBB-004,10653,complete,Indonesia,Homo sapiens,blood,"Wardhani,P., Yohan,B., Tanzilia,M., Sunari,E.P., Wrahatnala,B.J., Hakim,F.K.N., Rohman,A., Husada,D., Hayati,R.F., Santoso,M.S., Sievers,J.T.O., Aryati,A., Sasmono,R.T., Hakim,F.K., Sievers,J.T.",2019-05-21,2022-10-28,ssRNA(+)
OL314736,dengue virus type 4,Orthoflavivirus denguei,4,JBB-007,10653,complete,Indonesia,Homo sapiens,blood,"Wardhani,P., Yohan,B., Tanzilia,M., Sunari,E.P., Wrahatnala,B.J., Hakim,F.K.N., Rohman,A., Husada,D., Hayati,R.F., Santoso,M.S., Sievers,J.T.O., Aryati,A., Sasmono,R.T., Hakim,F.K., Sievers,J.T.",2019-05-21,2022-10-28,ssRNA(+)
OL314737,dengue virus type 4,Orthoflavivirus denguei,4,JBB-008,10653,complete,Indonesia,Homo sapiens,blood,"Wardhani,P., Yohan,B., Tanzilia,M., Sunari,E.P., Wrahatnala,B.J., Hakim,F.K.N., Rohman,A., Husada,D., Hayati,R.F., Santoso,M.S., Sievers,J.T.O., Aryati,A., Sasmono,R.T., Hakim,F.K., Sievers,J.T.",2019-05-23,2022-10-28,ssRNA(+)
OL314738,dengue virus type 4,Orthoflavivirus denguei,4,JBB-023,10653,complete,Indonesia,Homo sapiens,blood,"Wardhani,P., Yohan,B., Tanzilia,M., Sunari,E.P., Wrahatnala,B.J., Hakim,F.K.N., Rohman,A., Husada,D., Hayati,R.F., Santoso,M.S., Sievers,J.T.O., Aryati,A., Sasmono,R.T., Hakim,F.K., Sievers,J.T.",2019-05-26,2022-10-28,ssRNA(+)
OL314739,dengue virus type 4,Orthoflavivirus denguei,4,JBB-024,10653,complete,Indonesia,Homo sapiens,blood,"Wardhani,P., Yohan,B., Tanzilia,M., Sunari,E.P., Wrahatnala,B.J., Hakim,F.K.N., Rohman,A., Husada,D., Hayati,R.F., Santoso,M.S., Sievers,J.T.O., Aryati,A., Sasmono,R.T., Hakim,F.K., Sievers,J.T.",2019-05-26,2022-10-28,ssRNA(+)
OL314740,dengue virus type 4,Orthoflavivirus denguei,4,JBB-037,10653,complete,Indonesia,Homo sapiens,blood,"Wardhani,P., Yohan,B., Tanzilia,M., Sunari,E.P., Wrahatnala,B.J., Hakim,F.K.N., Rohman,A., Husada,D., Hayati,R.F., Santoso,M.S., Sievers,J.T.O., Aryati,A., Sasmono,R.T., Hakim,F.K., Sievers,J.T.",2019-05-30,2022-10-28,ssRNA(+)
OL314741,dengue virus type 4,Orthoflavivirus denguei,4,JBB-042,10653,complete,Indonesia,Homo sapiens,blood,"Wardhani,P., Yohan,B., Tanzilia,M., Sunari,E.P., Wrahatnala,B.J., Hakim,F.K.N., Rohman,A., Husada,D., Hayati,R.F., Santoso,M.S., Sievers,J.T.O., Aryati,A., Sasmono,R.T., Hakim,F.K., Sievers,J.T.",2019-06-20,2022-10-28,ssRNA(+)
OL314742,dengue virus type 4,Orthoflavivirus denguei,4,JBB-044,10653,complete,Indonesia,Homo sapiens,blood,"Wardhani,P., Yohan,B., Tanzilia,M., Sunari,E.P., Wrahatnala,B.J., Hakim,F.K.N., Rohman,A., Husada,D., Hayati,R.F., Santoso,M.S., Sievers,J.T.O., Aryati,A., Sasmono,R.T., Hakim,F.K., Sievers,J.T.",2019-06-25,2022-10-28,ssRNA(+)
OL314743,dengue virus type 4,Orthoflavivirus denguei,4,JBB-045,10653,complete,Indonesia,Homo sapiens,blood,"Wardhani,P., Yohan,B., Tanzilia,M., Sunari,E.P., Wrahatnala,B.J., Hakim,F.K.N., Rohman,A., Husada,D., Hayati,R.F., Santoso,M.S., Sievers,J.T.O., Aryati,A., Sasmono,R.T., Hakim,F.K., Sievers,J.T.",2019-06-24,2022-10-28,ssRNA(+)
OL314744,dengue virus type 4,Orthoflavivirus denguei,4,JBB-049,10653,complete,Indonesia,Homo sapiens,blood,"Wardhani,P., Yohan,B., Tanzilia,M., Sunari,E.P., Wrahatnala,B.J., Hakim,F.K.N., Rohman,A., Husada,D., Hayati,R.F., Santoso,M.S., Sievers,J.T.O., Aryati,A., Sasmono,R.T., Hakim,F.K., Sievers,J.T.",2019-06-26,2022-10-28,ssRNA(+)
OL314745,dengue virus type 4,Orthoflavivirus denguei,4,JBB-050,10653,complete,Indonesia,Homo sapiens,blood,"Wardhani,P., Yohan,B., Tanzilia,M., Sunari,E.P., Wrahatnala,B.J., Hakim,F.K.N., Rohman,A., Husada,D., Hayati,R.F., Santoso,M.S., Sievers,J.T.O., Aryati,A., Sasmono,R.T., Hakim,F.K., Sievers,J.T.",2019-06-28,2022-10-28,ssRNA(+)
OL314746,dengue virus type 4,Orthoflavivirus denguei,4,JBB-051,10653,complete,Indonesia,Homo sapiens,blood,"Wardhani,P., Yohan,B., Tanzilia,M., Sunari,E.P., Wrahatnala,B.J., Hakim,F.K.N., Rohman,A., Husada,D., Hayati,R.F., Santoso,M.S., Sievers,J.T.O., Aryati,A., Sasmono,R.T., Hakim,F.K., Sievers,J.T.",2019-06-28,2022-10-28,ssRNA(+)
OL314747,dengue virus type 4,Orthoflavivirus denguei,4,JBB-055,10653,complete,Indonesia,Homo sapiens,blood,"Wardhani,P., Yohan,B., Tanzilia,M., Sunari,E.P., Wrahatnala,B.J., Hakim,F.K.N., Rohman,A., Husada,D., Hayati,R.F., Santoso,M.S., Sievers,J.T.O., Aryati,A., Sasmono,R.T., Hakim,F.K., Sievers,J.T.",2019-07-06,2022-10-28,ssRNA(+)
OP410989,dengue virus type 2,Orthoflavivirus denguei,2,SG(EHI)D2/0866Y07,10723,complete,Singapore,Homo sapiens,blood,"Hapuarachchi,H.C., Setoh,Y.X., Wong,J.C.C., Ng,L.C.",2007-07,2022-09-15,ssRNA(+)
OP410990,dengue virus type 2,Orthoflavivirus denguei,2,SG(EHI)D2/41002Y19,10723,complete,Singapore,Homo sapiens,blood,"Hapuarachchi,H.C., Setoh,Y.X., Wong,J.C.C., Ng,L.C.",2019-10,2022-09-15,ssRNA(+)
OP410991,dengue virus type 2,Orthoflavivirus denguei,2,SG(EHI)D2/44766Y17,10718,complete,Singapore,Homo sapiens,blood,"Hapuarachchi,H.C., Setoh,Y.X., Wong,J.C.C., Ng,L.C.",2017-10,2022-09-15,ssRNA(+)
OP410992,dengue virus type 2,Orthoflavivirus denguei,2,SG(EHI)D2/43089Y16,10723,complete,Singapore,Homo sapiens,blood,"Hapuarachchi,H.C., Setoh,Y.X., Wong,J.C.C., Ng,L.C.",2016-10,2022-09-15,ssRNA(+)
OP410993,dengue virus type 3,Orthoflavivirus denguei,3,SG(EHI)D3/1392Y08,10708,complete,Singapore,Homo sapiens,blood,"Hapuarachchi,H.C., Setoh,Y.X., Wong,J.C.C., Ng,L.C.",2008-09,2022-09-15,ssRNA(+)
OP410994,dengue virus type 3,Orthoflavivirus denguei,3,SG(EHI)D3/05416Y13,10708,complete,Singapore,Homo sapiens,blood,"Hapuarachchi,H.C., Setoh,Y.X., Wong,J.C.C., Ng,L.C.",2013-01,2022-09-15,ssRNA(+)
OP410995,dengue virus type 3,Orthoflavivirus denguei,3,SG(EHI)D3/44965Y14,10706,complete,Singapore,Homo sapiens,blood,"Hapuarachchi,H.C., Setoh,Y.X., Wong,J.C.C., Ng,L.C.",2014-10,2022-09-15,ssRNA(+)
OP410996,dengue virus type 3,Orthoflavivirus denguei,3,SG(EHI)D3/46200Y19,10707,complete,Singapore,Homo sapiens,blood,"Hapuarachchi,H.C., Setoh,Y.X., Wong,J.C.C., Ng,L.C.",2019-11,2022-09-15,ssRNA(+)
OP410997,dengue virus type 3,Orthoflavivirus denguei,3,SG(EHI)D3/04530Y19,10708,complete,Singapore,Homo sapiens,blood,"Hapuarachchi,H.C., Setoh,Y.X., Wong,J.C.C., Ng,L.C.",2019-01,2022-09-15,ssRNA(+)
OP410998,dengue virus type 3,Orthoflavivirus denguei,3,SG(EHI)D3/09568Y18,10700,complete,Singapore,Homo sapiens,blood,"Hapuarachchi,H.C., Setoh,Y.X., Wong,J.C.C., Ng,L.C.",2018-02,2022-09-15,ssRNA(+)
OP410999,dengue virus type 4,Orthoflavivirus denguei,4,SG(EHI)D4/16693AUG09,10653,complete,Singapore,Homo sapiens,blood,"Hapuarachchi,H.C., Setoh,Y.X., Wong,J.C.C., Ng,L.C.",2009-08,2022-09-15,ssRNA(+)
OP411000,dengue virus type 4,Orthoflavivirus denguei,4,SG(EHI)D4/42224Y17,10648,complete,Singapore,Homo sapiens,blood,"Hapuarachchi,H.C., Setoh,Y.X., Wong,J.C.C., Ng,L.C.",2017-10,2022-09-15,ssRNA(+)
OP411001,dengue virus type 4,Orthoflavivirus denguei,4,SG(EHI)D4/04645Y16,10653,complete,Singapore,Homo sapiens,blood,"Hapuarachchi,H.C., Setoh,Y.X., Wong,J.C.C., Ng,L.C.",2016-01,2022-09-15,ssRNA(+)
OP411002,dengue virus type 4,Orthoflavivirus denguei,4,SG(EHI)D4/30932Y19,10653,complete,Singapore,Homo sapiens,blood,"Hapuarachchi,H.C., Setoh,Y.X., Wong,J.C.C., Ng,L.C.",2019-07,2022-09-15,ssRNA(+)
ON799266,dengue virus type 1,Orthoflavivirus denguei,I,THSTI-TRC-DENV1-09,10735,complete,India,Homo sapiens,blood,"Maurya,R., Agrawal,T., Saraswat,S., Ananthraj,A., Chandele,A., Kumar,S., Kanakan,A., Chattopadhyay,P., Swaminathan,A., Saifi,S., Shashi,P., Pandey,R., Medigeshi,G.R.",2019,2022-06-26,ssRNA(+)
ON799402,dengue virus type 4,Orthoflavivirus denguei,I,THSTI-TRC-DENV4-01,10649,complete,India,Homo sapiens,blood,"Maurya,R., Agrawal,T., Saraswat,S., Ananthraj,A., Chandele,A., Kumar,S., Kanakan,A., Chattopadhyay,P., Swaminathan,A., Saifi,S., Shashi,P., Singh,B., Pandey,R., Medigeshi,G.R.",2020,2022-06-26,ssRNA(+)
ON799403,dengue virus type 4,Orthoflavivirus denguei,I,THSTI-TRC-DENV4-02,10649,complete,India,Homo sapiens,blood,"Maurya,R., Agrawal,T., Saraswat,S., Ananthraj,A., Chandele,A., Kumar,S., Kanakan,A., Chattopadhyay,P., Swaminathan,A., Saifi,S., Shashi,P., Singh,B., Pandey,R., Medigeshi,G.R.",2018,2022-06-26,ssRNA(+)
ON398847,dengue virus type 2,Orthoflavivirus denguei,1,PUO-218,10723,complete,Thailand,Homo sapiens,blood,"Marano,J.M., Weger-Lucarelli,J.",1980,2022-05-09,ssRNA(+)
MW721459,dengue virus type 2,Orthoflavivirus denguei,2,GZ8H/2019001/2018/II,10722,complete,China,Homo sapiens,blood,"Zhao,L., Zhang,L., Hong,W., Qiu,S., Wang,J., Zhang,F.",2018-10,2022-04-30,ssRNA(+)
MW721472,dengue virus type 2,Orthoflavivirus denguei,2,GZ8H/2019116/2014/II,10722,complete,China,Homo sapiens,blood,"Zhao,L., Zhang,L., Hong,W., Qiu,S., Wang,J., Zhang,F.",2014-10,2022-04-30,ssRNA(+)
ON123646,dengue virus type 1,Orthoflavivirus denguei,I,THSTI-TRC-DENV1-01,10735,complete,India,Homo sapiens,blood,"Maurya,R., Agrawal,T., Saraswat,S., Ananthraj,A., Chandele,A., Kumar,S., Kanakan,A., Chattopadhyay,P., Swaminathan,A., Saifi,S., Shashi,P., Pandey,R., Medigeshi,G.R.",2020,2022-04-05,ssRNA(+)
ON123650,dengue virus type 1,Orthoflavivirus denguei,I,THSTI-TRC-DENV1-04,10735,complete,India,Homo sapiens,blood,"Maurya,R., Agrawal,T., Saraswat,S., Ananthraj,A., Chandele,A., Kumar,S., Kanakan,A., Chattopadhyay,P., Swaminathan,A., Saifi,S., Shashi,P., Pandey,R., Medigeshi,G.R.",2020,2022-04-05,ssRNA(+)
ON123651,dengue virus type 2,Orthoflavivirus denguei,Cosmopolitan,THSTI-TRC-DENV2-02,10723,complete,India,Homo sapiens,blood,"Maurya,R., Agrawal,T., Saraswat,S., Ananthraj,A., Chandele,A., Kumar,S., Kanakan,A., Chattopadhyay,P., Swaminathan,A., Saifi,S., Shashi,P., Pandey,R., Medigeshi,G.R.",2020,2022-04-05,ssRNA(+)
ON123654,dengue virus type 1,Orthoflavivirus denguei,I,THSTI-TRC-DENV1-06,10735,complete,India,Homo sapiens,blood,"Maurya,R., Agrawal,T., Saraswat,S., Ananthraj,A., Chandele,A., Kumar,S., Kanakan,A., Chattopadhyay,P., Swaminathan,A., Saifi,S., Shashi,P., Pandey,R., Medigeshi,G.R.",2020,2022-04-05,ssRNA(+)
ON123655,dengue virus type 3,Orthoflavivirus denguei,III,THSTI-TRC-DENV3-01,10707,complete,India,Homo sapiens,blood,"Maurya,R., Agrawal,T., Saraswat,S., Ananthraj,A., Chandele,A., Kumar,S., Kanakan,A., Chattopadhyay,P., Swaminathan,A., Saifi,S., Shashi,P., Pandey,R., Medigeshi,G.R.",2020,2022-04-05,ssRNA(+)
ON123657,dengue virus type 1,Orthoflavivirus denguei,I,THSTI-TRC-DENV1-10,10735,complete,India,Homo sapiens,blood,"Maurya,R., Agrawal,T., Saraswat,S., Ananthraj,A., Chandele,A., Kumar,S., Kanakan,A., Chattopadhyay,P., Swaminathan,A., Saifi,S., Shashi,P., Pandey,R., Medigeshi,G.R.",2019,2022-04-05,ssRNA(+)
ON123658,dengue virus type 3,Orthoflavivirus denguei,III,THSTI-TRC-DENV3-02,10707,complete,India,Homo sapiens,blood,"Maurya,R., Agrawal,T., Saraswat,S., Ananthraj,A., Chandele,A., Kumar,S., Kanakan,A., Chattopadhyay,P., Swaminathan,A., Saifi,S., Shashi,P., Pandey,R., Medigeshi,G.R.",2019,2022-04-05,ssRNA(+)
ON123659,dengue virus type 3,Orthoflavivirus denguei,III,THSTI-TRC-DENV3-03,10707,complete,India,Homo sapiens,blood,"Maurya,R., Agrawal,T., Saraswat,S., Ananthraj,A., Chandele,A., Kumar,S., Kanakan,A., Chattopadhyay,P., Swaminathan,A., Saifi,S., Shashi,P., Pandey,R., Medigeshi,G.R.",2018,2022-04-05,ssRNA(+)
ON123660,dengue virus type 3,Orthoflavivirus denguei,III,THSTI-TRC-DENV3-04,10707,complete,India,Homo sapiens,blood,"Maurya,R., Agrawal,T., Saraswat,S., Ananthraj,A., Chandele,A., Kumar,S., Kanakan,A., Chattopadhyay,P., Swaminathan,A., Saifi,S., Shashi,P., Pandey,R., Medigeshi,G.R.",2018,2022-04-05,ssRNA(+)
ON123661,dengue virus type 1,Orthoflavivirus denguei,I,THSTI-TRC-DENV1-11,10735,complete,India,Homo sapiens,blood,"Maurya,R., Agrawal,T., Saraswat,S., Ananthraj,A., Chandele,A., Kumar,S., Kanakan,A., Chattopadhyay,P., Swaminathan,A., Saifi,S., Shashi,P., Pandey,R., Medigeshi,G.R.",2018,2022-04-05,ssRNA(+)
ON123662,dengue virus type 3,Orthoflavivirus denguei,III,THSTI-TRC-DENV3-05,10707,complete,India,Homo sapiens,blood,"Maurya,R., Agrawal,T., Saraswat,S., Ananthraj,A., Chandele,A., Kumar,S., Kanakan,A., Chattopadhyay,P., Swaminathan,A., Saifi,S., Shashi,P., Pandey,R., Medigeshi,G.R.",2018,2022-04-05,ssRNA(+)
ON123664,dengue virus type 1,Orthoflavivirus denguei,I,THSTI-TRC-DENV1-12,10735,complete,India,Homo sapiens,blood,"Maurya,R., Agrawal,T., Saraswat,S., Ananthraj,A., Chandele,A., Kumar,S., Kanakan,A., Chattopadhyay,P., Swaminathan,A., Saifi,S., Shashi,P., Pandey,R., Medigeshi,G.R.",2018,2022-04-05,ssRNA(+)
ON123665,dengue virus type 3,Orthoflavivirus denguei,III,THSTI-TRC-DENV3-06,10707,complete,India,Homo sapiens,blood,"Maurya,R., Agrawal,T., Saraswat,S., Ananthraj,A., Chandele,A., Kumar,S., Kanakan,A., Chattopadhyay,P., Swaminathan,A., Saifi,S., Shashi,P., Pandey,R., Medigeshi,G.R.",2018,2022-04-05,ssRNA(+)
ON123667,dengue virus type 1,Orthoflavivirus denguei,I,THSTI-TRC-DENV1-14,10735,complete,India,Homo sapiens,blood,"Maurya,R., Agrawal,T., Saraswat,S., Ananthraj,A., Chandele,A., Kumar,S., Kanakan,A., Chattopadhyay,P., Swaminathan,A., Saifi,S., Shashi,P., Pandey,R., Medigeshi,G.R.",2018,2022-04-05,ssRNA(+)
ON123668,dengue virus type 4,Orthoflavivirus denguei,I,THSTI-TRC-DENV4-04,10649,complete,India,Homo sapiens,blood,"Maurya,R., Agrawal,T., Saraswat,S., Ananthraj,A., Chandele,A., Kumar,S., Kanakan,A., Chattopadhyay,P., Swaminathan,A., Saifi,S., Shashi,P., Pandey,R., Medigeshi,G.R.",2018,2022-04-05,ssRNA(+)
ON123669,dengue virus type 3,Orthoflavivirus denguei,III,THSTI-TRC-DENV3-07,10707,complete,India,Homo sapiens,blood,"Maurya,R., Agrawal,T., Saraswat,S., Ananthraj,A., Chandele,A., Kumar,S., Kanakan,A., Chattopadhyay,P., Swaminathan,A., Saifi,S., Shashi,P., Pandey,R., Medigeshi,G.R.",2018,2022-04-05,ssRNA(+)
ON123670,dengue virus type 3,Orthoflavivirus denguei,III,THSTI-TRC-DENV3-10,10707,complete,India,Homo sapiens,blood,"Maurya,R., Agrawal,T., Saraswat,S., Ananthraj,A., Chandele,A., Kumar,S., Kanakan,A., Chattopadhyay,P., Swaminathan,A., Saifi,S., Shashi,P., Pandey,R., Medigeshi,G.R.",2018,2022-04-05,ssRNA(+)
ON109597,dengue virus type 1,Orthoflavivirus denguei,1,ICIDR92,10735,complete,India,Homo sapiens,blood,"Medigeshi,G., Pandey,R., Agrawal,T., Saraswat,S., Ananthraj,A., Chandele,A., Maurya,R., Kanakan,A., Chattopadhyay,P., Swaminathan,A., Saifi,S.",2021,2022-04-04,ssRNA(+)
OM681318,dengue virus type 2,Orthoflavivirus denguei,2,MCL-21-H-11408,10722,complete,India,Homo sapiens,blood,"Yadav,P.D.",2021-11-16,2022-02-20,ssRNA(+)
OM639982,dengue virus type 2,Orthoflavivirus denguei,2,MCL-21-H-11025,10723,complete,India,Homo sapiens,blood,"Yadav,P.D.",2021-09-14,2022-02-15,ssRNA(+)
LC652827,dengue virus type 1,Orthoflavivirus denguei,1,Th15-DV1-TM002,10735,complete,Thailand,Homo sapiens,blood,"Poltep,K., Nakayama,E.E., Sasaki,T., Kurosu,T., Takashima,Y., Phadungsombat,J., Kosoltanapiwat,N., Hanboonkunupakarn,B., Suwanpakdee,S., Imad,H.A., Srimark,N., Kitamura,C., Yamanaka,A., Okubo,A., Shioda,T., Leaungwutiwong,P.",2015-11,2022-01-26,ssRNA(+)
LC652828,dengue virus type 1,Orthoflavivirus denguei,1,Th15-DV1-TM014,10735,complete,Thailand,Homo sapiens,blood,"Poltep,K., Nakayama,E.E., Sasaki,T., Kurosu,T., Takashima,Y., Phadungsombat,J., Kosoltanapiwat,N., Hanboonkunupakarn,B., Suwanpakdee,S., Imad,H.A., Srimark,N., Kitamura,C., Yamanaka,A., Okubo,A., Shioda,T., Leaungwutiwong,P.",2015-11,2022-01-26,ssRNA(+)
OK605755,dengue virus type I,Orthoflavivirus denguei,1,DENV1-3_C_0268-96,10735,complete,Thailand,Homo sapiens,blood,"Tamura,T., Zhang,J., Madan,V., Biswas,A., Schwoerer,M.P., Cafiero,T.R., Heller,B.L., Wang,W., Ploss,A.",1996,2022-01-04,ssRNA(+)
OK605759,Dengue virus type 2,Orthoflavivirus denguei,2,DENV2-3_K_0006-94,10724,complete,Thailand,Homo sapiens,blood,"Tamura,T., Zhang,J., Madan,V., Biswas,A., Schwoerer,M.P., Cafiero,T.R., Heller,B.L., Wang,W., Ploss,A.",1994,2022-01-04,ssRNA(+)
OK605760,Dengue virus type 2,Orthoflavivirus denguei,2,DENV2-4_PH_H023-88,10722,complete,Philippines,Homo sapiens,blood,"Tamura,T., Zhang,J., Madan,V., Biswas,A., Schwoerer,M.P., Cafiero,T.R., Heller,B.L., Wang,W., Ploss,A.",1988,2022-01-04,ssRNA(+)
OK605763,Dengue virus type 3,Orthoflavivirus denguei,3,DENV3-2_JKT_85-934,10707,complete,Indonesia,Homo sapiens,blood,"Tamura,T., Zhang,J., Madan,V., Biswas,A., Schwoerer,M.P., Cafiero,T.R., Heller,B.L., Wang,W., Ploss,A.",1985,2022-01-04,ssRNA(+)
OK605764,Dengue virus type 3,Orthoflavivirus denguei,3,DENV3-3_K_0077-94,10707,complete,Thailand,Homo sapiens,blood,"Tamura,T., Zhang,J., Madan,V., Biswas,A., Schwoerer,M.P., Cafiero,T.R., Heller,B.L., Wang,W., Ploss,A.",1994,2022-01-04,ssRNA(+)
OK605767,Dengue virus type 4,Orthoflavivirus denguei,4,DENV4-1_1229,10648,complete,Indonesia,Homo sapiens,blood,"Tamura,T., Zhang,J., Madan,V., Biswas,A., Schwoerer,M.P., Cafiero,T.R., Heller,B.L., Wang,W., Ploss,A.",1976,2022-01-04,ssRNA(+)
OK605771,Dengue virus type 4,Orthoflavivirus denguei,4,DENV4-5_K_0036/94,10650,complete,Thailand,Homo sapiens,blood,"Tamura,T., Zhang,J., Madan,V., Biswas,A., Schwoerer,M.P., Cafiero,T.R., Heller,B.L., Wang,W., Ploss,A.",1994,2022-01-04,ssRNA(+)
OK562728,dengue virus type I,Orthoflavivirus denguei,1,guangzhou2019-3,10739,complete,China,Homo sapiens,blood,"Chen,Y., ren,R., Chen,R., Li,C., Liu,J.",2019-09-26,2021-10-25,ssRNA(+)
MW512341,Dengue virus type 2,Orthoflavivirus denguei,2,SG(EHI)D2/DS3189Y04,10723,complete,Singapore,Homo sapiens,blood,"Yenamandra,S.P., Koo,C., Chiang,S., Lim,H.S.J., Yeo,Z.Y., Ng,L.C., Hapuarachchi,H.C.",2004,2021-07-09,ssRNA(+)
MW512362,Dengue virus type 2,Orthoflavivirus denguei,2,SG(EHI)D2/14865Y11,10723,complete,Singapore,Homo sapiens,blood,"Yenamandra,S.P., Koo,C., Chiang,S., Lim,H.S.J., Yeo,Z.Y., Ng,L.C., Hapuarachchi,H.C.",2011,2021-07-09,ssRNA(+)
MW512363,Dengue virus type 2,Orthoflavivirus denguei,2,SG(EHI)D2/93047Y11,10723,complete,Singapore,Homo sapiens,blood,"Yenamandra,S.P., Koo,C., Chiang,S., Lim,H.S.J., Yeo,Z.Y., Ng,L.C., Hapuarachchi,H.C.",2011,2021-07-09,ssRNA(+)
MW512364,Dengue virus type 2,Orthoflavivirus denguei,2,SG(EHI)D2/27914Y11,10723,complete,Singapore,Homo sapiens,blood,"Yenamandra,S.P., Koo,C., Chiang,S., Lim,H.S.J., Yeo,Z.Y., Ng,L.C., Hapuarachchi,H.C.",2011,2021-07-09,ssRNA(+)
MW512365,Dengue virus type 2,Orthoflavivirus denguei,2,SG(EHI)D2/33455Y11,10723,complete,Singapore,Homo sapiens,blood,"Yenamandra,S.P., Koo,C., Chiang,S., Lim,H.S.J., Yeo,Z.Y., Ng,L.C., Hapuarachchi,H.C.",2011,2021-07-09,ssRNA(+)
MW512366,Dengue virus type 2,Orthoflavivirus denguei,2,SG(EHI)D2/24200Y11,10723,complete,Singapore,Homo sapiens,blood,"Yenamandra,S.P., Koo,C., Chiang,S., Lim,H.S.J., Yeo,Z.Y., Ng,L.C., Hapuarachchi,H.C.",2011,2021-07-09,ssRNA(+)
MW512367,Dengue virus type 2,Orthoflavivirus denguei,2,SG(EHI)D2/18574Y11,10723,complete,Singapore,Homo sapiens,blood,"Yenamandra,S.P., Koo,C., Chiang,S., Lim,H.S.J., Yeo,Z.Y., Ng,L.C., Hapuarachchi,H.C.",2011,2021-07-09,ssRNA(+)
MW512368,Dengue virus type 2,Orthoflavivirus denguei,2,SG(EHI)D2/23221Y11,10723,complete,Singapore,Homo sapiens,blood,"Yenamandra,S.P., Koo,C., Chiang,S., Lim,H.S.J., Yeo,Z.Y., Ng,L.C., Hapuarachchi,H.C.",2011,2021-07-09,ssRNA(+)
MW512369,Dengue virus type 2,Orthoflavivirus denguei,2,SG(EHI)D2/14864Y11,10723,complete,Singapore,Homo sapiens,blood,"Yenamandra,S.P., Koo,C., Chiang,S., Lim,H.S.J., Yeo,Z.Y., Ng,L.C., Hapuarachchi,H.C.",2011,2021-07-09,ssRNA(+)
MW512370,Dengue virus type 2,Orthoflavivirus denguei,2,SG(EHI)D2/52209Y12,10723,complete,Singapore,Homo sapiens,blood,"Yenamandra,S.P., Koo,C., Chiang,S., Lim,H.S.J., Yeo,Z.Y., Ng,L.C., Hapuarachchi,H.C.",2012,2021-07-09,ssRNA(+)
MW512371,Dengue virus type 2,Orthoflavivirus denguei,2,SG(EHI)D2/33647Y12,10723,complete,Singapore,Homo sapiens,blood,"Yenamandra,S.P., Koo,C., Chiang,S., Lim,H.S.J., Yeo,Z.Y., Ng,L.C., Hapuarachchi,H.C.",2012,2021-07-09,ssRNA(+)
MW512372,Dengue virus type 2,Orthoflavivirus denguei,2,SG(EHI)D2/37051Y12,10723,complete,Singapore,Homo sapiens,blood,"Yenamandra,S.P., Koo,C., Chiang,S., Lim,H.S.J., Yeo,Z.Y., Ng,L.C., Hapuarachchi,H.C.",2012,2021-07-09,ssRNA(+)
MW512373,Dengue virus type 2,Orthoflavivirus denguei,2,SG(EHI)D2/15086Y12,10723,complete,Singapore,Homo sapiens,blood,"Yenamandra,S.P., Koo,C., Chiang,S., Lim,H.S.J., Yeo,Z.Y., Ng,L.C., Hapuarachchi,H.C.",2012,2021-07-09,ssRNA(+)
MW512374,Dengue virus type 2,Orthoflavivirus denguei,2,SG(EHI)D2/24747Y12,10723,complete,Singapore,Homo sapiens,blood,"Yenamandra,S.P., Koo,C., Chiang,S., Lim,H.S.J., Yeo,Z.Y., Ng,L.C., Hapuarachchi,H.C.",2012,2021-07-09,ssRNA(+)
MW512375,Dengue virus type 2,Orthoflavivirus denguei,2,SG(EHI)D2/38228Y12,10723,complete,Singapore,Homo sapiens,blood,"Yenamandra,S.P., Koo,C., Chiang,S., Lim,H.S.J., Yeo,Z.Y., Ng,L.C., Hapuarachchi,H.C.",2012,2021-07-09,ssRNA(+)
MW512376,Dengue virus type 2,Orthoflavivirus denguei,2,SG(EHI)D2/28912Y12,10723,complete,Singapore,Homo sapiens,blood,"Yenamandra,S.P., Koo,C., Chiang,S., Lim,H.S.J., Yeo,Z.Y., Ng,L.C., Hapuarachchi,H.C.",2012,2021-07-09,ssRNA(+)
MW512377,Dengue virus type 2,Orthoflavivirus denguei,2,SG(EHI)D2/25698Y12,10723,complete,Singapore,Homo sapiens,blood,"Yenamandra,S.P., Koo,C., Chiang,S., Lim,H.S.J., Yeo,Z.Y., Ng,L.C., Hapuarachchi,H.C.",2012,2021-07-09,ssRNA(+)
MW512378,Dengue virus type 2,Orthoflavivirus denguei,2,SG(EHI)D2/20129Y12,10723,complete,Singapore,Homo sapiens,blood,"Yenamandra,S.P., Koo,C., Chiang,S., Lim,H.S.J., Yeo,Z.Y., Ng,L.C., Hapuarachchi,H.C.",2012,2021-07-09,ssRNA(+)
MW512379,Dengue virus type 2,Orthoflavivirus denguei,2,SG(EHI)D2/28358Y12,10723,complete,Singapore,Homo sapiens,blood,"Yenamandra,S.P., Koo,C., Chiang,S., Lim,H.S.J., Yeo,Z.Y., Ng,L.C., Hapuarachchi,H.C.",2012,2021-07-09,ssRNA(+)
MW512380,Dengue virus type 2,Orthoflavivirus denguei,2,SG(EHI)D2/25959Y12,10723,complete,Singapore,Homo sapiens,blood,"Yenamandra,S.P., Koo,C., Chiang,S., Lim,H.S.J., Yeo,Z.Y., Ng,L.C., Hapuarachchi,H.C.",2012,2021-07-09,ssRNA(+)
MW512381,Dengue virus type 2,Orthoflavivirus denguei,2,SG(EHI)D2/26494Y13,10723,complete,Singapore,Homo sapiens,blood,"Yenamandra,S.P., Koo,C., Chiang,S., Lim,H.S.J., Yeo,Z.Y., Ng,L.C., Hapuarachchi,H.C.",2013,2021-07-09,ssRNA(+)
MW512382,Dengue virus type 2,Orthoflavivirus denguei,2,SG(EHI)D2/12271Y13,10723,complete,Singapore,Homo sapiens,blood,"Yenamandra,S.P., Koo,C., Chiang,S., Lim,H.S.J., Yeo,Z.Y., Ng,L.C., Hapuarachchi,H.C.",2013,2021-07-09,ssRNA(+)
MW512383,Dengue virus type 2,Orthoflavivirus denguei,2,SG(EHI)D2/1389Y13,10723,complete,Singapore,Homo sapiens,blood,"Yenamandra,S.P., Koo,C., Chiang,S., Lim,H.S.J., Yeo,Z.Y., Ng,L.C., Hapuarachchi,H.C.",2013,2021-07-09,ssRNA(+)
MW512384,Dengue virus type 2,Orthoflavivirus denguei,2,SG(EHI)D2/18169Y13,10723,complete,Singapore,Homo sapiens,blood,"Yenamandra,S.P., Koo,C., Chiang,S., Lim,H.S.J., Yeo,Z.Y., Ng,L.C., Hapuarachchi,H.C.",2013,2021-07-09,ssRNA(+)
MW512385,Dengue virus type 2,Orthoflavivirus denguei,2,SG(EHI)D2/17716Y13,10723,complete,Singapore,Homo sapiens,blood,"Yenamandra,S.P., Koo,C., Chiang,S., Lim,H.S.J., Yeo,Z.Y., Ng,L.C., Hapuarachchi,H.C.",2013,2021-07-09,ssRNA(+)
MW512386,Dengue virus type 2,Orthoflavivirus denguei,2,SG(EHI)D2/27869Y13,10723,complete,Singapore,Homo sapiens,blood,"Yenamandra,S.P., Koo,C., Chiang,S., Lim,H.S.J., Yeo,Z.Y., Ng,L.C., Hapuarachchi,H.C.",2013,2021-07-09,ssRNA(+)
MW512388,Dengue virus type 2,Orthoflavivirus denguei,2,SG(EHI)D2/50583Y13,10723,complete,Singapore,Homo sapiens,blood,"Yenamandra,S.P., Koo,C., Chiang,S., Lim,H.S.J., Yeo,Z.Y., Ng,L.C., Hapuarachchi,H.C.",2013,2021-07-09,ssRNA(+)
MW512389,Dengue virus type 2,Orthoflavivirus denguei,2,SG(EHI)D2/18944Y13,10723,complete,Singapore,Homo sapiens,blood,"Yenamandra,S.P., Koo,C., Chiang,S., Lim,H.S.J., Yeo,Z.Y., Ng,L.C., Hapuarachchi,H.C.",2013,2021-07-09,ssRNA(+)
MW512390,Dengue virus type 2,Orthoflavivirus denguei,2,SG(EHI)D2/52338Y13,10723,complete,Singapore,Homo sapiens,blood,"Yenamandra,S.P., Koo,C., Chiang,S., Lim,H.S.J., Yeo,Z.Y., Ng,L.C., Hapuarachchi,H.C.",2013,2021-07-09,ssRNA(+)
MW512391,Dengue virus type 2,Orthoflavivirus denguei,2,SG(EHI)D2/31771Y13,10723,complete,Singapore,Homo sapiens,blood,"Yenamandra,S.P., Koo,C., Chiang,S., Lim,H.S.J., Yeo,Z.Y., Ng,L.C., Hapuarachchi,H.C.",2013,2021-07-09,ssRNA(+)
MW512392,Dengue virus type 2,Orthoflavivirus denguei,2,SG(EHI)D2/26676Y13,10723,complete,Singapore,Homo sapiens,blood,"Yenamandra,S.P., Koo,C., Chiang,S., Lim,H.S.J., Yeo,Z.Y., Ng,L.C., Hapuarachchi,H.C.",2013,2021-07-09,ssRNA(+)
MW512393,Dengue virus type 2,Orthoflavivirus denguei,2,SG(EHI)D2/36915Y13,10723,complete,Singapore,Homo sapiens,blood,"Yenamandra,S.P., Koo,C., Chiang,S., Lim,H.S.J., Yeo,Z.Y., Ng,L.C., Hapuarachchi,H.C.",2013,2021-07-09,ssRNA(+)
MW512395,Dengue virus type 2,Orthoflavivirus denguei,2,SG(EHI)D2/49117Y13,10723,complete,Singapore,Homo sapiens,blood,"Yenamandra,S.P., Koo,C., Chiang,S., Lim,H.S.J., Yeo,Z.Y., Ng,L.C., Hapuarachchi,H.C.",2013,2021-07-09,ssRNA(+)
MW512396,Dengue virus type 2,Orthoflavivirus denguei,2,SG(EHI)D2/27383Y13,10723,complete,Singapore,Homo sapiens,blood,"Yenamandra,S.P., Koo,C., Chiang,S., Lim,H.S.J., Yeo,Z.Y., Ng,L.C., Hapuarachchi,H.C.",2013,2021-07-09,ssRNA(+)
MW512398,Dengue virus type 2,Orthoflavivirus denguei,2,SG(EHI)D2/25506Y13,10723,complete,Singapore,Homo sapiens,blood,"Yenamandra,S.P., Koo,C., Chiang,S., Lim,H.S.J., Yeo,Z.Y., Ng,L.C., Hapuarachchi,H.C.",2013,2021-07-09,ssRNA(+)
MW512399,Dengue virus type 2,Orthoflavivirus denguei,2,SG(EHI)D2/42954Y13,10723,complete,Singapore,Homo sapiens,blood,"Yenamandra,S.P., Koo,C., Chiang,S., Lim,H.S.J., Yeo,Z.Y., Ng,L.C., Hapuarachchi,H.C.",2013,2021-07-09,ssRNA(+)
MW512400,Dengue virus type 2,Orthoflavivirus denguei,2,SG(EHI)D2/34994Y13,10723,complete,Singapore,Homo sapiens,blood,"Yenamandra,S.P., Koo,C., Chiang,S., Lim,H.S.J., Yeo,Z.Y., Ng,L.C., Hapuarachchi,H.C.",2013,2021-07-09,ssRNA(+)
MW512401,Dengue virus type 2,Orthoflavivirus denguei,2,SG(EHI)D2/44173Y13,10723,complete,Singapore,Homo sapiens,blood,"Yenamandra,S.P., Koo,C., Chiang,S., Lim,H.S.J., Yeo,Z.Y., Ng,L.C., Hapuarachchi,H.C.",2013,2021-07-09,ssRNA(+)
MW512402,Dengue virus type 2,Orthoflavivirus denguei,2,SG(EHI)D2/17540Y13,10723,complete,Singapore,Homo sapiens,blood,"Yenamandra,S.P., Koo,C., Chiang,S., Lim,H.S.J., Yeo,Z.Y., Ng,L.C., Hapuarachchi,H.C.",2013,2021-07-09,ssRNA(+)
MW512403,Dengue virus type 2,Orthoflavivirus denguei,2,SG(EHI)D2/15356Y13,10723,complete,Singapore,Homo sapiens,blood,"Yenamandra,S.P., Koo,C., Chiang,S., Lim,H.S.J., Yeo,Z.Y., Ng,L.C., Hapuarachchi,H.C.",2013,2021-07-09,ssRNA(+)
MW512404,Dengue virus type 2,Orthoflavivirus denguei,2,SG(EHI)D2/19091Y13,10723,complete,Singapore,Homo sapiens,blood,"Yenamandra,S.P., Koo,C., Chiang,S., Lim,H.S.J., Yeo,Z.Y., Ng,L.C., Hapuarachchi,H.C.",2013,2021-07-09,ssRNA(+)
MW512405,Dengue virus type 2,Orthoflavivirus denguei,2,SG(EHI)D2/6547Y13,10723,complete,Singapore,Homo sapiens,blood,"Yenamandra,S.P., Koo,C., Chiang,S., Lim,H.S.J., Yeo,Z.Y., Ng,L.C., Hapuarachchi,H.C.",2013,2021-07-09,ssRNA(+)
MW512406,Dengue virus type 2,Orthoflavivirus denguei,2,SG(EHI)D2/19089Y13,10723,complete,Singapore,Homo sapiens,blood,"Yenamandra,S.P., Koo,C., Chiang,S., Lim,H.S.J., Yeo,Z.Y., Ng,L.C., Hapuarachchi,H.C.",2013,2021-07-09,ssRNA(+)
MW512407,Dengue virus type 2,Orthoflavivirus denguei,2,SG(EHI)D2/27898Y13,10723,complete,Singapore,Homo sapiens,blood,"Yenamandra,S.P., Koo,C., Chiang,S., Lim,H.S.J., Yeo,Z.Y., Ng,L.C., Hapuarachchi,H.C.",2013,2021-07-09,ssRNA(+)
MW512408,Dengue virus type 2,Orthoflavivirus denguei,2,SG(EHI)D2/19439Y13,10723,complete,Singapore,Homo sapiens,blood,"Yenamandra,S.P., Koo,C., Chiang,S., Lim,H.S.J., Yeo,Z.Y., Ng,L.C., Hapuarachchi,H.C.",2013,2021-07-09,ssRNA(+)
MW512409,Dengue virus type 2,Orthoflavivirus denguei,2,SG(EHI)D2/19483Y13,10723,complete,Singapore,Homo sapiens,blood,"Yenamandra,S.P., Koo,C., Chiang,S., Lim,H.S.J., Yeo,Z.Y., Ng,L.C., Hapuarachchi,H.C.",2013,2021-07-09,ssRNA(+)
MW512410,Dengue virus type 2,Orthoflavivirus denguei,2,SG(EHI)D2/53583Y14,10723,complete,Singapore,Homo sapiens,blood,"Yenamandra,S.P., Koo,C., Chiang,S., Lim,H.S.J., Yeo,Z.Y., Ng,L.C., Hapuarachchi,H.C.",2014,2021-07-09,ssRNA(+)
MW512411,Dengue virus type 2,Orthoflavivirus denguei,2,SG(EHI)D2/38070Y14,10723,complete,Singapore,Homo sapiens,blood,"Yenamandra,S.P., Koo,C., Chiang,S., Lim,H.S.J., Yeo,Z.Y., Ng,L.C., Hapuarachchi,H.C.",2014,2021-07-09,ssRNA(+)
MW512412,Dengue virus type 2,Orthoflavivirus denguei,2,SG(EHI)D2/17554Y14,10723,complete,Singapore,Homo sapiens,blood,"Yenamandra,S.P., Koo,C., Chiang,S., Lim,H.S.J., Yeo,Z.Y., Ng,L.C., Hapuarachchi,H.C.",2014,2021-07-09,ssRNA(+)
MW512413,Dengue virus type 2,Orthoflavivirus denguei,2,SG(EHI)D2/33428Y14,10723,complete,Singapore,Homo sapiens,blood,"Yenamandra,S.P., Koo,C., Chiang,S., Lim,H.S.J., Yeo,Z.Y., Ng,L.C., Hapuarachchi,H.C.",2014,2021-07-09,ssRNA(+)
MW512414,Dengue virus type 2,Orthoflavivirus denguei,2,SG(EHI)D2/47654Y14,10723,complete,Singapore,Homo sapiens,blood,"Yenamandra,S.P., Koo,C., Chiang,S., Lim,H.S.J., Yeo,Z.Y., Ng,L.C., Hapuarachchi,H.C.",2014,2021-07-09,ssRNA(+)
MW512415,Dengue virus type 2,Orthoflavivirus denguei,2,SG(EHI)D2/3278Y14,10723,complete,Singapore,Homo sapiens,blood,"Yenamandra,S.P., Koo,C., Chiang,S., Lim,H.S.J., Yeo,Z.Y., Ng,L.C., Hapuarachchi,H.C.",2014,2021-07-09,ssRNA(+)
MW512417,Dengue virus type 2,Orthoflavivirus denguei,2,SG(EHI)D2/47312Y14,10723,complete,Singapore,Homo sapiens,blood,"Yenamandra,S.P., Koo,C., Chiang,S., Lim,H.S.J., Yeo,Z.Y., Ng,L.C., Hapuarachchi,H.C.",2014,2021-07-09,ssRNA(+)
MW512418,Dengue virus type 2,Orthoflavivirus denguei,2,SG(EHI)D2/47001Y14,10723,complete,Singapore,Homo sapiens,blood,"Yenamandra,S.P., Koo,C., Chiang,S., Lim,H.S.J., Yeo,Z.Y., Ng,L.C., Hapuarachchi,H.C.",2014,2021-07-09,ssRNA(+)
MW512420,Dengue virus type 2,Orthoflavivirus denguei,2,SG(EHI)D2/39061Y14,10723,complete,Singapore,Homo sapiens,blood,"Yenamandra,S.P., Koo,C., Chiang,S., Lim,H.S.J., Yeo,Z.Y., Ng,L.C., Hapuarachchi,H.C.",2014,2021-07-09,ssRNA(+)
MW512421,Dengue virus type 2,Orthoflavivirus denguei,2,SG(EHI)D2/38972Y14,10723,complete,Singapore,Homo sapiens,blood,"Yenamandra,S.P., Koo,C., Chiang,S., Lim,H.S.J., Yeo,Z.Y., Ng,L.C., Hapuarachchi,H.C.",2014,2021-07-09,ssRNA(+)
MW512422,Dengue virus type 2,Orthoflavivirus denguei,2,SG(EHI)D2/19386Y14,10723,complete,Singapore,Homo sapiens,blood,"Yenamandra,S.P., Koo,C., Chiang,S., Lim,H.S.J., Yeo,Z.Y., Ng,L.C., Hapuarachchi,H.C.",2014,2021-07-09,ssRNA(+)
MW512423,Dengue virus type 2,Orthoflavivirus denguei,2,SG(EHI)D2/26722Y14,10723,complete,Singapore,Homo sapiens,blood,"Yenamandra,S.P., Koo,C., Chiang,S., Lim,H.S.J., Yeo,Z.Y., Ng,L.C., Hapuarachchi,H.C.",2014,2021-07-09,ssRNA(+)
MW512425,Dengue virus type 2,Orthoflavivirus denguei,2,SG(EHI)D2/23779Y14,10723,complete,Singapore,Homo sapiens,blood,"Yenamandra,S.P., Koo,C., Chiang,S., Lim,H.S.J., Yeo,Z.Y., Ng,L.C., Hapuarachchi,H.C.",2014,2021-07-09,ssRNA(+)
MW512426,Dengue virus type 2,Orthoflavivirus denguei,2,SG(EHI)D2/44236Y14,10723,complete,Singapore,Homo sapiens,blood,"Yenamandra,S.P., Koo,C., Chiang,S., Lim,H.S.J., Yeo,Z.Y., Ng,L.C., Hapuarachchi,H.C.",2014,2021-07-09,ssRNA(+)
MW512427,Dengue virus type 2,Orthoflavivirus denguei,2,SG(EHI)D2/1954Y14,10723,complete,Singapore,Homo sapiens,blood,"Yenamandra,S.P., Koo,C., Chiang,S., Lim,H.S.J., Yeo,Z.Y., Ng,L.C., Hapuarachchi,H.C.",2014,2021-07-09,ssRNA(+)
MW512428,Dengue virus type 2,Orthoflavivirus denguei,2,SG(EHI)D2/2190Y14,10723,complete,Singapore,Homo sapiens,blood,"Yenamandra,S.P., Koo,C., Chiang,S., Lim,H.S.J., Yeo,Z.Y., Ng,L.C., Hapuarachchi,H.C.",2014,2021-07-09,ssRNA(+)
MW512429,Dengue virus type 2,Orthoflavivirus denguei,2,SG(EHI)D2/2803Y14,10723,complete,Singapore,Homo sapiens,blood,"Yenamandra,S.P., Koo,C., Chiang,S., Lim,H.S.J., Yeo,Z.Y., Ng,L.C., Hapuarachchi,H.C.",2014,2021-07-09,ssRNA(+)
MW512430,Dengue virus type 2,Orthoflavivirus denguei,2,SG(EHI)D2/16081Y14,10723,complete,Singapore,Homo sapiens,blood,"Yenamandra,S.P., Koo,C., Chiang,S., Lim,H.S.J., Yeo,Z.Y., Ng,L.C., Hapuarachchi,H.C.",2014,2021-07-09,ssRNA(+)
MW512431,Dengue virus type 2,Orthoflavivirus denguei,2,SG(EHI)D2/49248Y14,10723,complete,Singapore,Homo sapiens,blood,"Yenamandra,S.P., Koo,C., Chiang,S., Lim,H.S.J., Yeo,Z.Y., Ng,L.C., Hapuarachchi,H.C.",2014,2021-07-09,ssRNA(+)
MW512432,Dengue virus type 2,Orthoflavivirus denguei,2,SG(EHI)D2/31789Y14,10723,complete,Singapore,Homo sapiens,blood,"Yenamandra,S.P., Koo,C., Chiang,S., Lim,H.S.J., Yeo,Z.Y., Ng,L.C., Hapuarachchi,H.C.",2014,2021-07-09,ssRNA(+)
MW512433,Dengue virus type 2,Orthoflavivirus denguei,2,SG(EHI)D2/5916Y14,10723,complete,Singapore,Homo sapiens,blood,"Yenamandra,S.P., Koo,C., Chiang,S., Lim,H.S.J., Yeo,Z.Y., Ng,L.C., Hapuarachchi,H.C.",2014,2021-07-09,ssRNA(+)
MW512434,Dengue virus type 2,Orthoflavivirus denguei,2,SG(EHI)D2/47803Y14,10723,complete,Singapore,Homo sapiens,blood,"Yenamandra,S.P., Koo,C., Chiang,S., Lim,H.S.J., Yeo,Z.Y., Ng,L.C., Hapuarachchi,H.C.",2014,2021-07-09,ssRNA(+)
MW512435,Dengue virus type 2,Orthoflavivirus denguei,2,SG(EHI)D2/23941Y15,10723,complete,Singapore,Homo sapiens,blood,"Yenamandra,S.P., Koo,C., Chiang,S., Lim,H.S.J., Yeo,Z.Y., Ng,L.C., Hapuarachchi,H.C.",2015,2021-07-09,ssRNA(+)
MW512436,Dengue virus type 2,Orthoflavivirus denguei,2,SG(EHI)D2/6218Y15,10723,complete,Singapore,Homo sapiens,blood,"Yenamandra,S.P., Koo,C., Chiang,S., Lim,H.S.J., Yeo,Z.Y., Ng,L.C., Hapuarachchi,H.C.",2015,2021-07-09,ssRNA(+)
MW512437,Dengue virus type 2,Orthoflavivirus denguei,2,SG(EHI)D2/1488Y15,10723,complete,Singapore,Homo sapiens,blood,"Yenamandra,S.P., Koo,C., Chiang,S., Lim,H.S.J., Yeo,Z.Y., Ng,L.C., Hapuarachchi,H.C.",2015,2021-07-09,ssRNA(+)
MW512438,Dengue virus type 2,Orthoflavivirus denguei,2,SG(EHI)D2/9849Y15,10723,complete,Singapore,Homo sapiens,blood,"Yenamandra,S.P., Koo,C., Chiang,S., Lim,H.S.J., Yeo,Z.Y., Ng,L.C., Hapuarachchi,H.C.",2015,2021-07-09,ssRNA(+)
MW512439,Dengue virus type 2,Orthoflavivirus denguei,2,SG(EHI)D2/52595Y15,10723,complete,Singapore,Homo sapiens,blood,"Yenamandra,S.P., Koo,C., Chiang,S., Lim,H.S.J., Yeo,Z.Y., Ng,L.C., Hapuarachchi,H.C.",2015,2021-07-09,ssRNA(+)
MW512440,Dengue virus type 2,Orthoflavivirus denguei,2,SG(EHI)D2/42530Y15,10723,complete,Singapore,Homo sapiens,blood,"Yenamandra,S.P., Koo,C., Chiang,S., Lim,H.S.J., Yeo,Z.Y., Ng,L.C., Hapuarachchi,H.C.",2015,2021-07-09,ssRNA(+)
MW512441,Dengue virus type 2,Orthoflavivirus denguei,2,SG(EHI)D2/47064Y15,10723,complete,Singapore,Homo sapiens,blood,"Yenamandra,S.P., Koo,C., Chiang,S., Lim,H.S.J., Yeo,Z.Y., Ng,L.C., Hapuarachchi,H.C.",2015,2021-07-09,ssRNA(+)
MW512443,Dengue virus type 2,Orthoflavivirus denguei,2,SG(EHI)D2/38380Y15,10723,complete,Singapore,Homo sapiens,blood,"Yenamandra,S.P., Koo,C., Chiang,S., Lim,H.S.J., Yeo,Z.Y., Ng,L.C., Hapuarachchi,H.C.",2015,2021-07-09,ssRNA(+)
MW512444,Dengue virus type 2,Orthoflavivirus denguei,2,SG(EHI)D2/52507Y15,10723,complete,Singapore,Homo sapiens,blood,"Yenamandra,S.P., Koo,C., Chiang,S., Lim,H.S.J., Yeo,Z.Y., Ng,L.C., Hapuarachchi,H.C.",2015,2021-07-09,ssRNA(+)
MW512445,Dengue virus type 2,Orthoflavivirus denguei,2,SG(EHI)D2/52797Y15,10723,complete,Singapore,Homo sapiens,blood,"Yenamandra,S.P., Koo,C., Chiang,S., Lim,H.S.J., Yeo,Z.Y., Ng,L.C., Hapuarachchi,H.C.",2015,2021-07-09,ssRNA(+)
MW512446,Dengue virus type 2,Orthoflavivirus denguei,2,SG(EHI)D2/46338Y15,10723,complete,Singapore,Homo sapiens,blood,"Yenamandra,S.P., Koo,C., Chiang,S., Lim,H.S.J., Yeo,Z.Y., Ng,L.C., Hapuarachchi,H.C.",2015,2021-07-09,ssRNA(+)
MW512447,Dengue virus type 2,Orthoflavivirus denguei,2,SG(EHI)D2/25169Y15,10723,complete,Singapore,Homo sapiens,blood,"Yenamandra,S.P., Koo,C., Chiang,S., Lim,H.S.J., Yeo,Z.Y., Ng,L.C., Hapuarachchi,H.C.",2015,2021-07-09,ssRNA(+)
MW512448,Dengue virus type 2,Orthoflavivirus denguei,2,SG(EHI)D2/6406Y15,10723,complete,Singapore,Homo sapiens,blood,"Yenamandra,S.P., Koo,C., Chiang,S., Lim,H.S.J., Yeo,Z.Y., Ng,L.C., Hapuarachchi,H.C.",2015,2021-07-09,ssRNA(+)
MW512449,Dengue virus type 2,Orthoflavivirus denguei,2,SG(EHI)D2/45975Y16,10723,complete,Singapore,Homo sapiens,blood,"Yenamandra,S.P., Koo,C., Chiang,S., Lim,H.S.J., Yeo,Z.Y., Ng,L.C., Hapuarachchi,H.C.",2016,2021-07-09,ssRNA(+)
MW512450,Dengue virus type 2,Orthoflavivirus denguei,2,SG(EHI)D2/29864Y16,10723,complete,Singapore,Homo sapiens,blood,"Yenamandra,S.P., Koo,C., Chiang,S., Lim,H.S.J., Yeo,Z.Y., Ng,L.C., Hapuarachchi,H.C.",2016,2021-07-09,ssRNA(+)
MW512451,Dengue virus type 2,Orthoflavivirus denguei,2,SG(EHI)D2/42883Y16,10723,complete,Singapore,Homo sapiens,blood,"Yenamandra,S.P., Koo,C., Chiang,S., Lim,H.S.J., Yeo,Z.Y., Ng,L.C., Hapuarachchi,H.C.",2016,2021-07-09,ssRNA(+)
MW512454,Dengue virus type 2,Orthoflavivirus denguei,2,SG(EHI)D2/33808Y16,10723,complete,Singapore,Homo sapiens,blood,"Yenamandra,S.P., Koo,C., Chiang,S., Lim,H.S.J., Yeo,Z.Y., Ng,L.C., Hapuarachchi,H.C.",2016,2021-07-09,ssRNA(+)
MW512456,Dengue virus type 2,Orthoflavivirus denguei,2,SG(EHI)D2/4869Y16,10723,complete,Singapore,Homo sapiens,blood,"Yenamandra,S.P., Koo,C., Chiang,S., Lim,H.S.J., Yeo,Z.Y., Ng,L.C., Hapuarachchi,H.C.",2016,2021-07-09,ssRNA(+)
MW512457,Dengue virus type 2,Orthoflavivirus denguei,2,SG(EHI)D2/15033Y16,10723,complete,Singapore,Homo sapiens,blood,"Yenamandra,S.P., Koo,C., Chiang,S., Lim,H.S.J., Yeo,Z.Y., Ng,L.C., Hapuarachchi,H.C.",2016,2021-07-09,ssRNA(+)
MW512458,Dengue virus type 2,Orthoflavivirus denguei,2,SG(EHI)D2/9637Y16,10723,complete,Singapore,Homo sapiens,blood,"Yenamandra,S.P., Koo,C., Chiang,S., Lim,H.S.J., Yeo,Z.Y., Ng,L.C., Hapuarachchi,H.C.",2016,2021-07-09,ssRNA(+)
MW512461,Dengue virus type 2,Orthoflavivirus denguei,2,SG(EHI)D2/35114Y16,10723,complete,Singapore,Homo sapiens,blood,"Yenamandra,S.P., Koo,C., Chiang,S., Lim,H.S.J., Yeo,Z.Y., Ng,L.C., Hapuarachchi,H.C.",2016,2021-07-09,ssRNA(+)
MW512462,Dengue virus type 2,Orthoflavivirus denguei,2,SG(EHI)D2/2204Y16,10723,complete,Singapore,Homo sapiens,blood,"Yenamandra,S.P., Koo,C., Chiang,S., Lim,H.S.J., Yeo,Z.Y., Ng,L.C., Hapuarachchi,H.C.",2016,2021-07-09,ssRNA(+)
MW512465,Dengue virus type 2,Orthoflavivirus denguei,2,SG(EHI)D2/26254Y16,10723,complete,Singapore,Homo sapiens,blood,"Yenamandra,S.P., Koo,C., Chiang,S., Lim,H.S.J., Yeo,Z.Y., Ng,L.C., Hapuarachchi,H.C.",2016,2021-07-09,ssRNA(+)
MW512467,Dengue virus type 2,Orthoflavivirus denguei,2,SG(EHI)D2/34992Y16,10723,complete,Singapore,Homo sapiens,blood,"Yenamandra,S.P., Koo,C., Chiang,S., Lim,H.S.J., Yeo,Z.Y., Ng,L.C., Hapuarachchi,H.C.",2016,2021-07-09,ssRNA(+)
MW512468,Dengue virus type 2,Orthoflavivirus denguei,2,SG(EHI)D2/36248Y17,10723,complete,Singapore,Homo sapiens,blood,"Yenamandra,S.P., Koo,C., Chiang,S., Lim,H.S.J., Yeo,Z.Y., Ng,L.C., Hapuarachchi,H.C.",2017,2021-07-09,ssRNA(+)
MW512469,Dengue virus type 2,Orthoflavivirus denguei,2,SG(EHI)D2/44766Y17,10718,complete,Singapore,Homo sapiens,blood,"Yenamandra,S.P., Koo,C., Chiang,S., Lim,H.S.J., Yeo,Z.Y., Ng,L.C., Hapuarachchi,H.C.",2017,2021-07-09,ssRNA(+)
MW512470,Dengue virus type 2,Orthoflavivirus denguei,2,SG(EHI)D2/38114Y17,10718,complete,Singapore,Homo sapiens,blood,"Yenamandra,S.P., Koo,C., Chiang,S., Lim,H.S.J., Yeo,Z.Y., Ng,L.C., Hapuarachchi,H.C.",2017,2021-07-09,ssRNA(+)
MW512471,Dengue virus type 2,Orthoflavivirus denguei,2,SG(EHI)D2/19665Y17,10723,complete,Singapore,Homo sapiens,blood,"Yenamandra,S.P., Koo,C., Chiang,S., Lim,H.S.J., Yeo,Z.Y., Ng,L.C., Hapuarachchi,H.C.",2017,2021-07-09,ssRNA(+)
MW512472,Dengue virus type 2,Orthoflavivirus denguei,2,SG(EHI)D2/32479Y17,10723,complete,Singapore,Homo sapiens,blood,"Yenamandra,S.P., Koo,C., Chiang,S., Lim,H.S.J., Yeo,Z.Y., Ng,L.C., Hapuarachchi,H.C.",2017,2021-07-09,ssRNA(+)
MW512473,Dengue virus type 2,Orthoflavivirus denguei,2,SG(EHI)D2/28876Y17,10723,complete,Singapore,Homo sapiens,blood,"Yenamandra,S.P., Koo,C., Chiang,S., Lim,H.S.J., Yeo,Z.Y., Ng,L.C., Hapuarachchi,H.C.",2017,2021-07-09,ssRNA(+)
MW512474,Dengue virus type 2,Orthoflavivirus denguei,2,SG(EHI)D2/6407Y17,10723,complete,Singapore,Homo sapiens,blood,"Yenamandra,S.P., Koo,C., Chiang,S., Lim,H.S.J., Yeo,Z.Y., Ng,L.C., Hapuarachchi,H.C.",2017,2021-07-09,ssRNA(+)
MW512475,Dengue virus type 2,Orthoflavivirus denguei,2,SG(EHI)D2/34054Y17,10723,complete,Singapore,Homo sapiens,blood,"Yenamandra,S.P., Koo,C., Chiang,S., Lim,H.S.J., Yeo,Z.Y., Ng,L.C., Hapuarachchi,H.C.",2017,2021-07-09,ssRNA(+)
MW512476,Dengue virus type 2,Orthoflavivirus denguei,2,SG(EHI)D2/26393Y17,10723,complete,Singapore,Homo sapiens,blood,"Yenamandra,S.P., Koo,C., Chiang,S., Lim,H.S.J., Yeo,Z.Y., Ng,L.C., Hapuarachchi,H.C.",2017,2021-07-09,ssRNA(+)
MW512477,Dengue virus type 2,Orthoflavivirus denguei,2,SG(EHI)D2/23127Y17,10723,complete,Singapore,Homo sapiens,blood,"Yenamandra,S.P., Koo,C., Chiang,S., Lim,H.S.J., Yeo,Z.Y., Ng,L.C., Hapuarachchi,H.C.",2017,2021-07-09,ssRNA(+)
MW512479,Dengue virus type 2,Orthoflavivirus denguei,2,SG(EHI)D2/30533Y18,10723,complete,Singapore,Homo sapiens,blood,"Yenamandra,S.P., Koo,C., Chiang,S., Lim,H.S.J., Yeo,Z.Y., Ng,L.C., Hapuarachchi,H.C.",2018,2021-07-09,ssRNA(+)
MW512480,Dengue virus type 2,Orthoflavivirus denguei,2,SG(EHI)D2/27574Y18,10723,complete,Singapore,Homo sapiens,blood,"Yenamandra,S.P., Koo,C., Chiang,S., Lim,H.S.J., Yeo,Z.Y., Ng,L.C., Hapuarachchi,H.C.",2018,2021-07-09,ssRNA(+)
MW512481,Dengue virus type 2,Orthoflavivirus denguei,2,SG(EHI)D2/51293Y18,10723,complete,Singapore,Homo sapiens,blood,"Yenamandra,S.P., Koo,C., Chiang,S., Lim,H.S.J., Yeo,Z.Y., Ng,L.C., Hapuarachchi,H.C.",2018,2021-07-09,ssRNA(+)
MW512482,Dengue virus type 2,Orthoflavivirus denguei,2,SG(EHI)D2/23307Y18,10713,complete,Singapore,Homo sapiens,blood,"Yenamandra,S.P., Koo,C., Chiang,S., Lim,H.S.J., Yeo,Z.Y., Ng,L.C., Hapuarachchi,H.C.",2018,2021-07-09,ssRNA(+)
MW512483,Dengue virus type 2,Orthoflavivirus denguei,2,SG(EHI)D2/35295Y18,10723,complete,Singapore,Homo sapiens,blood,"Yenamandra,S.P., Koo,C., Chiang,S., Lim,H.S.J., Yeo,Z.Y., Ng,L.C., Hapuarachchi,H.C.",2018,2021-07-09,ssRNA(+)
MW512485,Dengue virus type 2,Orthoflavivirus denguei,2,SG(EHI)D2/42870Y18,10723,complete,Singapore,Homo sapiens,blood,"Yenamandra,S.P., Koo,C., Chiang,S., Lim,H.S.J., Yeo,Z.Y., Ng,L.C., Hapuarachchi,H.C.",2018,2021-07-09,ssRNA(+)
MW512486,Dengue virus type 2,Orthoflavivirus denguei,2,SG(EHI)D2/44357Y18,10721,complete,Singapore,Homo sapiens,blood,"Yenamandra,S.P., Koo,C., Chiang,S., Lim,H.S.J., Yeo,Z.Y., Ng,L.C., Hapuarachchi,H.C.",2018,2021-07-09,ssRNA(+)
MW512487,Dengue virus type 2,Orthoflavivirus denguei,2,SG(EHI)D2/52478Y18,10721,complete,Singapore,Homo sapiens,blood,"Yenamandra,S.P., Koo,C., Chiang,S., Lim,H.S.J., Yeo,Z.Y., Ng,L.C., Hapuarachchi,H.C.",2018,2021-07-09,ssRNA(+)
MW512488,Dengue virus type 2,Orthoflavivirus denguei,2,SG(EHI)D2/50047Y18,10721,complete,Singapore,Homo sapiens,blood,"Yenamandra,S.P., Koo,C., Chiang,S., Lim,H.S.J., Yeo,Z.Y., Ng,L.C., Hapuarachchi,H.C.",2018,2021-07-09,ssRNA(+)
MW512489,Dengue virus type 2,Orthoflavivirus denguei,2,SG(EHI)D2/33136Y18,10723,complete,Singapore,Homo sapiens,blood,"Yenamandra,S.P., Koo,C., Chiang,S., Lim,H.S.J., Yeo,Z.Y., Ng,L.C., Hapuarachchi,H.C.",2018,2021-07-09,ssRNA(+)
MW512490,Dengue virus type 2,Orthoflavivirus denguei,2,SG(EHI)D2/6437Y19,10723,complete,Singapore,Homo sapiens,blood,"Yenamandra,S.P., Koo,C., Chiang,S., Lim,H.S.J., Yeo,Z.Y., Ng,L.C., Hapuarachchi,H.C.",2019,2021-07-09,ssRNA(+)
MW512491,Dengue virus type 2,Orthoflavivirus denguei,2,SG(EHI)D2/4143Y19,10723,complete,Singapore,Homo sapiens,blood,"Yenamandra,S.P., Koo,C., Chiang,S., Lim,H.S.J., Yeo,Z.Y., Ng,L.C., Hapuarachchi,H.C.",2019,2021-07-09,ssRNA(+)
MW512492,Dengue virus type 2,Orthoflavivirus denguei,2,SG(EHI)D2/2038Y19,10723,complete,Singapore,Homo sapiens,blood,"Yenamandra,S.P., Koo,C., Chiang,S., Lim,H.S.J., Yeo,Z.Y., Ng,L.C., Hapuarachchi,H.C.",2019,2021-07-09,ssRNA(+)
MW512493,Dengue virus type 2,Orthoflavivirus denguei,2,SG(EHI)D2/1897Y19,10723,complete,Singapore,Homo sapiens,blood,"Yenamandra,S.P., Koo,C., Chiang,S., Lim,H.S.J., Yeo,Z.Y., Ng,L.C., Hapuarachchi,H.C.",2019,2021-07-09,ssRNA(+)
MW512494,Dengue virus type 2,Orthoflavivirus denguei,2,SG(EHI)D2/7537Y19,10723,complete,Singapore,Homo sapiens,blood,"Yenamandra,S.P., Koo,C., Chiang,S., Lim,H.S.J., Yeo,Z.Y., Ng,L.C., Hapuarachchi,H.C.",2019,2021-07-09,ssRNA(+)
MW512496,Dengue virus type 2,Orthoflavivirus denguei,2,SG(EHI)D2/4238Y19,10721,complete,Singapore,Homo sapiens,blood,"Yenamandra,S.P., Koo,C., Chiang,S., Lim,H.S.J., Yeo,Z.Y., Ng,L.C., Hapuarachchi,H.C.",2019,2021-07-09,ssRNA(+)
MW512497,Dengue virus type 2,Orthoflavivirus denguei,2,SG(EHI)D2/7344Y19,10721,complete,Singapore,Homo sapiens,blood,"Yenamandra,S.P., Koo,C., Chiang,S., Lim,H.S.J., Yeo,Z.Y., Ng,L.C., Hapuarachchi,H.C.",2019,2021-07-09,ssRNA(+)
MW512498,Dengue virus type 2,Orthoflavivirus denguei,2,SG(EHI)D2/3725Y19,10721,complete,Singapore,Homo sapiens,blood,"Yenamandra,S.P., Koo,C., Chiang,S., Lim,H.S.J., Yeo,Z.Y., Ng,L.C., Hapuarachchi,H.C.",2019,2021-07-09,ssRNA(+)
MZ284953,Dengue virus type 3,Orthoflavivirus denguei,3,dev1,10735,complete,India,Homo sapiens,blood,"Saranya,S.",2019-05-25,2021-05-30,ssRNA(+)
MZ285058,Dengue virus 4,Orthoflavivirus denguei,4,dev1,10723,complete,India,Homo sapiens,blood,"Devaraj,M.",2019-05-25,2021-05-30,ssRNA(+)
MZ285732,Dengue virus type 3,Orthoflavivirus denguei,3,dev1,10735,complete,India,Homo sapiens,blood,"Abirami,S.",2019-05-25,2021-05-30,ssRNA(+)
MW186239,Dengue virus type 2,Orthoflavivirus denguei,2,DENV2TSM,10723,complete,Singapore,Homo sapiens,blood,"Sim,J.X.Y., Gan,E.S., Tan,H.C., Choy,M.M., Wong,H.M., Tan,B.H., Kee,T., Ho,Q.Y., Thangaraju,S., Lin,R.T.P., Ooi,E.E., Low,J.G.",2019-10,2021-03-23,ssRNA(+)
MW186240,Dengue virus type 2,Orthoflavivirus denguei,2,DENV2NMB,10723,complete,Singapore,Homo sapiens,blood,"Sim,J.X.Y., Gan,E.S., Tan,H.C., Choy,M.M., Wong,H.M., Tan,B.H., Kee,T., Ho,Q.Y., Thangaraju,S., Lin,R.T.P., Ooi,E.E., Low,J.G.",2019-10,2021-03-23,ssRNA(+)
MW362471,dengue virus type I,Orthoflavivirus denguei,1,P1 Thailand 2005,10735,complete,Thailand,Homo sapiens,blood,"Wongsurawat,T., Punyadee,N., Jenjaroenpun,P., Mairiang,D., Tangthawornchaikul,N., Malasit,P., Avirutnan,P., Suriyaphol,P., Chin-inmanu,K.",2005-11,2021-02-22,ssRNA(+)
MW362474,dengue virus type I,Orthoflavivirus denguei,1,P3.3 Thailand 2005,10735,complete,Thailand,Homo sapiens,blood,"Wongsurawat,T., Punyadee,N., Jenjaroenpun,P., Mairiang,D., Tangthawornchaikul,N., Malasit,P., Avirutnan,P., Suriyaphol,P., Chin-inmanu,K.",2005-11,2021-02-22,ssRNA(+)
MW582813,dengue virus type I,Orthoflavivirus denguei,1,Cam-03,10735,complete,"China: Wenzhou,Zhejiang",Homo sapiens,blood,"Han,A.",2019-06-21,2021-02-14,ssRNA(+)
MW582814,dengue virus type I,Orthoflavivirus denguei,1,Cam-11,10735,complete,"China: Wenzhou,Zhejiang",Homo sapiens,blood,"Han,A.",2019-06-28,2021-02-14,ssRNA(+)
MW582815,dengue virus type I,Orthoflavivirus denguei,1,ZJWZ-18,10735,complete,"China: Wenzhou,Zhejiang",Homo sapiens,blood,"Han,A.",2019-08-30,2021-02-14,ssRNA(+)
MW582816,dengue virus type I,Orthoflavivirus denguei,1,ZJWZ-62,10735,complete,"China: Wenzhou,Zhejiang",Homo sapiens,blood,"Han,A.",2019-08-30,2021-02-14,ssRNA(+)
MK783189,Dengue virus type 2,Orthoflavivirus denguei,Cosmopolitan,GZ8H/29,10677,complete,China,Homo sapiens,blood,"Zhang,L., Zhao,L., Wang,Y., Li,X., Gan,M., Zhang,Z., Zhao,J., Zhang,F.",2017-05-20,2021-01-11,ssRNA(+)
MK783190,Dengue virus type 2,Orthoflavivirus denguei,Cosmopolitan,,10674,complete,China,Homo sapiens,blood,"Zhang,L., Zhao,L., Wang,Y., Zhao,J., Zhang,F.",2018,2021-01-11,ssRNA(+)
MK783191,Dengue virus type 2,Orthoflavivirus denguei,Cosmopolitan,,10678,complete,China,Homo sapiens,blood,"Zhang,L., Zhao,L., Wang,Y., Zhao,J., Zhang,F.",2018,2021-01-11,ssRNA(+)
MK783192,Dengue virus type 2,Orthoflavivirus denguei,Cosmopolitan,,10683,complete,China,Homo sapiens,blood,"Zhang,L., Zhao,L., Wang,Y., Zhao,J., Zhang,F.",2018,2021-01-11,ssRNA(+)
MK783193,Dengue virus type 2,Orthoflavivirus denguei,Cosmopolitan,,10678,complete,China,Homo sapiens,blood,"Zhang,L., Zhao,L., Wang,Y., Zhao,J., Zhang,F.",2018,2021-01-11,ssRNA(+)
MK783194,Dengue virus type 2,Orthoflavivirus denguei,Cosmopolitan,,10679,complete,China,Homo sapiens,blood,"Zhang,L., Zhao,L., Wang,Y., Zhao,J., Zhang,F.",2018,2021-01-11,ssRNA(+)
MK783195,Dengue virus type 2,Orthoflavivirus denguei,Cosmopolitan,,10678,complete,China,Homo sapiens,blood,"Zhang,L., Zhao,L., Wang,Y., Zhao,J., Zhang,F.",2018,2021-01-11,ssRNA(+)
MK783196,Dengue virus type 2,Orthoflavivirus denguei,Cosmopolitan,,10679,complete,China,Homo sapiens,blood,"Zhang,L., Zhao,L., Wang,Y., Zhao,J., Zhang,F.",2018,2021-01-11,ssRNA(+)
MK783197,Dengue virus type 2,Orthoflavivirus denguei,Cosmopolitan,,10683,complete,China,Homo sapiens,blood,"Zhang,L., Zhao,L., Wang,Y., Zhao,J., Zhang,F.",2018,2021-01-11,ssRNA(+)
MK783198,Dengue virus type 2,Orthoflavivirus denguei,Cosmopolitan,,10638,complete,China,Homo sapiens,blood,"Zhang,L., Zhao,L., Wang,Y., Zhao,J., Zhang,F.",2018,2021-01-11,ssRNA(+)
MK783199,Dengue virus type 2,Orthoflavivirus denguei,Cosmopolitan,,10678,complete,China,Homo sapiens,blood,"Zhang,L., Zhao,L., Wang,Y., Zhao,J., Zhang,F.",2018,2021-01-11,ssRNA(+)
MK783200,Dengue virus type 2,Orthoflavivirus denguei,Cosmopolitan,,10683,complete,China,Homo sapiens,blood,"Zhang,L., Zhao,L., Wang,Y., Zhao,J., Zhang,F.",2017,2021-01-11,ssRNA(+)
MK783201,Dengue virus type 2,Orthoflavivirus denguei,Cosmopolitan,,10683,complete,China,Homo sapiens,blood,"Zhang,L., Zhao,L., Wang,Y., Zhao,J., Zhang,F.",2018,2021-01-11,ssRNA(+)
MK783202,Dengue virus type 2,Orthoflavivirus denguei,Cosmopolitan,,10637,complete,China,Homo sapiens,blood,"Zhang,L., Zhao,L., Wang,Y., Zhao,J., Zhang,F.",2018,2021-01-11,ssRNA(+)
MK783203,Dengue virus type 2,Orthoflavivirus denguei,Cosmopolitan,,10683,complete,China,Homo sapiens,blood,"Zhang,L., Zhao,L., Wang,Y., Zhao,J., Zhang,F.",2018,2021-01-11,ssRNA(+)
MK783204,Dengue virus type 2,Orthoflavivirus denguei,Cosmopolitan,,10678,complete,China,Homo sapiens,blood,"Zhang,L., Zhao,L., Wang,Y., Zhao,J., Zhang,F.",2018,2021-01-11,ssRNA(+)
MK783205,Dengue virus type 2,Orthoflavivirus denguei,Cosmopolitan,,10683,complete,China,Homo sapiens,blood,"Zhang,L., Zhao,L., Wang,Y., Zhao,J., Zhang,F.",2018,2021-01-11,ssRNA(+)
MK783206,Dengue virus type 2,Orthoflavivirus denguei,Cosmopolitan,,10694,complete,China,Homo sapiens,blood,"Zhang,L., Zhao,L., Wang,Y., Zhao,J., Zhang,F.",2018,2021-01-11,ssRNA(+)
MK783207,Dengue virus type 2,Orthoflavivirus denguei,Cosmopolitan,,10680,complete,China,Homo sapiens,blood,"Zhang,L., Zhao,L., Wang,Y., Zhao,J., Zhang,F.",2018,2021-01-11,ssRNA(+)
MK783208,Dengue virus type 2,Orthoflavivirus denguei,Cosmopolitan,,10726,complete,China,Homo sapiens,blood,"Zhang,L., Zhao,L., Wang,Y., Zhao,J., Zhang,F.",2018,2021-01-11,ssRNA(+)
MK783209,Dengue virus type 2,Orthoflavivirus denguei,Cosmopolitan,,10658,complete,China,Homo sapiens,blood,"Zhang,L., Zhao,L., Wang,Y., Zhao,J., Zhang,F.",2018,2021-01-11,ssRNA(+)
MK783210,Dengue virus type 2,Orthoflavivirus denguei,Cosmopolitan,,10686,complete,China,Homo sapiens,blood,"Zhang,L., Zhao,L., Wang,Y., Zhao,J., Zhang,F.",2018,2021-01-11,ssRNA(+)
MW396465,Dengue virus type 3,Orthoflavivirus denguei,1,IN003,10707,complete,Bangladesh,Homo sapiens,blood,"Shirin,T., Rahman,A., Hasan,S., Akram,A., Alam,A.A.N., Sultana,S., Hossain,S., Flora,M.S., Hossain,M.M.",2019-07-04,2020-12-27,ssRNA(+)
MW396468,Dengue virus type 3,Orthoflavivirus denguei,1,IN043,10707,complete,Bangladesh,Homo sapiens,blood,"Shirin,T., Rahman,A., Hasan,S., Akram,A., Alam,A.A.N., Sultana,S., Hossain,S., Flora,M.S., Hossain,M.M.",2019-07-07,2020-12-27,ssRNA(+)
MW386865,dengue virus type I,Orthoflavivirus denguei,1,YNBN04,10742,complete,China: Yunnan,Homo sapiens,blood,"Li,D.",2019-10,2020-12-26,ssRNA(+)
MW386867,dengue virus type I,Orthoflavivirus denguei,1,YNDL02,10739,complete,China: Yunnan,Homo sapiens,blood,"Li,D.",2019-10,2020-12-26,ssRNA(+)
MN253125,Dengue virus type 3,Orthoflavivirus denguei,III,MD_33_R4_DENV3_III_India,10651,complete,India,Homo sapiens,blood,"Jagtap,S., Pattabiraman,C., Sankaradoss,A., Pandit,A., Nisheetha,A., Krishna,S., Roy,R., Vedpathak,M., Agrawal,S., Shastri,J.",2017-10-27,2020-09-13,ssRNA(+)
MT180479,Dengue virus type 2,Orthoflavivirus denguei,2,231/17kandy,10723,complete,Sri Lanka: Kandy,Homo sapiens,blood,"Ngwe Tun,M.M., Muthugala,R., Nabeshima,T., Soe,A.M., Dumre,S.P., Rajamanthri,L., Jayawardana,D., Attanayake,S., Inoue,S., Morita,K., Rohitha,M.",2017-08,2020-06-26,ssRNA(+)
MT447147,dengue virus type I,Orthoflavivirus denguei,1,DENV1-HMU-HKU-2,10737,complete,China: Hainan,Homo sapiens,blood,"Du,J., Peng,R., Hu,X., Lv,G., Yin,F.",2019-10-25,2020-05-13,ssRNA(+)
MH891766,Dengue virus type 3,Orthoflavivirus denguei,3,MCVR7048AB/2017,10764,complete,"India: Nilgiri,Tamil Nadu",Homo sapiens,blood,"Sabeena,S., Devadiga,S., Jagadesh,A., Bhandari,Y., Shetty,U., Arunkumar,G.",2017-02-21,2019-11-10,ssRNA(+)
MH891767,dengue virus type I,Orthoflavivirus denguei,1,MCVR0543AC/2017,10764,complete,"India: Nilgiri,Tamil Nadu",Homo sapiens,blood,"Sabeena,S., Devadiga,S., Jagadesh,A., Bhandari,Y., Shetty,U., Arunkumar,G.",2017-04-26,2019-11-10,ssRNA(+)
MH891768,Dengue virus type 2,Orthoflavivirus denguei,2,MCVR2188AB/2016,10716,complete,"India: Sonapur, Assam",Homo sapiens,blood,"Sabeena,S., Devadiga,S., Jagadesh,A., Bhandari,Y., Shetty,U., Arunkumar,G.",2016-10-26,2019-11-10,ssRNA(+)
MH891769,Dengue virus type 4,Orthoflavivirus denguei,4,MCVR4454AC/2017,10403,complete,"India: Krishnagiri, Tamil Nadu",Homo sapiens,blood,"Sabeena,S., Devadiga,S., Jagadesh,A., Bhandari,Y., Shetty,U., Arunkumar,G.",2017-07-08,2019-11-10,ssRNA(+)
MH891770,Dengue virus type 2,Orthoflavivirus denguei,2,MCVR7291AD/2018,10446,complete,"India: Shimoga, Karnataka",Homo sapiens,blood,"Sabeena,S., Devadiga,S., Jagadesh,A., Bhandari,Y., Shetty,U., Arunkumar,G.",2018-04-23,2019-11-10,ssRNA(+)
MH891771,dengue virus type I,Orthoflavivirus denguei,1,MCVR1715AD/2017,10623,complete,"India: Sonapur, Assam",Homo sapiens,blood,"Sabeena,S., Devadiga,S., Jagadesh,A., Bhandari,Y., Shetty,U., Arunkumar,G.",2017-10-22,2019-11-10,ssRNA(+)
MH891772,Dengue virus type 2,Orthoflavivirus denguei,2,MCVR1233AD/2017,10510,complete,"India: Sonapur, Assam",Homo sapiens,blood,"Sabeena,S., Devadiga,S., Jagadesh,A., Bhandari,Y., Shetty,U., Arunkumar,G.",2017-10-12,2019-11-10,ssRNA(+)
MK411558,Dengue virus type 2,Orthoflavivirus denguei,Cosmopolitan,ID/JMB-001M/2016,10696,complete,Indonesia: Jambi,Homo sapiens,blood,"Haryanto,S., Yohan,B., Santoso,M.S., Hayati,R.F., Denis,D., Udjung,G.I.V.W., Herlambang, Kendarsari,R.I., Trimarsanto,H., Sasmono,R.T.",2016-02-20,2019-08-12,ssRNA(+)
MK411559,Dengue virus type 2,Orthoflavivirus denguei,Cosmopolitan,ID/JMB-001B/2016,10676,complete,Indonesia: Jambi,Homo sapiens,blood,"Haryanto,S., Yohan,B., Santoso,M.S., Hayati,R.F., Denis,D., Udjung,G.I.V.W., Herlambang, Kendarsari,R.I., Trimarsanto,H., Sasmono,R.T.",2016-02-23,2019-08-12,ssRNA(+)
MH827525,Dengue virus type 2,Orthoflavivirus denguei,2,D2/China/GDzh/D14003/2014,10724,complete,China,Homo sapiens,blood,"De,W., Huan,Z., Xin,Z., Huiqiong,Z., Qiqi,T.",2017,2019-07-31,ssRNA(+)
MH827526,Dengue virus type 2,Orthoflavivirus denguei,2,D2/China/GDsw/D15024/2015(New_Guinea),10724,complete,China,Homo sapiens,blood,"De,W., Huan,Z., Xin,Z., Huiqiong,Z., Qiqi,T.",2017,2019-07-31,ssRNA(+)
MH827527,Dengue virus type 2,Orthoflavivirus denguei,2,D2/China/GDsg/GD15023/2015(Indonesia),10724,complete,China,Homo sapiens,blood,"De,W., Huan,Z., Xin,Z., Huiqiong,Z., Qiqi,T.",2017,2019-07-31,ssRNA(+)
MH827528,Dengue virus type 2,Orthoflavivirus denguei,2,D2/China/GDcz/D15030/2015(Malaysia),10724,complete,China,Homo sapiens,blood,"De,W., Huan,Z., Xin,Z., Huiqiong,Z., Qiqi,T.",2017,2019-07-31,ssRNA(+)
MH827529,Dengue virus type 2,Orthoflavivirus denguei,2,D2/China/GDfs/D14005/2014,10724,complete,China,Homo sapiens,blood,"De,W., Huan,Z., Xin,Z., Huiqiong,Z., Qiqi,T.",2017,2019-07-31,ssRNA(+)
MH827530,Dengue virus type 2,Orthoflavivirus denguei,2,D2/China/GDyf/D14070/2014,10724,complete,China,Homo sapiens,blood,"De,W., Huan,Z., Xin,Z., Huiqiong,Z., Qiqi,T.",2017,2019-07-31,ssRNA(+)
MH827531,Dengue virus type 2,Orthoflavivirus denguei,2,D2/China/GDzs/D14115/2014,10724,complete,China,Homo sapiens,blood,"De,W., Huan,Z., Xin,Z., Huiqiong,Z., Qiqi,T.",2017,2019-07-31,ssRNA(+)
MH827532,Dengue virus type 2,Orthoflavivirus denguei,2,D2/China/GDmm/D15341/2015(Myanmar),10724,complete,China,Homo sapiens,blood,"De,W., Huan,Z., Xin,Z., Huiqiong,Z., Qiqi,T.",2017,2019-07-31,ssRNA(+)
MH827533,Dengue virus type 2,Orthoflavivirus denguei,2,D2/China/GDcz/D15044/2015,10724,complete,China,Homo sapiens,blood,"De,W., Huan,Z., Xin,Z., Huiqiong,Z., Qiqi,T.",2017,2019-07-31,ssRNA(+)
MH827534,Dengue virus type 2,Orthoflavivirus denguei,2,D2/China/GDsz/D15328/2015(Taiwan),10724,complete,China,Homo sapiens,blood,"De,W., Huan,Z., Xin,Z., Huiqiong,Z., Qiqi,T.",2017,2019-07-31,ssRNA(+)
MH827535,Dengue virus type 2,Orthoflavivirus denguei,2,D2/China/GDzh/D16003/2016(Tailand),10724,complete,China,Homo sapiens,blood,"De,W., Huan,Z., Xin,Z., Huiqiong,Z., Qiqi,T.",2017,2019-07-31,ssRNA(+)
MH827536,Dengue virus type 2,Orthoflavivirus denguei,2,D2/China/GDmm/D16005/2016(Malaysia),10724,complete,China,Homo sapiens,blood,"De,W., Huan,Z., Xin,Z., Huiqiong,Z., Qiqi,T.",2017,2019-07-31,ssRNA(+)
MH827537,Dengue virus type 2,Orthoflavivirus denguei,2,D2/China/GD_/GD151663/2015,10724,complete,China,Homo sapiens,blood,"De,W., Huan,Z., Xin,Z., Huiqiong,Z., Qiqi,T.",2017,2019-07-31,ssRNA(+)
MH827538,Dengue virus type 2,Orthoflavivirus denguei,2,D2/China/GD_/GD151665/2015,10724,complete,China,Homo sapiens,blood,"De,W., Huan,Z., Xin,Z., Huiqiong,Z., Qiqi,T.",2017,2019-07-31,ssRNA(+)
MH827539,Dengue virus type 2,Orthoflavivirus denguei,2,D2/China/GDsz/GD16027/2016(Import),10724,complete,China,Homo sapiens,blood,"De,W., Huan,Z., Xin,Z., Huiqiong,Z., Qiqi,T.",2017,2019-07-31,ssRNA(+)
MH827540,Dengue virus type 2,Orthoflavivirus denguei,2,D2/China/GDfs/GD16032/2016,10724,complete,China,Homo sapiens,blood,"De,W., Huan,Z., Xin,Z., Huiqiong,Z., Qiqi,T.",2017,2019-07-31,ssRNA(+)
MH827541,Dengue virus type 2,Orthoflavivirus denguei,2,D2/China/GDsd/GD16033/2016,10724,complete,China,Homo sapiens,blood,"De,W., Huan,Z., Xin,Z., Huiqiong,Z., Qiqi,T.",2017,2019-07-31,ssRNA(+)
MH827542,Dengue virus type 2,Orthoflavivirus denguei,2,D2/China/GDst/GD16047/2016,10724,complete,China,Homo sapiens,blood,"De,W., Huan,Z., Xin,Z., Huiqiong,Z., Qiqi,T.",2017,2019-07-31,ssRNA(+)
MH827543,Dengue virus type 2,Orthoflavivirus denguei,2,D2/China/GDqy/GD16158/2016,10724,complete,China,Homo sapiens,blood,"De,W., Huan,Z., Xin,Z., Huiqiong,Z., Qiqi,T.",2017,2019-07-31,ssRNA(+)
MH827544,Dengue virus type 2,Orthoflavivirus denguei,2,D2/China/GDzs/GD16161/2016(New_Guinea),10724,complete,China,Homo sapiens,blood,"De,W., Huan,Z., Xin,Z., Huiqiong,Z., Qiqi,T.",2017,2019-07-31,ssRNA(+)
MH827545,Dengue virus type 2,Orthoflavivirus denguei,2,D2/China/GDzs/GD16168/2016(Philippines),10724,complete,China,Homo sapiens,blood,"De,W., Huan,Z., Xin,Z., Huiqiong,Z., Qiqi,T.",2017,2019-07-31,ssRNA(+)
MH827546,Dengue virus type 2,Orthoflavivirus denguei,2,D2/China/GDgz/GD17013/2017(Thailand),10724,complete,China,Homo sapiens,blood,"De,W., Huan,Z., Xin,Z., Huiqiong,Z., Qiqi,T.",2017,2019-07-31,ssRNA(+)
MH827547,Dengue virus type 2,Orthoflavivirus denguei,2,D2/China/GDzq/GD17024/2017(Malaysia),10724,complete,China,Homo sapiens,blood,"De,W., Huan,Z., Xin,Z., Huiqiong,Z., Qiqi,T.",2017,2019-07-31,ssRNA(+)
MH827548,Dengue virus type 2,Orthoflavivirus denguei,2,D2/China/GDfs/GD17025/2017(Maldives),10724,complete,China,Homo sapiens,blood,"De,W., Huan,Z., Xin,Z., Huiqiong,Z., Qiqi,T.",2017,2019-07-31,ssRNA(+)
MH827549,Dengue virus type 2,Orthoflavivirus denguei,2,D2/China/GDsz/GD17027/2017,10724,complete,China,Homo sapiens,blood,"De,W., Huan,Z., Xin,Z., Huiqiong,Z., Qiqi,T.",2017,2019-07-31,ssRNA(+)
MH827550,Dengue virus type 2,Orthoflavivirus denguei,2,D2/China/GDsz/GD17029/2017,10724,complete,China,Homo sapiens,blood,"De,W., Huan,Z., Xin,Z., Huiqiong,Z., Qiqi,T.",2017,2019-07-31,ssRNA(+)
MH827551,Dengue virus type 2,Orthoflavivirus denguei,2,D2/China/GDgz/GD17006/2017(Maldives),10724,complete,China,Homo sapiens,blood,"De,W., Huan,Z., Xin,Z., Huiqiong,Z., Qiqi,T.",2017,2019-07-31,ssRNA(+)
MH827552,Dengue virus type 2,Orthoflavivirus denguei,2,D2/China/GDgz/GD17007/2017(Thailand),10724,complete,China,Homo sapiens,blood,"De,W., Huan,Z., Xin,Z., Huiqiong,Z., Qiqi,T.",2017,2019-07-31,ssRNA(+)
MH827553,Dengue virus type 2,Orthoflavivirus denguei,2,D2/China/GDzh/GD17038/2017,10724,complete,China,Homo sapiens,blood,"De,W., Huan,Z., Xin,Z., Huiqiong,Z., Qiqi,T.",2017,2019-07-31,ssRNA(+)
MH827554,Dengue virus type 2,Orthoflavivirus denguei,2,D2/China/GDzh/GD17040/2017,10724,complete,China,Homo sapiens,blood,"De,W., Huan,Z., Xin,Z., Huiqiong,Z., Qiqi,T.",2017,2019-07-31,ssRNA(+)
MK543448,Dengue virus type 2,Orthoflavivirus denguei,Cosmopolitan,HNQY20180008,10716,complete,China,Homo sapiens,blood,"Guan,J., Chen,J., Duan,S., Sun,Q.",2018-09-23,2019-03-27,ssRNA(+)
MK543449,Dengue virus type 2,Orthoflavivirus denguei,Cosmopolitan,HNQY20180084,10716,complete,China,Homo sapiens,blood,"Guan,J., Chen,J., Duan,S., Sun,Q.",2018-09-26,2019-03-27,ssRNA(+)
MK543450,Dengue virus type 2,Orthoflavivirus denguei,Cosmopolitan,HNQY20180091,10716,complete,China,Homo sapiens,blood,"Guan,J., Chen,J., Duan,S., Sun,Q.",2018-09-27,2019-03-27,ssRNA(+)
MK543471,Dengue virus type 2,Orthoflavivirus denguei,Cosmopolitan,HNQY2018005,10716,complete,China,Homo sapiens,blood,"Guan,J., Feng,S., Qin,M., Sun,Q.",2018-09-23,2019-03-27,ssRNA(+)
MK543479,Dengue virus type 2,Orthoflavivirus denguei,Cosmopolitan,HNQY2018004,10716,complete,China,Homo sapiens,blood,"Guan,J., Feng,S., Qin,M., Sun,Q.",2018-09-23,2019-03-27,ssRNA(+)
KY672931,dengue virus type I,Orthoflavivirus denguei,I,DENV-1/China/YN/15DGR4 (2015),10738,complete,China: Yunnan,Homo sapiens,blood,"Hu,T.",2015-06-09,2019-02-20,ssRNA(+)
KY672932,dengue virus type I,Orthoflavivirus denguei,I,DENV-1/China/YN/15DGR7 (2015),10704,complete,China: Yunnan,Homo sapiens,blood,"Hu,T.",2015-06-14,2019-02-20,ssRNA(+)
KY672933,dengue virus type I,Orthoflavivirus denguei,I,DENV-1/China/YN/15DGR55 (2015),10714,complete,China: Yunnan,Homo sapiens,blood,"Hu,T.",2015-08-08,2019-02-20,ssRNA(+)
KY672934,dengue virus type I,Orthoflavivirus denguei,I,DENV-1/China/YN/GM1502 (2015),10738,complete,China: Yunnan,Homo sapiens,blood,"Hu,T.",2015-10-22,2019-02-20,ssRNA(+)
KY672935,dengue virus type I,Orthoflavivirus denguei,I,DENV-1/China/YN/GM1503(2015),10738,complete,China: Yunnan,Homo sapiens,blood,"Hu,T.",2015-10-17,2019-02-20,ssRNA(+)
KY672936,dengue virus type I,Orthoflavivirus denguei,I,DENV-1/China/YN/LC1502(2015),10738,complete,China: Yunnan,Homo sapiens,blood,"Hu,T.",2015-07-06,2019-02-20,ssRNA(+)
KY672937,dengue virus type I,Orthoflavivirus denguei,I,DENV-1/China/YN/DGRL-6(2014),10738,complete,China: Yunnan,Homo sapiens,blood,"Hu,T.",2014-08-01,2019-02-20,ssRNA(+)
KY672938,dengue virus type I,Orthoflavivirus denguei,I,DENV-1/China/YN/DGRL-32(2014),10738,complete,China: Yunnan,Homo sapiens,blood,"Hu,T.",2014-08-08,2019-02-20,ssRNA(+)
KY672939,dengue virus type I,Orthoflavivirus denguei,I,DENV-1/China/YN/DGRL-49(2014),10707,complete,China: Yunnan,Homo sapiens,blood,"Hu,T.",2014-08-13,2019-02-20,ssRNA(+)
KY672940,dengue virus type I,Orthoflavivirus denguei,I,DENV-1/China/YN/DGRL-157(2014),10707,complete,China: Yunnan,Homo sapiens,blood,"Hu,T.",2014-09-18,2019-02-20,ssRNA(+)
KY672941,dengue virus type I,Orthoflavivirus denguei,I,DENV-1/China/YN/DGRL-161(2014),10714,complete,China: Yunnan,Homo sapiens,blood,"Hu,T.",2014-09-21,2019-02-20,ssRNA(+)
KY672942,dengue virus type I,Orthoflavivirus denguei,I,DENV-1/China/YN/DGRL-177(2014),10737,complete,China: Yunnan,Homo sapiens,blood,"Hu,T.",2014-09-27,2019-02-20,ssRNA(+)
KY672943,dengue virus type I,Orthoflavivirus denguei,I,DENV-1/China/YN/YNH12 (2013),10737,complete,China: Yunnan,Homo sapiens,blood,"Hu,T.",2013-10-08,2019-02-20,ssRNA(+)
KY672944,dengue virus type I,Orthoflavivirus denguei,III,DENV-1/China/YN/YNH22 (2013),10709,complete,China: Yunnan,Homo sapiens,blood,"Hu,T.",2013-10-08,2019-02-20,ssRNA(+)
KY672945,Dengue virus type 2,Orthoflavivirus denguei,Asian,DENV-2/China/YN/15DGR8(2015),10723,complete,China: Yunnan,Homo sapiens,blood,"Hu,T.",2015-06-13,2019-02-20,ssRNA(+)
KY672946,Dengue virus type 2,Orthoflavivirus denguei,Asian,DENV-2/China/YN/15DGR29(2015),10723,complete,China: Yunnan,Homo sapiens,blood,"Hu,T.",2015-07-24,2019-02-20,ssRNA(+)
KY672947,Dengue virus type 2,Orthoflavivirus denguei,Asian,DENV-2/China/YN/RL16(2013),10723,complete,China: Yunnan,Homo sapiens,blood,"Hu,T.",2013-10-13,2019-02-20,ssRNA(+)
KY672948,Dengue virus type 2,Orthoflavivirus denguei,Asian,DENV-2/China/YN/RL18(2013),10723,complete,China: Yunnan,Homo sapiens,blood,"Hu,T.",2013-09-17,2019-02-20,ssRNA(+)
KY672949,Dengue virus type 2,Orthoflavivirus denguei,Asian,DENV-2/China/YN/RL27(2013),10723,complete,China: Yunnan,Homo sapiens,blood,"Hu,T.",2013-09-30,2019-02-20,ssRNA(+)
KY672950,Dengue virus type 2,Orthoflavivirus denguei,Cosmopolitan,DENV-2/China/YN/15DGR605(2015),10723,complete,China: Yunnan,Homo sapiens,blood,"Hu,T.",2015-09-28,2019-02-20,ssRNA(+)
KY672951,Dengue virus type 2,Orthoflavivirus denguei,Cosmopolitan,DENV-2/China/YN/JH1502(2015),10680,complete,China: Yunnan,Homo sapiens,blood,"Hu,T.",2015-11-13,2019-02-20,ssRNA(+)
KY672952,Dengue virus type 2,Orthoflavivirus denguei,Cosmopolitan,DENV-2/China/YN/JH1505(2015),10668,complete,China: Yunnan,Homo sapiens,blood,"Hu,T.",2015-11-15,2019-02-20,ssRNA(+)
KY672953,Dengue virus type 2,Orthoflavivirus denguei,Cosmopolitan,DENV-2/China/YN/JH1515(2015),10665,complete,China: Yunnan,Homo sapiens,blood,"Hu,T.",2015-07-20,2019-02-20,ssRNA(+)
KY672954,Dengue virus type 2,Orthoflavivirus denguei,Cosmopolitan,DENV-2/China/YN/JH1516(2015),10665,complete,China: Yunnan,Homo sapiens,blood,"Hu,T.",2015-08-20,2019-02-20,ssRNA(+)
KY672955,Dengue virus type 2,Orthoflavivirus denguei,Asian,DENV-2/China/YN/15DGR65(2015),10723,complete,China: Yunnan,Homo sapiens,blood,"Hu,T.",2015-08-15,2019-02-20,ssRNA(+)
KY672956,Dengue virus type 4,Orthoflavivirus denguei,I,DENV-4/China/YN/15DGR9 (2015),10661,complete,China,Homo sapiens,blood,"Hu,T.",2015-06-22,2019-02-20,ssRNA(+)
KY672957,Dengue virus type 4,Orthoflavivirus denguei,I,DENV-4/China/YN/15DGR32 (2015),10661,complete,China,Homo sapiens,blood,"Hu,T.",2015-07-25,2019-02-20,ssRNA(+)
KY672958,Dengue virus type 4,Orthoflavivirus denguei,I,DENV-4/China/YN/15DGR35 (2015),10661,complete,China,Homo sapiens,blood,"Hu,T.",2015-06-27,2019-02-20,ssRNA(+)
KY672959,Dengue virus type 4,Orthoflavivirus denguei,I,DENV-4/China/YN/15DGR50 (2015),10661,complete,China,Homo sapiens,blood,"Hu,T.",2015-08-07,2019-02-20,ssRNA(+)
KY672960,Dengue virus type 4,Orthoflavivirus denguei,I,DENV-4/China/YN/15DGR394 (2015),10661,complete,China,Homo sapiens,blood,"Hu,T.",2015-10-10,2019-02-20,ssRNA(+)
MH823207,dengue virus type I,Orthoflavivirus denguei,I,JMB-059,10728,complete,Indonesia,Homo sapiens,blood,"Yohan,B., Dhenni,R., Hayati,R.F., Yudhaputri,F.A., Denis,D., Pamai,Y.W.B., Afida,A.M., Hutagalung,I.A., Haryanto,S., Trimarsanto,H., Myint,K.S.A., Sasmono,R.T., Pamai,Y.W.",2015,2019-02-18,ssRNA(+)
MH823208,Dengue virus type 2,Orthoflavivirus denguei,Cosmopolitan,JMB-010,10723,complete,Indonesia,Homo sapiens,blood,"Yohan,B., Dhenni,R., Hayati,R.F., Yudhaputri,F.A., Denis,D., Pamai,Y.W.B., Afida,A.M., Hutagalung,I.A., Haryanto,S., Trimarsanto,H., Myint,K.S.A., Sasmono,R.T., Pamai,Y.W.",2014,2019-02-18,ssRNA(+)
MH823209,Dengue virus type 3,Orthoflavivirus denguei,I,SMD-031,10707,complete,Indonesia,Homo sapiens,blood,"Yohan,B., Dhenni,R., Hayati,R.F., Yudhaputri,F.A., Denis,D., Pamai,Y.W.B., Afida,A.M., Hutagalung,I.A., Haryanto,S., Trimarsanto,H., Myint,K.S.A., Sasmono,R.T., Pamai,Y.W.",2016,2019-02-18,ssRNA(+)
MH823210,Dengue virus type 4,Orthoflavivirus denguei,II,JMB-006,10648,complete,Indonesia,Homo sapiens,blood,"Yohan,B., Dhenni,R., Hayati,R.F., Yudhaputri,F.A., Denis,D., Pamai,Y.W.B., Afida,A.M., Hutagalung,I.A., Haryanto,S., Trimarsanto,H., Myint,K.S.A., Sasmono,R.T., Pamai,Y.W.",2014,2019-02-18,ssRNA(+)
MK268692,Dengue virus type 2,Orthoflavivirus denguei,,DENV-2/TH/1974,10721,complete,Thailand: Bangkok,Homo sapiens,blood,"Vazeille-Falcoz,M., Mousson,L., Rodhain,F., Chungue,E., Failloux,A.-B., Rosen,L., Caro,V.",1974,2019-02-11,ssRNA(+)
MG721054,dengue virus type 2,Orthoflavivirus denguei,2,R1_J17_DENV2,10723,complete,India,Homo sapiens,blood,"Pattabiraman,C., Kumar,A., Nisheetha,A., Pandit,A., Dias,M., Krishna,S.",2016,2019-01-01,ssRNA(+)
MG721055,Dengue virus type 2,Orthoflavivirus denguei,2,R1_J22_DENV2,10726,complete,India,Homo sapiens,blood,"Pattabiraman,C., Kumar,A., Nisheetha,A., Pandit,A., Dias,M., Krishna,S.",2016,2019-01-01,ssRNA(+)
MG721063,dengue virus type 1,Orthoflavivirus denguei,1,R1_J10,10736,complete,India,Homo sapiens,blood,"Pattabiraman,C., Kumar,A., Nisheetha,A., Pandit,A., Dias,M., Krishna,S.",2016,2019-01-01,ssRNA(+)
MG721064,Dengue virus type 3,Orthoflavivirus denguei,3,,10285,complete,India,Homo sapiens,blood,"Pattabiraman,C., Kumar,A., Nisheetha,A., Pandit,A., Dias,M., Krishna,S.",2016,2019-01-01,ssRNA(+)
MH822944,Dengue virus type 2,Orthoflavivirus denguei,,T14_S63_DENV2,10723,complete,India,Homo sapiens,blood,"Kar,M., Nisheetha,A., Kumar,A., Jagtap,S., Shinde,J., Singla,M., M,S., Pandit,A., Chandele,A., Kabra,S.K., Krishna,S., Roy,R., Lodha,R., Pattabiraman,C., Medigeshi,G.R., Shinde,J.R., Marimuthu,S.",2012-10-08,2018-12-31,ssRNA(+)
MH822947,Dengue virus type 2,Orthoflavivirus denguei,,T5_S62_DENV2,10709,complete,India,Homo sapiens,blood,"Kar,M., Nisheetha,A., Kumar,A., Jagtap,S., Shinde,J., Singla,M., M,S., Pandit,A., Chandele,A., Kabra,S.K., Krishna,S., Roy,R., Lodha,R., Pattabiraman,C., Medigeshi,G.R., Shinde,J.R., Marimuthu,S.",2012-09-24,2018-12-31,ssRNA(+)
MH822948,Dengue virus type 2,Orthoflavivirus denguei,,T19_S66_DENV2,10721,complete,India,Homo sapiens,blood,"Kar,M., Nisheetha,A., Kumar,A., Jagtap,S., Shinde,J., Singla,M., M,S., Pandit,A., Chandele,A., Kabra,S.K., Krishna,S., Roy,R., Lodha,R., Pattabiraman,C., Medigeshi,G.R., Shinde,J.R., Marimuthu,S.",2012,2018-12-31,ssRNA(+)
MH822949,Dengue virus type 2,Orthoflavivirus denguei,,T90_S83_DENV2,10723,complete,India,Homo sapiens,blood,"Kar,M., Nisheetha,A., Kumar,A., Jagtap,S., Shinde,J., Singla,M., M,S., Pandit,A., Chandele,A., Kabra,S.K., Krishna,S., Roy,R., Lodha,R., Pattabiraman,C., Medigeshi,G.R., Shinde,J.R., Marimuthu,S.",2014-10-28,2018-12-31,ssRNA(+)
MH822955,Dengue virus type 2,Orthoflavivirus denguei,,T89_S82_DENV2,10723,complete,India,Homo sapiens,blood,"Kar,M., Nisheetha,A., Kumar,A., Jagtap,S., Shinde,J., Singla,M., M,S., Pandit,A., Chandele,A., Kabra,S.K., Krishna,S., Roy,R., Lodha,R., Pattabiraman,C., Medigeshi,G.R., Shinde,J.R., Marimuthu,S.",2014-10-25,2018-12-31,ssRNA(+)
MH822956,Dengue virus type 2,Orthoflavivirus denguei,,T48_S76_DENV2,10723,complete,India,Homo sapiens,blood,"Kar,M., Nisheetha,A., Kumar,A., Jagtap,S., Shinde,J., Singla,M., M,S., Pandit,A., Chandele,A., Kabra,S.K., Krishna,S., Roy,R., Lodha,R., Pattabiraman,C., Medigeshi,G.R., Shinde,J.R., Marimuthu,S.",2013-09-09,2018-12-31,ssRNA(+)
MH822959,dengue virus type I,Orthoflavivirus denguei,V,,10714,complete,India,Homo sapiens,blood,"Kar,M., Nisheetha,A., Kumar,A., Jagtap,S., Shinde,J., Singla,M., M,S., Pandit,A., Chandele,A., Kabra,S.K., Krishna,S., Roy,R., Lodha,R., Pattabiraman,C., Medigeshi,G.R., Shinde,J.R., Marimuthu,S.",2012,2018-12-31,ssRNA(+)
KY057365,dengue virus type I,Orthoflavivirus denguei,I,SUB-003A,10735,complete,Indonesia: Surabaya,Homo sapiens,blood,"Sasmono,R.T., Yohan,B., Wardhani,P., Aryati,A., Trimarsanto,H.",2012,2018-10-31,ssRNA(+)
KY057366,dengue virus type I,Orthoflavivirus denguei,IV,SUB-026A,10735,complete,Indonesia: Surabaya,Homo sapiens,blood,"Sasmono,R.T., Yohan,B., Wardhani,P., Aryati,A., Trimarsanto,H.",2012,2018-10-31,ssRNA(+)
KY057367,dengue virus type I,Orthoflavivirus denguei,I,SUB-027A,10735,complete,Indonesia: Surabaya,Homo sapiens,blood,"Sasmono,R.T., Yohan,B., Wardhani,P., Aryati,A., Trimarsanto,H.",2012,2018-10-31,ssRNA(+)
KY057368,dengue virus type I,Orthoflavivirus denguei,IV,SUB-032A,10735,complete,Indonesia: Surabaya,Homo sapiens,blood,"Sasmono,R.T., Yohan,B., Wardhani,P., Aryati,A., Trimarsanto,H.",2012,2018-10-31,ssRNA(+)
KY057369,dengue virus type I,Orthoflavivirus denguei,I,SUB-038A,10735,complete,Indonesia: Surabaya,Homo sapiens,blood,"Sasmono,R.T., Yohan,B., Wardhani,P., Aryati,A., Trimarsanto,H.",2012,2018-10-31,ssRNA(+)
KY057370,dengue virus type I,Orthoflavivirus denguei,I,SUB-048A,10735,complete,Indonesia: Surabaya,Homo sapiens,blood,"Sasmono,R.T., Yohan,B., Wardhani,P., Aryati,A., Trimarsanto,H.",2012,2018-10-31,ssRNA(+)
KY057371,dengue virus type I,Orthoflavivirus denguei,IV,SUB-049A,10735,complete,Indonesia: Surabaya,Homo sapiens,blood,"Sasmono,R.T., Yohan,B., Wardhani,P., Aryati,A., Trimarsanto,H.",2012,2018-10-31,ssRNA(+)
KY057372,dengue virus type I,Orthoflavivirus denguei,I,SUB-098A,10735,complete,Indonesia: Surabaya,Homo sapiens,blood,"Sasmono,R.T., Yohan,B., Wardhani,P., Aryati,A., Trimarsanto,H.",2012,2018-10-31,ssRNA(+)
KY057373,dengue virus type I,Orthoflavivirus denguei,I,SUB-120A,10735,complete,Indonesia: Surabaya,Homo sapiens,blood,"Sasmono,R.T., Yohan,B., Wardhani,P., Aryati,A., Trimarsanto,H.",2012,2018-10-31,ssRNA(+)
MG767211,dengue virus type I,Orthoflavivirus denguei,DENV-1,09041/DENV-1/GZ/2017,10700,complete,China,Homo sapiens,blood,"Li,W., Yin,Q., Liu,Y., Wu,S., Xie,T., Zhou,X.",2017-09-04,2018-10-30,ssRNA(+)
MG560143,Dengue virus type 2,Orthoflavivirus denguei,2,,10723,complete,India,Homo sapiens,blood,"Vaddadi,K., Gandikota,C., Venkataramana,M.",2014,2018-10-08,ssRNA(+)
MG560144,Dengue virus type 2,Orthoflavivirus denguei,2,,10670,complete,India,Homo sapiens,blood,"Vaddadi,K., Gandikota,C., Venkataramana,M.",2014,2018-10-08,ssRNA(+)
MH110564,Dengue virus type 2,Orthoflavivirus denguei,2,,10176,complete,China: Hangzhou,Homo sapiens,blood,"Yu,H., Qiu,X., Liu,X., Cheng,S., Pan,J., Wang,H.",2017-09,2018-09-10,ssRNA(+)
MH110565,Dengue virus type 2,Orthoflavivirus denguei,2,,10176,complete,China: Hangzhou,Homo sapiens,blood,"Yu,H., Qiu,X., Liu,X., Cheng,S., Pan,J., Wang,H.",2017-09,2018-09-10,ssRNA(+)
MH110566,Dengue virus type 2,Orthoflavivirus denguei,2,,10176,complete,China: Hangzhou,Homo sapiens,blood,"Yu,H., Qiu,X., Liu,X., Cheng,S., Pan,J., Wang,H.",2017-09,2018-09-10,ssRNA(+)
MH110567,Dengue virus type 2,Orthoflavivirus denguei,2,,10176,complete,China: Hangzhou,Homo sapiens,blood,"Yu,H., Qiu,X., Liu,X., Cheng,S., Pan,J., Wang,H.",2017-09,2018-09-10,ssRNA(+)
MH110568,Dengue virus type 2,Orthoflavivirus denguei,2,,10176,complete,China: Hangzhou,Homo sapiens,blood,"Yu,H., Qiu,X., Liu,X., Cheng,S., Pan,J., Wang,H.",2017-09,2018-09-10,ssRNA(+)
MH110569,Dengue virus type 2,Orthoflavivirus denguei,2,,10176,complete,China: Hangzhou,Homo sapiens,blood,"Yu,H., Qiu,X., Liu,X., Cheng,S., Pan,J., Wang,H.",2017-09,2018-09-10,ssRNA(+)
MH110570,Dengue virus type 2,Orthoflavivirus denguei,2,,10176,complete,China: Hangzhou,Homo sapiens,blood,"Yu,H., Qiu,X., Liu,X., Cheng,S., Pan,J., Wang,H.",2017-09,2018-09-10,ssRNA(+)
MH110571,Dengue virus type 2,Orthoflavivirus denguei,2,,10176,complete,China: Hangzhou,Homo sapiens,blood,"Yu,H., Qiu,X., Liu,X., Cheng,S., Pan,J., Wang,H.",2017-09,2018-09-10,ssRNA(+)
MH110572,Dengue virus type 2,Orthoflavivirus denguei,2,,10176,complete,China: Hangzhou,Homo sapiens,blood,"Yu,H., Qiu,X., Liu,X., Cheng,S., Pan,J., Wang,H.",2017-09,2018-09-10,ssRNA(+)
MH110573,Dengue virus type 2,Orthoflavivirus denguei,2,,10176,complete,China: Hangzhou,Homo sapiens,blood,"Yu,H., Qiu,X., Liu,X., Cheng,S., Pan,J., Wang,H.",2017-08,2018-09-10,ssRNA(+)
MH110574,Dengue virus type 2,Orthoflavivirus denguei,2,,10176,complete,China: Hangzhou,Homo sapiens,blood,"Yu,H., Qiu,X., Liu,X., Cheng,S., Pan,J., Wang,H.",2017-08,2018-09-10,ssRNA(+)
MH110575,Dengue virus type 2,Orthoflavivirus denguei,2,,10176,complete,China: Hangzhou,Homo sapiens,blood,"Yu,H., Qiu,X., Liu,X., Cheng,S., Pan,J., Wang,H.",2017-08,2018-09-10,ssRNA(+)
MH110576,Dengue virus type 2,Orthoflavivirus denguei,2,,10176,complete,China: Hangzhou,Homo sapiens,blood,"Yu,H., Qiu,X., Liu,X., Cheng,S., Pan,J., Wang,H.",2017-08,2018-09-10,ssRNA(+)
MH110577,Dengue virus type 2,Orthoflavivirus denguei,2,,10176,complete,China: Hangzhou,Homo sapiens,blood,"Yu,H., Qiu,X., Liu,X., Cheng,S., Pan,J., Wang,H.",2017-08,2018-09-10,ssRNA(+)
MH110578,Dengue virus type 2,Orthoflavivirus denguei,2,,10176,complete,China: Hangzhou,Homo sapiens,blood,"Yu,H., Qiu,X., Liu,X., Cheng,S., Pan,J., Wang,H.",2017-08,2018-09-10,ssRNA(+)
MH110579,Dengue virus type 2,Orthoflavivirus denguei,2,,10176,complete,China: Hangzhou,Homo sapiens,blood,"Yu,H., Qiu,X., Liu,X., Cheng,S., Pan,J., Wang,H.",2017-08,2018-09-10,ssRNA(+)
MH110580,Dengue virus type 2,Orthoflavivirus denguei,2,,10176,complete,China: Hangzhou,Homo sapiens,blood,"Yu,H., Qiu,X., Liu,X., Cheng,S., Pan,J., Wang,H.",2017-08,2018-09-10,ssRNA(+)
MH110581,Dengue virus type 2,Orthoflavivirus denguei,2,,10176,complete,China: Hangzhou,Homo sapiens,blood,"Yu,H., Qiu,X., Liu,X., Cheng,S., Pan,J., Wang,H.",2017-09,2018-09-10,ssRNA(+)
MH110582,Dengue virus type 2,Orthoflavivirus denguei,2,,10176,complete,China: Hangzhou,Homo sapiens,blood,"Yu,H., Qiu,X., Liu,X., Cheng,S., Pan,J., Wang,H.",2017-09,2018-09-10,ssRNA(+)
MH110583,Dengue virus type 2,Orthoflavivirus denguei,2,,10176,complete,China: Hangzhou,Homo sapiens,blood,"Yu,H., Qiu,X., Liu,X., Cheng,S., Pan,J., Wang,H.",2017-09,2018-09-10,ssRNA(+)
MH110584,Dengue virus type 2,Orthoflavivirus denguei,2,,10176,complete,China: Hangzhou,Homo sapiens,blood,"Yu,H., Qiu,X., Liu,X., Cheng,S., Pan,J., Wang,H.",2017-09,2018-09-10,ssRNA(+)
MH110585,Dengue virus type 2,Orthoflavivirus denguei,2,,10176,complete,China: Hangzhou,Homo sapiens,blood,"Yu,H., Qiu,X., Liu,X., Cheng,S., Pan,J., Wang,H.",2017-09,2018-09-10,ssRNA(+)
MH110586,Dengue virus type 2,Orthoflavivirus denguei,2,,10176,complete,China: Hangzhou,Homo sapiens,blood,"Yu,H., Qiu,X., Liu,X., Cheng,S., Pan,J., Wang,H.",2017-09,2018-09-10,ssRNA(+)
MH110587,Dengue virus type 2,Orthoflavivirus denguei,2,,10176,complete,China: Hangzhou,Homo sapiens,blood,"Yu,H., Qiu,X., Liu,X., Cheng,S., Pan,J., Wang,H.",2017-09,2018-09-10,ssRNA(+)
MH110588,Dengue virus type 2,Orthoflavivirus denguei,2,,10176,complete,China: Hangzhou,Homo sapiens,blood,"Yu,H., Qiu,X., Liu,X., Cheng,S., Pan,J., Wang,H.",2017-09,2018-09-10,ssRNA(+)
MH110589,Dengue virus type 2,Orthoflavivirus denguei,2,,10176,complete,China: Hangzhou,Homo sapiens,blood,"Yu,H., Qiu,X., Liu,X., Cheng,S., Pan,J., Wang,H.",2017-09,2018-09-10,ssRNA(+)
MH110590,Dengue virus type 2,Orthoflavivirus denguei,2,,10176,complete,China: Hangzhou,Homo sapiens,blood,"Yu,H., Qiu,X., Liu,X., Cheng,S., Pan,J., Wang,H.",2017-09,2018-09-10,ssRNA(+)
MH110591,Dengue virus type 2,Orthoflavivirus denguei,2,,10176,complete,China: Hangzhou,Homo sapiens,blood,"Yu,H., Qiu,X., Liu,X., Cheng,S., Pan,J., Wang,H.",2017-09,2018-09-10,ssRNA(+)
MH110592,Dengue virus type 2,Orthoflavivirus denguei,2,,10176,complete,China: Hangzhou,Homo sapiens,blood,"Yu,H., Qiu,X., Liu,X., Cheng,S., Pan,J., Wang,H.",2017-09,2018-09-10,ssRNA(+)
MH110593,Dengue virus type 2,Orthoflavivirus denguei,2,,10176,complete,China: Hangzhou,Homo sapiens,blood,"Yu,H., Qiu,X., Liu,X., Cheng,S., Pan,J., Wang,H.",2017-09,2018-09-10,ssRNA(+)
MH110594,Dengue virus type 2,Orthoflavivirus denguei,2,,10176,complete,China: Hangzhou,Homo sapiens,blood,"Yu,H., Qiu,X., Liu,X., Cheng,S., Pan,J., Wang,H.",2017-08,2018-09-10,ssRNA(+)
MH110595,Dengue virus type 2,Orthoflavivirus denguei,2,,10176,complete,China: Hangzhou,Homo sapiens,blood,"Yu,H., Qiu,X., Liu,X., Cheng,S., Pan,J., Wang,H.",2017-09,2018-09-10,ssRNA(+)
MH110596,Dengue virus type 2,Orthoflavivirus denguei,2,,10176,complete,China: Hangzhou,Homo sapiens,blood,"Yu,H., Qiu,X., Liu,X., Cheng,S., Pan,J., Wang,H.",2017-09,2018-09-10,ssRNA(+)
MH110597,Dengue virus type 2,Orthoflavivirus denguei,2,,10176,complete,China: Hangzhou,Homo sapiens,blood,"Yu,H., Qiu,X., Liu,X., Cheng,S., Pan,J., Wang,H.",2017-09,2018-09-10,ssRNA(+)
MH110598,Dengue virus type 2,Orthoflavivirus denguei,2,,10176,complete,China: Hangzhou,Homo sapiens,blood,"Yu,H., Qiu,X., Liu,X., Cheng,S., Pan,J., Wang,H.",2017-09,2018-09-10,ssRNA(+)
MH110599,Dengue virus type 2,Orthoflavivirus denguei,2,,10176,complete,China: Hangzhou,Homo sapiens,blood,"Yu,H., Qiu,X., Liu,X., Cheng,S., Pan,J., Wang,H.",2017-09,2018-09-10,ssRNA(+)
MH110600,Dengue virus type 2,Orthoflavivirus denguei,2,,10176,complete,China: Hangzhou,Homo sapiens,blood,"Yu,H., Qiu,X., Liu,X., Cheng,S., Pan,J., Wang,H.",2017-09,2018-09-10,ssRNA(+)
MH110601,Dengue virus type 2,Orthoflavivirus denguei,2,,10176,complete,China: Hangzhou,Homo sapiens,blood,"Yu,H., Qiu,X., Liu,X., Cheng,S., Pan,J., Wang,H.",2017-09,2018-09-10,ssRNA(+)
MH110602,Dengue virus type 2,Orthoflavivirus denguei,2,,10176,complete,China: Hangzhou,Homo sapiens,blood,"Yu,H., Qiu,X., Liu,X., Cheng,S., Pan,J., Wang,H.",2017-09,2018-09-10,ssRNA(+)
MH110603,Dengue virus type 2,Orthoflavivirus denguei,2,,10176,complete,China: Hangzhou,Homo sapiens,blood,"Yu,H., Qiu,X., Liu,X., Cheng,S., Pan,J., Wang,H.",2017-08,2018-09-10,ssRNA(+)
MG679800,dengue virus type I,Orthoflavivirus denguei,1,DENV-1/China/MY21(2017),10735,complete,Myanmar,Homo sapiens,blood,"Wen,S., Ma,D., Lin,Y., Li,L., Hong,S., Li,X., Wang,X., Xi,J., Qiu,L., Pan,Y., Chen,J., Shan,X., Sun,Q., Wen,S.J., Ma,D.H., Xi,J.M., Wang,X.D., Sun,Q.M.",2017-10-27,2018-08-03,ssRNA(+)
MG679801,dengue virus type I,Orthoflavivirus denguei,1,DENV-1/China/MY22(2017),10735,complete,Myanmar,Homo sapiens,blood,"Wen,S., Ma,D., Lin,Y., Li,L., Hong,S., Li,X., Wang,X., Xi,J., Qiu,L., Pan,Y., Chen,J., Shan,X., Sun,Q., Wen,S.J., Ma,D.H., Xi,J.M., Wang,X.D., Sun,Q.M.",2017-10-27,2018-08-03,ssRNA(+)
KX618705,dengue virus type I,Orthoflavivirus denguei,1,,10735,complete,India,Homo sapiens,blood,"Vaddadi,K., Gandikota,C., Venkataramana,M.",2014,2018-06-27,ssRNA(+)
KX618706,dengue virus type I,Orthoflavivirus denguei,1,,10735,complete,India,Homo sapiens,blood,"Vaddadi,K., Gandikota,C., Venkataramana,M.",2014,2018-06-27,ssRNA(+)
MG272272,Dengue virus type 4,Orthoflavivirus denguei,I,D4/IND/PUNE/IRSHA-FG-01 (1028),10652,complete,India,Homo sapiens,blood,"Shrivastava,S., Tiraki,D., Diwan,A., Lalwani,S.K., Modak,M., Mishra,A.C., Arankalle,V.A., Lalwani,S., Mishra,A., Arankalle,V.",2016,2018-04-14,ssRNA(+)
MG272273,Dengue virus type 4,Orthoflavivirus denguei,I,D4/IND/PUNE/IRSHA-FG-02 (S-41),10652,complete,India,Homo sapiens,blood,"Shrivastava,S., Tiraki,D., Diwan,A., Lalwani,S.K., Modak,M., Mishra,A.C., Arankalle,V.A., Lalwani,S., Mishra,A., Arankalle,V.",2016,2018-04-14,ssRNA(+)
MG272274,Dengue virus type 4,Orthoflavivirus denguei,I,D4/IND/PUNE/IRSHA-FG-03 (S-49),10652,complete,India,Homo sapiens,blood,"Shrivastava,S., Tiraki,D., Diwan,A., Lalwani,S.K., Modak,M., Mishra,A.C., Arankalle,V.A., Lalwani,S., Mishra,A., Arankalle,V.",2016,2018-04-14,ssRNA(+)
KY670633,Dengue virus type 2,Orthoflavivirus denguei,,,10638,complete,Taiwan,Homo sapiens,blood,"Yang,C.-F., Su,C.-L., Hsu,T.-C., Lin,S.-H., Wang,T.-C., Chang,S.-F., Lin,C.-C., Shu,P.-Y.",1995-09,2018-02-10,ssRNA(+)
KY670634,Dengue virus type 3,Orthoflavivirus denguei,,,10652,complete,Taiwan,Homo sapiens,blood,"Yang,C.-F., Su,C.-L., Hsu,T.-C., Lin,S.-H., Wang,T.-C., Chang,S.-F., Lin,C.-C., Shu,P.-Y.",1998-09,2018-02-10,ssRNA(+)
KY670635,Dengue virus type 4,Orthoflavivirus denguei,,,10617,complete,Taiwan,Homo sapiens,blood,"Yang,C.-F., Su,C.-L., Hsu,T.-C., Lin,S.-H., Wang,T.-C., Chang,S.-F., Lin,C.-C., Shu,P.-Y.",2003-10,2018-02-10,ssRNA(+)
MF681692,dengue virus type I,Orthoflavivirus denguei,,YN2,10735,complete,"China: Xi Shuang Ban Na,Yunnan",Homo sapiens,blood,"Wen,S.J.",2017-07-04,2018-02-04,ssRNA(+)
MF681693,dengue virus type I,Orthoflavivirus denguei,,YN176272,10735,complete,"China: Xi Shuang Ban Na,Yunnan",Homo sapiens,blood,"Sun,Q.M., Wen,S.J., Shan,X.Y., Ma,D.H., Xi,J.M., Wang,X.D., Ye,C.",2017-07-04,2018-02-04,ssRNA(+)
MF683116,dengue virus type I,Orthoflavivirus denguei,,YN17741,10735,complete,China,Homo sapiens,blood,"Wen,S.J., Ma,D.H., Xi,J.M., Wang,X.D., Pan,Y., Chen,J.Y., Shan,X.Y., Sun,Q.M.",2017-07-04,2018-02-04,ssRNA(+)
MF683117,dengue virus type I,Orthoflavivirus denguei,,YN176282,10735,complete,"China: Xi Shuang Ban Na, Yunnan",Homo sapiens,blood,"Wen,S.J., Ma,D.H., Xi,J.M., Wang,X.D., Pan,Y., Chen,J.Y., Shan,X.Y., Sun,Q.M.",2017-07-04,2018-02-04,ssRNA(+)
KX855927,Dengue virus type 3,Orthoflavivirus denguei,III,I/B/DENV3/2014,10603,complete,India,Homo sapiens,blood,"Pattabiraman,C., Dias,M., Siddappa,S., Gowda,M., Shet,A., Smith,D., Muehlemann,B., Tamma,K., Solomon,T., Jones,T., Krishna,S.",2014-10-15,2018-01-31,ssRNA(+)
KY882458,Dengue virus type 2,Orthoflavivirus denguei,,,10723,complete,China: Guangdong,Homo sapiens,blood,"Yang,J., Jiang,L., Xi,J., Wang,X., Wen,S., Pan,Y., Chen,J., Sun,Q.",,2017-12-12,ssRNA(+)
KY937185,Dengue virus type 2,Orthoflavivirus denguei,2,XZXM10610,10742,complete,China: XiShuangbanna,Homo sapiens,blood,"Jiang,L., Ma,D., Yang,J., Li,L., Luo,J., Ma,Z., Zhao,Y., Xi,J., Wang,X., Chen,J., Pan,Y., Shan,X., Sun,Q.",2015,2017-08-14,ssRNA(+)
KY937186,Dengue virus type 2,Orthoflavivirus denguei,2,XLLM10666,10742,complete,China: XiShuangbanna,Homo sapiens,blood,"Jiang,L., Ma,D., Yang,J., Li,L., Luo,J., Ma,Z., Zhao,Y., Xi,J., Wang,X., Chen,J., Pan,Y., Shan,X., Sun,Q.",2015,2017-08-14,ssRNA(+)
KY937187,Dengue virus type 2,Orthoflavivirus denguei,2,XSMY10589,10742,complete,China: XiShuangbanna,Homo sapiens,blood,"Jiang,L., Ma,D., Yang,J., Li,L., Luo,J., Ma,Z., Zhao,Y., Xi,J., Wang,X., Chen,J., Pan,Y., Shan,X., Sun,Q.",2015,2017-08-14,ssRNA(+)
KY937188,Dengue virus type 2,Orthoflavivirus denguei,2,XHZF10615,10741,complete,China: XiShuangbanna,Homo sapiens,blood,"Jiang,L., Ma,D., Yang,J., Li,L., Luo,J., Ma,Z., Zhao,Y., Xi,J., Wang,X., Chen,J., Pan,Y., Shan,X., Sun,Q.",2015,2017-08-14,ssRNA(+)
KY937189,Dengue virus type 2,Orthoflavivirus denguei,2,XZW10694,10734,complete,China: XiShuangbanna,Homo sapiens,blood,"Jiang,L., Ma,D., Yang,J., Li,L., Luo,J., Ma,Z., Zhao,Y., Xi,J., Wang,X., Chen,J., Pan,Y., Shan,X., Sun,Q.",2015,2017-08-14,ssRNA(+)
KY937190,Dengue virus type 2,Orthoflavivirus denguei,2,XLXY10594,10741,complete,China: XiShuangbanna,Homo sapiens,blood,"Jiang,L., Ma,D., Yang,J., Li,L., Luo,J., Ma,Z., Zhao,Y., Xi,J., Wang,X., Chen,J., Pan,Y., Shan,X., Sun,Q.",2015,2017-08-14,ssRNA(+)
KY923048,Dengue virus type 2,Orthoflavivirus denguei,2,D2Sab2015,10737,complete,Malaysia: Sabah,Homo sapiens,blood,"Pyke,A.T., Huang,B., Warrilow,D., Moore,P.R., McMahon,J., Harrower,B., Harrower,B.J.",2015,2017-05-30,ssRNA(+)
KY427084,Dengue virus type 2,Orthoflavivirus denguei,,RGCB880/2010,10723,complete,"India: Thiruvananthapuram, Kerala",Homo sapiens,blood,"Singh,S., Anupriya,M.G., Sreekumar,E.",2010-09-01,2017-05-09,ssRNA(+)
KY427085,Dengue virus type 2,Orthoflavivirus denguei,,RGCB921/2011,10723,complete,"India: Thiruvananthapuram, Kerala",Homo sapiens,blood,"Singh,S., Anupriya,M.G., Sreekumar,E.",2011-01-03,2017-05-09,ssRNA(+)
KX845005,Dengue virus type 4,Orthoflavivirus denguei,4,,10647,complete,India,Homo sapiens,blood,"Vaddadi,K., Gandikota,C., Venkataramana,M.",2015,2017-04-01,ssRNA(+)
KX655786,Dengue virus type 2,Orthoflavivirus denguei,2,GZ8_12/S/Panyu/2014/DEV2,10653,complete,China,Homo sapiens,blood,"Zhao,L., Yu,L., Guan,Y., Zhang,F.",2015,2017-02-22,ssRNA(+)
KX655787,Dengue virus type 2,Orthoflavivirus denguei,2,GZ8_15/S/GZ/2014/DEV2,10635,complete,China,Homo sapiens,blood,"Zhao,L., Yu,L., Guan,Y., Zhang,F.",2015,2017-02-22,ssRNA(+)
KX655788,Dengue virus type 2,Orthoflavivirus denguei,,GZ8_70/M/Baiyun/2013/DEV2,10668,complete,China,Homo sapiens,blood,"Zhao,L., Yu,L., Guan,Y., Zhang,F.",2015,2017-02-22,ssRNA(+)
KU509250,dengue virus type I,Orthoflavivirus denguei,1,,10567,complete,Thailand,Homo sapiens,blood,"Shihada,S., Emmerich,P., Thome-Bolduan,C., Jansen,S., Gunther,S., Frank,C., Schmidt-Chanasit,J., Cadar,D.",2012,2017-01-25,ssRNA(+)
KU509253,dengue virus type I,Orthoflavivirus denguei,1,,10624,complete,Indonesia: Bali,Homo sapiens,blood,"Shihada,S., Emmerich,P., Thome-Bolduan,C., Jansen,S., Gunther,S., Frank,C., Schmidt-Chanasit,J., Cadar,D.",2010,2017-01-25,ssRNA(+)
KU509255,dengue virus type I,Orthoflavivirus denguei,1,,10335,complete,India,Homo sapiens,blood,"Shihada,S., Emmerich,P., Thome-Bolduan,C., Jansen,S., Gunther,S., Frank,C., Schmidt-Chanasit,J., Cadar,D.",2011,2017-01-25,ssRNA(+)
KU509256,dengue virus type I,Orthoflavivirus denguei,1,,10579,complete,Thailand,Homo sapiens,blood,"Shihada,S., Emmerich,P., Thome-Bolduan,C., Jansen,S., Gunther,S., Frank,C., Schmidt-Chanasit,J., Cadar,D.",2009,2017-01-25,ssRNA(+)
KU509257,dengue virus type I,Orthoflavivirus denguei,1,,10586,complete,Thailand,Homo sapiens,blood,"Shihada,S., Emmerich,P., Thome-Bolduan,C., Jansen,S., Gunther,S., Frank,C., Schmidt-Chanasit,J., Cadar,D.",2008,2017-01-25,ssRNA(+)
KU509259,dengue virus type I,Orthoflavivirus denguei,1,,10580,complete,Thailand,Homo sapiens,blood,"Shihada,S., Emmerich,P., Thome-Bolduan,C., Jansen,S., Gunther,S., Frank,C., Schmidt-Chanasit,J., Cadar,D.",2008,2017-01-25,ssRNA(+)
KU509260,dengue virus type I,Orthoflavivirus denguei,1,,10378,complete,Cambodia,Homo sapiens,blood,"Shihada,S., Emmerich,P., Thome-Bolduan,C., Jansen,S., Gunther,S., Frank,C., Schmidt-Chanasit,J., Cadar,D.",2008,2017-01-25,ssRNA(+)
KU509261,dengue virus type I,Orthoflavivirus denguei,1,,10583,complete,Indonesia: Bali,Homo sapiens,blood,"Shihada,S., Emmerich,P., Thome-Bolduan,C., Jansen,S., Gunther,S., Frank,C., Schmidt-Chanasit,J., Cadar,D.",2010,2017-01-25,ssRNA(+)
KU509262,dengue virus type I,Orthoflavivirus denguei,1,,10586,complete,Thailand,Homo sapiens,blood,"Shihada,S., Emmerich,P., Thome-Bolduan,C., Jansen,S., Gunther,S., Frank,C., Schmidt-Chanasit,J., Cadar,D.",2008,2017-01-25,ssRNA(+)
KU509263,dengue virus type I,Orthoflavivirus denguei,1,,10375,complete,Thailand,Homo sapiens,blood,"Shihada,S., Emmerich,P., Thome-Bolduan,C., Jansen,S., Gunther,S., Frank,C., Schmidt-Chanasit,J., Cadar,D.",2012,2017-01-25,ssRNA(+)
KU509266,dengue virus type I,Orthoflavivirus denguei,1,,10665,complete,Thailand,Homo sapiens,blood,"Shihada,S., Emmerich,P., Thome-Bolduan,C., Jansen,S., Gunther,S., Frank,C., Schmidt-Chanasit,J., Cadar,D.",2012,2017-01-25,ssRNA(+)
KU509268,Dengue virus type 2,Orthoflavivirus denguei,2,,10523,complete,Indonesia: Bali,Homo sapiens,blood,"Shihada,S., Emmerich,P., Thome-Bolduan,C., Jansen,S., Gunther,S., Frank,C., Schmidt-Chanasit,J., Cadar,D.",2009,2017-01-25,ssRNA(+)
KU509269,Dengue virus type 2,Orthoflavivirus denguei,2,,10557,complete,Philippines,Homo sapiens,blood,"Shihada,S., Emmerich,P., Thome-Bolduan,C., Jansen,S., Gunther,S., Frank,C., Schmidt-Chanasit,J., Cadar,D.",2009,2017-01-25,ssRNA(+)
KU509271,Dengue virus type 2,Orthoflavivirus denguei,2,,10546,complete,India,Homo sapiens,blood,"Shihada,S., Emmerich,P., Thome-Bolduan,C., Jansen,S., Gunther,S., Frank,C., Schmidt-Chanasit,J., Cadar,D.",2006,2017-01-25,ssRNA(+)
KU509272,Dengue virus type 2,Orthoflavivirus denguei,2,,10262,complete,Thailand,Homo sapiens,blood,"Shihada,S., Emmerich,P., Thome-Bolduan,C., Jansen,S., Gunther,S., Frank,C., Schmidt-Chanasit,J., Cadar,D.",2009,2017-01-25,ssRNA(+)
KU509273,Dengue virus type 2,Orthoflavivirus denguei,2,,10543,complete,Thailand,Homo sapiens,blood,"Shihada,S., Emmerich,P., Thome-Bolduan,C., Jansen,S., Gunther,S., Frank,C., Schmidt-Chanasit,J., Cadar,D.",2011,2017-01-25,ssRNA(+)
KU509274,Dengue virus type 2,Orthoflavivirus denguei,2,,10540,complete,Philippines,Homo sapiens,blood,"Shihada,S., Emmerich,P., Thome-Bolduan,C., Jansen,S., Gunther,S., Frank,C., Schmidt-Chanasit,J., Cadar,D.",2010,2017-01-25,ssRNA(+)
KU509275,Dengue virus type 2,Orthoflavivirus denguei,2,,10455,complete,Philippines,Homo sapiens,blood,"Shihada,S., Emmerich,P., Thome-Bolduan,C., Jansen,S., Gunther,S., Frank,C., Schmidt-Chanasit,J., Cadar,D.",2008,2017-01-25,ssRNA(+)
KU509276,Dengue virus type 2,Orthoflavivirus denguei,2,,10395,complete,Philippines,Homo sapiens,blood,"Shihada,S., Emmerich,P., Thome-Bolduan,C., Jansen,S., Gunther,S., Frank,C., Schmidt-Chanasit,J., Cadar,D.",2008,2017-01-25,ssRNA(+)
KU509277,Dengue virus type 2,Orthoflavivirus denguei,2,,10551,complete,Philippines,Homo sapiens,blood,"Shihada,S., Emmerich,P., Thome-Bolduan,C., Jansen,S., Gunther,S., Frank,C., Schmidt-Chanasit,J., Cadar,D.",2010,2017-01-25,ssRNA(+)
KU509279,Dengue virus type 3,Orthoflavivirus denguei,3,,10312,complete,Philippines,Homo sapiens,blood,"Shihada,S., Emmerich,P., Thome-Bolduan,C., Jansen,S., Gunther,S., Frank,C., Schmidt-Chanasit,J., Cadar,D.",2008,2017-01-25,ssRNA(+)
KU509280,Dengue virus type 3,Orthoflavivirus denguei,3,,10261,complete,Thailand: Ko Samui,Homo sapiens,blood,"Shihada,S., Emmerich,P., Thome-Bolduan,C., Jansen,S., Gunther,S., Frank,C., Schmidt-Chanasit,J., Cadar,D.",2011,2017-01-25,ssRNA(+)
KU509281,Dengue virus type 3,Orthoflavivirus denguei,3,,10259,complete,India,Homo sapiens,blood,"Shihada,S., Emmerich,P., Thome-Bolduan,C., Jansen,S., Gunther,S., Frank,C., Schmidt-Chanasit,J., Cadar,D.",2009,2017-01-25,ssRNA(+)
KU509283,Dengue virus type 3,Orthoflavivirus denguei,3,,10336,complete,Sri Lanka,Homo sapiens,blood,"Shihada,S., Emmerich,P., Thome-Bolduan,C., Jansen,S., Gunther,S., Frank,C., Schmidt-Chanasit,J., Cadar,D.",2006,2017-01-25,ssRNA(+)
KU509284,Dengue virus type 3,Orthoflavivirus denguei,3,,10490,complete,Thailand,Homo sapiens,blood,"Shihada,S., Emmerich,P., Thome-Bolduan,C., Jansen,S., Gunther,S., Frank,C., Schmidt-Chanasit,J., Cadar,D.",2008,2017-01-25,ssRNA(+)
KU509285,Dengue virus type 3,Orthoflavivirus denguei,3,,10492,complete,Thailand,Homo sapiens,blood,"Shihada,S., Emmerich,P., Thome-Bolduan,C., Jansen,S., Gunther,S., Frank,C., Schmidt-Chanasit,J., Cadar,D.",2010,2017-01-25,ssRNA(+)
KU509286,Dengue virus type 3,Orthoflavivirus denguei,3,,10493,complete,India,Homo sapiens,blood,"Shihada,S., Emmerich,P., Thome-Bolduan,C., Jansen,S., Gunther,S., Frank,C., Schmidt-Chanasit,J., Cadar,D.",2011,2017-01-25,ssRNA(+)
KU509287,Dengue virus type 4,Orthoflavivirus denguei,4,,10505,complete,India,Homo sapiens,blood,"Shihada,S., Emmerich,P., Thome-Bolduan,C., Jansen,S., Gunther,S., Frank,C., Schmidt-Chanasit,J., Cadar,D.",2009,2017-01-25,ssRNA(+)
KU509288,Dengue virus type 4,Orthoflavivirus denguei,4,,10500,complete,Indonesia: Bali,Homo sapiens,blood,"Shihada,S., Emmerich,P., Thome-Bolduan,C., Jansen,S., Gunther,S., Frank,C., Schmidt-Chanasit,J., Cadar,D.",2010,2017-01-25,ssRNA(+)
KX225483,dengue virus type I,Orthoflavivirus denguei,1,GZ8_2/S/Yuexiu/2014/DEV1,10651,complete,China,Homo sapiens,blood,"Zhao,L., Yu,L., Guan,Y., Hong,W., Zhang,F.",2015,2017-01-23,ssRNA(+)
KX225484,dengue virus type I,Orthoflavivirus denguei,1,GZ8_9/S/Yuexiu/2014/DEV1,10692,complete,China,Homo sapiens,blood,"Zhao,L., Yu,L., Guan,Y., Hong,W., Zhang,F.",2015,2017-01-23,ssRNA(+)
KX225485,Dengue virus type 2,Orthoflavivirus denguei,2,GZ8_13/S/Yuexiu/2014/DEV2,10668,complete,China,Homo sapiens,blood,"Zhao,L., Yu,L., Guan,Y., Hong,W., Zhang,F.",2015,2017-01-23,ssRNA(+)
KX225486,Dengue virus type 2,Orthoflavivirus denguei,2,GZ8_19/S/Haizhu/2014/DEV2,10631,complete,China,Homo sapiens,blood,"Zhao,L., Yu,L., Guan,Y., Hong,W., Zhang,F.",2015,2017-01-23,ssRNA(+)
KX225487,dengue virus type I,Orthoflavivirus denguei,1,GZ8_53/S/Liwan/2013/DEV1,10618,complete,China,Homo sapiens,blood,"Zhao,L., Yu,L., Guan,Y., Hong,W., Zhang,F.",2015,2017-01-23,ssRNA(+)
KX225488,dengue virus type I,Orthoflavivirus denguei,1,GZ8_59/S/Dongshan/2013/DEV1,10692,complete,China,Homo sapiens,blood,"Zhao,L., Yu,L., Guan,Y., Hong,W., Zhang,F.",2015,2017-01-23,ssRNA(+)
KX225489,dengue virus type I,Orthoflavivirus denguei,1,GZ8_63/S/Liwan/2013/DEV1,10678,complete,China,Homo sapiens,blood,"Zhao,L., Yu,L., Guan,Y., Hong,W., Zhang,F.",2015,2017-01-23,ssRNA(+)
KX225490,dengue virus type I,Orthoflavivirus denguei,1,GZ8_67/S/Baiyun/2013/DEV1,10676,complete,China,Homo sapiens,blood,"Zhao,L., Yu,L., Guan,Y., Hong,W., Zhang,F.",2015,2017-01-23,ssRNA(+)
KX225491,dengue virus type I,Orthoflavivirus denguei,1,GZ8_A3795/M/GZ/2006/DEV1,10688,complete,China,Homo sapiens,blood,"Zhao,L., Yu,L., Guan,Y., Hong,W., Zhang,F.",2015,2017-01-23,ssRNA(+)
KX225492,dengue virus type I,Orthoflavivirus denguei,1,GZ-11/M/GZ/2014/DEV1,10691,complete,China,Homo sapiens,blood,"Zhao,L., Yu,L., Guan,Y., Hong,W., Zhang,F.",2015,2017-01-23,ssRNA(+)
KX225493,dengue virus type I,Orthoflavivirus denguei,1,GZ-12/M/GZ/2014/DEV1,10691,complete,China,Homo sapiens,blood,"Zhao,L., Yu,L., Guan,Y., Hong,W., Zhang,F.",2015,2017-01-23,ssRNA(+)
KX458014,dengue virus type I,Orthoflavivirus denguei,1,N46/DENV-1/M/GZ/2014,10735,complete,China,Homo sapiens,blood,"Xie,T., Li,D.Z., Wu,Y.X., Li,C.C., Yin,Q.Q., Lu,A.L., Xie,Y., Teng,P.Y., Peng,J., Zhou,X.H., Chen,X.G.",2014-11-11,2016-07-12,ssRNA(+)
KX224312,Dengue virus type 4,Orthoflavivirus denguei,DENV-4,SG(EHI)D4/02990Y14,10652,complete,Singapore,Homo sapiens,blood,"Hapuarachchi,H.C., Koo,C., Rajarethinam,J., Chong,C.S., Lin,C., Yap,G., Liu,L., Lai,Y.L., Ooi,P.L., Cutter,J., Ng,L.C., Chong,C.-S., Lai,Y.-L., Ng,L.-C.",2014,2016-06-23,ssRNA(+)
KJ755855,dengue virus type I,Orthoflavivirus denguei,1,NIV_K130706770_India,10727,complete,India,Homo sapiens,blood,"Patil,J.A., Cecilia,D., Anukumar,B., Tandale,B.V., Kakade,M.B., Mourya,D.T.",2013-07,2016-03-16,ssRNA(+)
KM403575,Dengue virus 1,Orthoflavivirus denguei,III,SGEHI(D1)44259Y12,10714,complete,Singapore,Homo sapiens,blood,"Hapuarachchi,H.C., Koo,C., Kek,R., Xu,H., Lai,Y.L., Liu,L., Kok,S.Y., Shi,Y., Chuen,R.L., Lee,K.S., Maurer-Stroh,S., Ng,L.C.",2012,2016-03-09,ssRNA(+)
KM403576,Dengue virus 1,Orthoflavivirus denguei,III,SGEHI(D1)40519Y13,10665,complete,Singapore,Homo sapiens,blood,"Hapuarachchi,H.C., Koo,C., Kek,R., Xu,H., Lai,Y.L., Liu,L., Kok,S.Y., Shi,Y., Chuen,R.L., Lee,K.S., Maurer-Stroh,S., Ng,L.C.",2013,2016-03-09,ssRNA(+)
KM403577,Dengue virus 1,Orthoflavivirus denguei,III,SGEHI(D1)47999Y13,10714,complete,Singapore,Homo sapiens,blood,"Hapuarachchi,H.C., Koo,C., Kek,R., Xu,H., Lai,Y.L., Liu,L., Kok,S.Y., Shi,Y., Chuen,R.L., Lee,K.S., Maurer-Stroh,S., Ng,L.C.",2013,2016-03-09,ssRNA(+)
KM403578,Dengue virus 1,Orthoflavivirus denguei,III,SGEHI(D1)05022Y13,10714,complete,Singapore,Homo sapiens,blood,"Hapuarachchi,H.C., Koo,C., Kek,R., Xu,H., Lai,Y.L., Liu,L., Kok,S.Y., Shi,Y., Chuen,R.L., Lee,K.S., Maurer-Stroh,S., Ng,L.C.",2013,2016-03-09,ssRNA(+)
KM403579,Dengue virus 1,Orthoflavivirus denguei,III,SGEHI(D1)52901Y13,10714,complete,Singapore,Homo sapiens,blood,"Hapuarachchi,H.C., Koo,C., Kek,R., Xu,H., Lai,Y.L., Liu,L., Kok,S.Y., Shi,Y., Chuen,R.L., Lee,K.S., Maurer-Stroh,S., Ng,L.C.",2013,2016-03-09,ssRNA(+)
KM403580,Dengue virus 1,Orthoflavivirus denguei,III,SGEHI(D1)07074Y13,10627,complete,Singapore,Homo sapiens,blood,"Hapuarachchi,H.C., Koo,C., Kek,R., Xu,H., Lai,Y.L., Liu,L., Kok,S.Y., Shi,Y., Chuen,R.L., Lee,K.S., Maurer-Stroh,S., Ng,L.C.",2013,2016-03-09,ssRNA(+)
KM403581,Dengue virus 1,Orthoflavivirus denguei,III,SGEHI(D1)19711Y13,10714,complete,Singapore,Homo sapiens,blood,"Hapuarachchi,H.C., Koo,C., Kek,R., Xu,H., Lai,Y.L., Liu,L., Kok,S.Y., Shi,Y., Chuen,R.L., Lee,K.S., Maurer-Stroh,S., Ng,L.C.",2013,2016-03-09,ssRNA(+)
KM403582,Dengue virus 1,Orthoflavivirus denguei,III,SGEHI(D1)46142Y13,10714,complete,Singapore,Homo sapiens,blood,"Hapuarachchi,H.C., Koo,C., Kek,R., Xu,H., Lai,Y.L., Liu,L., Kok,S.Y., Shi,Y., Chuen,R.L., Lee,K.S., Maurer-Stroh,S., Ng,L.C.",2013,2016-03-09,ssRNA(+)
KM403583,Dengue virus 1,Orthoflavivirus denguei,III,SGEHI(D1)52819Y13,10714,complete,Singapore,Homo sapiens,blood,"Hapuarachchi,H.C., Koo,C., Kek,R., Xu,H., Lai,Y.L., Liu,L., Kok,S.Y., Shi,Y., Chuen,R.L., Lee,K.S., Maurer-Stroh,S., Ng,L.C.",2013,2016-03-09,ssRNA(+)
KM403584,Dengue virus 1,Orthoflavivirus denguei,III,SGEHI(D1)05722Y13,10714,complete,Singapore,Homo sapiens,blood,"Hapuarachchi,H.C., Koo,C., Kek,R., Xu,H., Lai,Y.L., Liu,L., Kok,S.Y., Shi,Y., Chuen,R.L., Lee,K.S., Maurer-Stroh,S., Ng,L.C.",2013,2016-03-09,ssRNA(+)
KM403585,Dengue virus 1,Orthoflavivirus denguei,III,SGEHI(D1)14150Y13,10669,complete,Singapore,Homo sapiens,blood,"Hapuarachchi,H.C., Koo,C., Kek,R., Xu,H., Lai,Y.L., Liu,L., Kok,S.Y., Shi,Y., Chuen,R.L., Lee,K.S., Maurer-Stroh,S., Ng,L.C.",2013,2016-03-09,ssRNA(+)
KM403586,Dengue virus 1,Orthoflavivirus denguei,III,SGEHI(D1)45409Y13,10649,complete,Singapore,Homo sapiens,blood,"Hapuarachchi,H.C., Koo,C., Kek,R., Xu,H., Lai,Y.L., Liu,L., Kok,S.Y., Shi,Y., Chuen,R.L., Lee,K.S., Maurer-Stroh,S., Ng,L.C.",2013,2016-03-09,ssRNA(+)
KM403587,Dengue virus 1,Orthoflavivirus denguei,III,SGEHI(D1)09119Y13,10714,complete,Singapore,Homo sapiens,blood,"Hapuarachchi,H.C., Koo,C., Kek,R., Xu,H., Lai,Y.L., Liu,L., Kok,S.Y., Shi,Y., Chuen,R.L., Lee,K.S., Maurer-Stroh,S., Ng,L.C.",2013,2016-03-09,ssRNA(+)
KM403588,Dengue virus 1,Orthoflavivirus denguei,III,SGEHI(D1)15822Y13,10714,complete,Singapore,Homo sapiens,blood,"Hapuarachchi,H.C., Koo,C., Kek,R., Xu,H., Lai,Y.L., Liu,L., Kok,S.Y., Shi,Y., Chuen,R.L., Lee,K.S., Maurer-Stroh,S., Ng,L.C.",2013,2016-03-09,ssRNA(+)
KM403589,Dengue virus 1,Orthoflavivirus denguei,III,SGEHI(D1)44881Y13,10714,complete,Singapore,Homo sapiens,blood,"Hapuarachchi,H.C., Koo,C., Kek,R., Xu,H., Lai,Y.L., Liu,L., Kok,S.Y., Shi,Y., Chuen,R.L., Lee,K.S., Maurer-Stroh,S., Ng,L.C.",2013,2016-03-09,ssRNA(+)
KM403590,Dengue virus 1,Orthoflavivirus denguei,III,SGEHI(D1)26591Y13,10714,complete,Singapore,Homo sapiens,blood,"Hapuarachchi,H.C., Koo,C., Kek,R., Xu,H., Lai,Y.L., Liu,L., Kok,S.Y., Shi,Y., Chuen,R.L., Lee,K.S., Maurer-Stroh,S., Ng,L.C.",2013,2016-03-09,ssRNA(+)
KM403591,Dengue virus 1,Orthoflavivirus denguei,III,SGEHI(D1)17497Y13,10714,complete,Singapore,Homo sapiens,blood,"Hapuarachchi,H.C., Koo,C., Kek,R., Xu,H., Lai,Y.L., Liu,L., Kok,S.Y., Shi,Y., Chuen,R.L., Lee,K.S., Maurer-Stroh,S., Ng,L.C.",2013,2016-03-09,ssRNA(+)
KM403592,Dengue virus 1,Orthoflavivirus denguei,III,SGEHI(D1)10152Y13,10714,complete,Singapore,Homo sapiens,blood,"Hapuarachchi,H.C., Koo,C., Kek,R., Xu,H., Lai,Y.L., Liu,L., Kok,S.Y., Shi,Y., Chuen,R.L., Lee,K.S., Maurer-Stroh,S., Ng,L.C.",2013,2016-03-09,ssRNA(+)
KM403593,Dengue virus 1,Orthoflavivirus denguei,III,SGEHI(D1)12543Y13,10713,complete,Singapore,Homo sapiens,blood,"Hapuarachchi,H.C., Koo,C., Kek,R., Xu,H., Lai,Y.L., Liu,L., Kok,S.Y., Shi,Y., Chuen,R.L., Lee,K.S., Maurer-Stroh,S., Ng,L.C.",2013,2016-03-09,ssRNA(+)
KM403594,Dengue virus 1,Orthoflavivirus denguei,III,SGEHI(D1)41081Y13,10714,complete,Singapore,Homo sapiens,blood,"Hapuarachchi,H.C., Koo,C., Kek,R., Xu,H., Lai,Y.L., Liu,L., Kok,S.Y., Shi,Y., Chuen,R.L., Lee,K.S., Maurer-Stroh,S., Ng,L.C.",2013,2016-03-09,ssRNA(+)
KM403595,Dengue virus 1,Orthoflavivirus denguei,III,SGEHI(D1)14592Y13,10714,complete,Singapore,Homo sapiens,blood,"Hapuarachchi,H.C., Koo,C., Kek,R., Xu,H., Lai,Y.L., Liu,L., Kok,S.Y., Shi,Y., Chuen,R.L., Lee,K.S., Maurer-Stroh,S., Ng,L.C.",2013,2016-03-09,ssRNA(+)
KM403596,Dengue virus 1,Orthoflavivirus denguei,III,SGEHI(D1)23469Y13,10714,complete,Singapore,Homo sapiens,blood,"Hapuarachchi,H.C., Koo,C., Kek,R., Xu,H., Lai,Y.L., Liu,L., Kok,S.Y., Shi,Y., Chuen,R.L., Lee,K.S., Maurer-Stroh,S., Ng,L.C.",2013,2016-03-09,ssRNA(+)
KM403597,Dengue virus 1,Orthoflavivirus denguei,III,SGEHI(D1)21152Y13,10714,complete,Singapore,Homo sapiens,blood,"Hapuarachchi,H.C., Koo,C., Kek,R., Xu,H., Lai,Y.L., Liu,L., Kok,S.Y., Shi,Y., Chuen,R.L., Lee,K.S., Maurer-Stroh,S., Ng,L.C.",2013,2016-03-09,ssRNA(+)
KM403598,Dengue virus 1,Orthoflavivirus denguei,III,SGEHI(D1)25135Y13,10646,complete,Singapore,Homo sapiens,blood,"Hapuarachchi,H.C., Koo,C., Kek,R., Xu,H., Lai,Y.L., Liu,L., Kok,S.Y., Shi,Y., Chuen,R.L., Lee,K.S., Maurer-Stroh,S., Ng,L.C.",2013,2016-03-09,ssRNA(+)
KM403599,Dengue virus 1,Orthoflavivirus denguei,III,SGEHI(D1)15005Y13,10670,complete,Singapore,Homo sapiens,blood,"Hapuarachchi,H.C., Koo,C., Kek,R., Xu,H., Lai,Y.L., Liu,L., Kok,S.Y., Shi,Y., Chuen,R.L., Lee,K.S., Maurer-Stroh,S., Ng,L.C.",2013,2016-03-09,ssRNA(+)
KM403600,Dengue virus 1,Orthoflavivirus denguei,III,SGEHI(D1)22054Y13,10699,complete,Singapore,Homo sapiens,blood,"Hapuarachchi,H.C., Koo,C., Kek,R., Xu,H., Lai,Y.L., Liu,L., Kok,S.Y., Shi,Y., Chuen,R.L., Lee,K.S., Maurer-Stroh,S., Ng,L.C.",2013,2016-03-09,ssRNA(+)
KM403601,Dengue virus 1,Orthoflavivirus denguei,III,SGEHI(D1)26957Y13,10648,complete,Singapore,Homo sapiens,blood,"Hapuarachchi,H.C., Koo,C., Kek,R., Xu,H., Lai,Y.L., Liu,L., Kok,S.Y., Shi,Y., Chuen,R.L., Lee,K.S., Maurer-Stroh,S., Ng,L.C.",2013,2016-03-09,ssRNA(+)
KM403602,Dengue virus 1,Orthoflavivirus denguei,III,SGEHI(D1)45748Y13,10714,complete,Singapore,Homo sapiens,blood,"Hapuarachchi,H.C., Koo,C., Kek,R., Xu,H., Lai,Y.L., Liu,L., Kok,S.Y., Shi,Y., Chuen,R.L., Lee,K.S., Maurer-Stroh,S., Ng,L.C.",2013,2016-03-09,ssRNA(+)
KM403603,Dengue virus 1,Orthoflavivirus denguei,III,SGEHI(D1)13943Y13,10714,complete,Singapore,Homo sapiens,blood,"Hapuarachchi,H.C., Koo,C., Kek,R., Xu,H., Lai,Y.L., Liu,L., Kok,S.Y., Shi,Y., Chuen,R.L., Lee,K.S., Maurer-Stroh,S., Ng,L.C.",2013,2016-03-09,ssRNA(+)
KM403604,Dengue virus 1,Orthoflavivirus denguei,III,SGEHI(D1)15073Y13,10714,complete,Singapore,Homo sapiens,blood,"Hapuarachchi,H.C., Koo,C., Kek,R., Xu,H., Lai,Y.L., Liu,L., Kok,S.Y., Shi,Y., Chuen,R.L., Lee,K.S., Maurer-Stroh,S., Ng,L.C.",2013,2016-03-09,ssRNA(+)
KM403605,Dengue virus 1,Orthoflavivirus denguei,III,SGEHI(D1)16120Y13,10714,complete,Singapore,Homo sapiens,blood,"Hapuarachchi,H.C., Koo,C., Kek,R., Xu,H., Lai,Y.L., Liu,L., Kok,S.Y., Shi,Y., Chuen,R.L., Lee,K.S., Maurer-Stroh,S., Ng,L.C.",2013,2016-03-09,ssRNA(+)
KM403606,Dengue virus 1,Orthoflavivirus denguei,III,SGEHI(D1)16267Y13,10714,complete,Singapore,Homo sapiens,blood,"Hapuarachchi,H.C., Koo,C., Kek,R., Xu,H., Lai,Y.L., Liu,L., Kok,S.Y., Shi,Y., Chuen,R.L., Lee,K.S., Maurer-Stroh,S., Ng,L.C.",2013,2016-03-09,ssRNA(+)
KM403607,Dengue virus 1,Orthoflavivirus denguei,III,SGEHI(D1)18736Y13,10714,complete,Singapore,Homo sapiens,blood,"Hapuarachchi,H.C., Koo,C., Kek,R., Xu,H., Lai,Y.L., Liu,L., Kok,S.Y., Shi,Y., Chuen,R.L., Lee,K.S., Maurer-Stroh,S., Ng,L.C.",2013,2016-03-09,ssRNA(+)
KM403608,Dengue virus 1,Orthoflavivirus denguei,III,SGEHI(D1)19725Y13,10714,complete,Singapore,Homo sapiens,blood,"Hapuarachchi,H.C., Koo,C., Kek,R., Xu,H., Lai,Y.L., Liu,L., Kok,S.Y., Shi,Y., Chuen,R.L., Lee,K.S., Maurer-Stroh,S., Ng,L.C.",2013,2016-03-09,ssRNA(+)
KM403609,Dengue virus 1,Orthoflavivirus denguei,III,SGEHI(D1)21469Y13,10714,complete,Singapore,Homo sapiens,blood,"Hapuarachchi,H.C., Koo,C., Kek,R., Xu,H., Lai,Y.L., Liu,L., Kok,S.Y., Shi,Y., Chuen,R.L., Lee,K.S., Maurer-Stroh,S., Ng,L.C.",2013,2016-03-09,ssRNA(+)
KM403610,Dengue virus 1,Orthoflavivirus denguei,III,SGEHI(D1)21672Y13,10714,complete,Singapore,Homo sapiens,blood,"Hapuarachchi,H.C., Koo,C., Kek,R., Xu,H., Lai,Y.L., Liu,L., Kok,S.Y., Shi,Y., Chuen,R.L., Lee,K.S., Maurer-Stroh,S., Ng,L.C.",2013,2016-03-09,ssRNA(+)
KM403611,Dengue virus 1,Orthoflavivirus denguei,III,SGEHI(D1)21860Y13,10714,complete,Singapore,Homo sapiens,blood,"Hapuarachchi,H.C., Koo,C., Kek,R., Xu,H., Lai,Y.L., Liu,L., Kok,S.Y., Shi,Y., Chuen,R.L., Lee,K.S., Maurer-Stroh,S., Ng,L.C.",2013,2016-03-09,ssRNA(+)
KM403612,Dengue virus 1,Orthoflavivirus denguei,III,SGEHI(D1)22740Y13,10714,complete,Singapore,Homo sapiens,blood,"Hapuarachchi,H.C., Koo,C., Kek,R., Xu,H., Lai,Y.L., Liu,L., Kok,S.Y., Shi,Y., Chuen,R.L., Lee,K.S., Maurer-Stroh,S., Ng,L.C.",2013,2016-03-09,ssRNA(+)
KM403613,Dengue virus 1,Orthoflavivirus denguei,III,SGEHI(D1)48695Y13,10714,complete,Singapore,Homo sapiens,blood,"Hapuarachchi,H.C., Koo,C., Kek,R., Xu,H., Lai,Y.L., Liu,L., Kok,S.Y., Shi,Y., Chuen,R.L., Lee,K.S., Maurer-Stroh,S., Ng,L.C.",2013,2016-03-09,ssRNA(+)
KM403614,Dengue virus 1,Orthoflavivirus denguei,III,SGEHI(D1)23537Y13,10714,complete,Singapore,Homo sapiens,blood,"Hapuarachchi,H.C., Koo,C., Kek,R., Xu,H., Lai,Y.L., Liu,L., Kok,S.Y., Shi,Y., Chuen,R.L., Lee,K.S., Maurer-Stroh,S., Ng,L.C.",2013,2016-03-09,ssRNA(+)
KM403615,Dengue virus 1,Orthoflavivirus denguei,III,SGEHI(D1)36303Y13,10714,complete,Singapore,Homo sapiens,blood,"Hapuarachchi,H.C., Koo,C., Kek,R., Xu,H., Lai,Y.L., Liu,L., Kok,S.Y., Shi,Y., Chuen,R.L., Lee,K.S., Maurer-Stroh,S., Ng,L.C.",2013,2016-03-09,ssRNA(+)
KM403616,Dengue virus 1,Orthoflavivirus denguei,III,SGEHI(D1)28740Y13,10714,complete,Singapore,Homo sapiens,blood,"Hapuarachchi,H.C., Koo,C., Kek,R., Xu,H., Lai,Y.L., Liu,L., Kok,S.Y., Shi,Y., Chuen,R.L., Lee,K.S., Maurer-Stroh,S., Ng,L.C.",2013,2016-03-09,ssRNA(+)
KM403617,Dengue virus 1,Orthoflavivirus denguei,III,SGEHI(D1)38030Y13,10714,complete,Singapore,Homo sapiens,blood,"Hapuarachchi,H.C., Koo,C., Kek,R., Xu,H., Lai,Y.L., Liu,L., Kok,S.Y., Shi,Y., Chuen,R.L., Lee,K.S., Maurer-Stroh,S., Ng,L.C.",2013,2016-03-09,ssRNA(+)
KM403618,Dengue virus 1,Orthoflavivirus denguei,III,SGEHI(D1)10689Y13,10714,complete,Singapore,Homo sapiens,blood,"Hapuarachchi,H.C., Koo,C., Kek,R., Xu,H., Lai,Y.L., Liu,L., Kok,S.Y., Shi,Y., Chuen,R.L., Lee,K.S., Maurer-Stroh,S., Ng,L.C.",2013,2016-03-09,ssRNA(+)
KM403619,Dengue virus 1,Orthoflavivirus denguei,III,SGEHI(D1)23018Y13,10714,complete,Singapore,Homo sapiens,blood,"Hapuarachchi,H.C., Koo,C., Kek,R., Xu,H., Lai,Y.L., Liu,L., Kok,S.Y., Shi,Y., Chuen,R.L., Lee,K.S., Maurer-Stroh,S., Ng,L.C.",2013,2016-03-09,ssRNA(+)
KM403620,Dengue virus 1,Orthoflavivirus denguei,III,SGEHI(D1)35663Y13,10698,complete,Singapore,Homo sapiens,blood,"Hapuarachchi,H.C., Koo,C., Kek,R., Xu,H., Lai,Y.L., Liu,L., Kok,S.Y., Shi,Y., Chuen,R.L., Lee,K.S., Maurer-Stroh,S., Ng,L.C.",2013,2016-03-09,ssRNA(+)
KM403621,Dengue virus 1,Orthoflavivirus denguei,III,SGEHI(D1)40160Y13,10662,complete,Singapore,Homo sapiens,blood,"Hapuarachchi,H.C., Koo,C., Kek,R., Xu,H., Lai,Y.L., Liu,L., Kok,S.Y., Shi,Y., Chuen,R.L., Lee,K.S., Maurer-Stroh,S., Ng,L.C.",2013,2016-03-09,ssRNA(+)
KM403622,Dengue virus 1,Orthoflavivirus denguei,III,SGEHI(D1)41379Y13,10714,complete,Singapore,Homo sapiens,blood,"Hapuarachchi,H.C., Koo,C., Kek,R., Xu,H., Lai,Y.L., Liu,L., Kok,S.Y., Shi,Y., Chuen,R.L., Lee,K.S., Maurer-Stroh,S., Ng,L.C.",2013,2016-03-09,ssRNA(+)
KM403623,Dengue virus 1,Orthoflavivirus denguei,III,SGEHI(D1)43144Y13,10714,complete,Singapore,Homo sapiens,blood,"Hapuarachchi,H.C., Koo,C., Kek,R., Xu,H., Lai,Y.L., Liu,L., Kok,S.Y., Shi,Y., Chuen,R.L., Lee,K.S., Maurer-Stroh,S., Ng,L.C.",2013,2016-03-09,ssRNA(+)
KM403624,Dengue virus 1,Orthoflavivirus denguei,III,SGEHI(D1)46841Y13,10714,complete,Singapore,Homo sapiens,blood,"Hapuarachchi,H.C., Koo,C., Kek,R., Xu,H., Lai,Y.L., Liu,L., Kok,S.Y., Shi,Y., Chuen,R.L., Lee,K.S., Maurer-Stroh,S., Ng,L.C.",2013,2016-03-09,ssRNA(+)
KM403625,Dengue virus 1,Orthoflavivirus denguei,III,SGEHI(D1)50688Y13,10714,complete,Singapore,Homo sapiens,blood,"Hapuarachchi,H.C., Koo,C., Kek,R., Xu,H., Lai,Y.L., Liu,L., Kok,S.Y., Shi,Y., Chuen,R.L., Lee,K.S., Maurer-Stroh,S., Ng,L.C.",2013,2016-03-09,ssRNA(+)
KM403626,Dengue virus 1,Orthoflavivirus denguei,III,SGEHI(D1)50837Y13,10714,complete,Singapore,Homo sapiens,blood,"Hapuarachchi,H.C., Koo,C., Kek,R., Xu,H., Lai,Y.L., Liu,L., Kok,S.Y., Shi,Y., Chuen,R.L., Lee,K.S., Maurer-Stroh,S., Ng,L.C.",2013,2016-03-09,ssRNA(+)
KM403627,Dengue virus 1,Orthoflavivirus denguei,III,SGEHI(D1)03513Y13,10714,complete,Singapore,Homo sapiens,blood,"Hapuarachchi,H.C., Koo,C., Kek,R., Xu,H., Lai,Y.L., Liu,L., Kok,S.Y., Shi,Y., Chuen,R.L., Lee,K.S., Maurer-Stroh,S., Ng,L.C.",2013,2016-03-09,ssRNA(+)
KM403628,Dengue virus 1,Orthoflavivirus denguei,III,SGEHI(D1)10498Y13,10714,complete,Singapore,Homo sapiens,blood,"Hapuarachchi,H.C., Koo,C., Kek,R., Xu,H., Lai,Y.L., Liu,L., Kok,S.Y., Shi,Y., Chuen,R.L., Lee,K.S., Maurer-Stroh,S., Ng,L.C.",2013,2016-03-09,ssRNA(+)
KM403629,Dengue virus 1,Orthoflavivirus denguei,III,SGEHI(D1)12044Y13,10637,complete,Singapore,Homo sapiens,blood,"Hapuarachchi,H.C., Koo,C., Kek,R., Xu,H., Lai,Y.L., Liu,L., Kok,S.Y., Shi,Y., Chuen,R.L., Lee,K.S., Maurer-Stroh,S., Ng,L.C.",2013,2016-03-09,ssRNA(+)
KM403630,Dengue virus 1,Orthoflavivirus denguei,III,SGEHI(D1)22272Y13,10714,complete,Singapore,Homo sapiens,blood,"Hapuarachchi,H.C., Koo,C., Kek,R., Xu,H., Lai,Y.L., Liu,L., Kok,S.Y., Shi,Y., Chuen,R.L., Lee,K.S., Maurer-Stroh,S., Ng,L.C.",2013,2016-03-09,ssRNA(+)
KM403631,Dengue virus 1,Orthoflavivirus denguei,III,SGEHI(D1)50722Y13,10714,complete,Singapore,Homo sapiens,blood,"Hapuarachchi,H.C., Koo,C., Kek,R., Xu,H., Lai,Y.L., Liu,L., Kok,S.Y., Shi,Y., Chuen,R.L., Lee,K.S., Maurer-Stroh,S., Ng,L.C.",2013,2016-03-09,ssRNA(+)
KM403632,Dengue virus 1,Orthoflavivirus denguei,III,SGEHI(D1)51687Y13,10714,complete,Singapore,Homo sapiens,blood,"Hapuarachchi,H.C., Koo,C., Kek,R., Xu,H., Lai,Y.L., Liu,L., Kok,S.Y., Shi,Y., Chuen,R.L., Lee,K.S., Maurer-Stroh,S., Ng,L.C.",2013,2016-03-09,ssRNA(+)
KM403633,Dengue virus 1,Orthoflavivirus denguei,III,SGEHI(D1)09125Y13,10714,complete,Singapore,Homo sapiens,blood,"Hapuarachchi,H.C., Koo,C., Kek,R., Xu,H., Lai,Y.L., Liu,L., Kok,S.Y., Shi,Y., Chuen,R.L., Lee,K.S., Maurer-Stroh,S., Ng,L.C.",2013,2016-03-09,ssRNA(+)
KM403634,Dengue virus 1,Orthoflavivirus denguei,III,SGEHI(D1)22176Y13,10714,complete,Singapore,Homo sapiens,blood,"Hapuarachchi,H.C., Koo,C., Kek,R., Xu,H., Lai,Y.L., Liu,L., Kok,S.Y., Shi,Y., Chuen,R.L., Lee,K.S., Maurer-Stroh,S., Ng,L.C.",2013,2016-03-09,ssRNA(+)
KM403635,Dengue virus 1,Orthoflavivirus denguei,III,SGEHI(D1)40115Y13,10714,complete,Singapore,Homo sapiens,blood,"Hapuarachchi,H.C., Koo,C., Kek,R., Xu,H., Lai,Y.L., Liu,L., Kok,S.Y., Shi,Y., Chuen,R.L., Lee,K.S., Maurer-Stroh,S., Ng,L.C.",2013,2016-03-09,ssRNA(+)
KM403636,dengue virus type I,Orthoflavivirus denguei,III,SGEHI(D1)03120Y13,10714,complete,Singapore,Homo sapiens,blood,"Hapuarachchi,H.C., Koo,C., Kek,R., Xu,H., Lai,Y.L., Liu,L., Kok,S.Y., Shi,Y., Chuen,R.L., Lee,K.S., Maurer-Stroh,S., Ng,L.C.",2013,2016-03-09,ssRNA(+)
KU216209,Dengue virus type 3,Orthoflavivirus denguei,,Rajasthan.India/Balotra 87-s/2013,10674,complete,India,Homo sapiens,blood,"Angel,A., Angel,B., Joshi,A.P., Baharia,R.K., Rathore,S., Joshi,V.",2013-11-11,2016-02-29,ssRNA(+)
KT187553,Dengue virus type 2,Orthoflavivirus denguei,2,DENV2/CN/GZDF31241/2014,10723,complete,China: Guangdong,Homo sapiens,blood,"Li,M., He,Z., Zhu,X., Wu,J., Wen,W., Hu,Y., Chen,J., Yu,J., An,S., Lin,C., Dong,X., Zheng,D., Li,J., Yuan,J., Cai,J., Cao,K., Xu,L., Zhang,D., Zhan,L., Xiao,X., Liu,S., Yu,D., Zhu,Z., Luo,K., Zhou,D., Luo,X., Zeng,W., Liao,Y., Zhong,Y., Chen,S.",2014,2015-11-25,ssRNA(+)
KT187554,Dengue virus type 2,Orthoflavivirus denguei,2,DENV2/CN/GZDF571/2014,10723,complete,China: Guangdong,Homo sapiens,blood,"Li,M., Wu,J., Zhu,X., He,Z., Wen,W., Hu,Y., Chen,J., Yu,J., An,S., Lin,C., Dong,X., Zheng,D., Li,J., Yuan,J., Cai,J., Cao,K., Xu,L., Zhang,D., Zhan,L., Xiao,X., Liu,S., Yu,D., Zhu,Z., Luo,K., Zhou,D., Luo,X., Zeng,W., Liao,Y., Zhong,Y., Chen,S.",2014,2015-11-25,ssRNA(+)
KT187555,Dengue virus type 2,Orthoflavivirus denguei,2,DENV2/CN/GZDF574/2014,10723,complete,China: Guangdong,Homo sapiens,blood,"Zhan,L., Xiao,X., Liu,S., Yu,D., Zhu,Z., Luo,K., Zhou,D., Luo,X., Zeng,W., Liao,Y., Zhong,Y., Li,M., Zhu,X., He,Z., Wu,J., Wen,W., Hu,Y., Chen,J., Yu,J., An,S., Lin,C., Dong,X., Zheng,D., Li,J., Yuan,J., Cai,J., Cao,K., Xu,L., Zhang,D., Chen,S.",2014,2015-11-25,ssRNA(+)
KT187556,Dengue virus type 2,Orthoflavivirus denguei,2,DENV2/CN/GZDF595/2014,10723,complete,China: Guangdong,Homo sapiens,blood,"Zhan,L., Xiao,X., Liu,S., Yu,D., Zhu,Z., Luo,K., Zhou,D., Luo,X., Zeng,W., Liao,Y., Zhong,Y., Li,M., Zhu,X., He,Z., Wu,J., Wen,W., Hu,Y., Chen,J., Yu,J., An,S., Lin,C., Dong,X., Zheng,D., Li,J., Yuan,J., Cai,J., Cao,K., Xu,L., Zhang,D., Chen,S.",2014,2015-11-25,ssRNA(+)
KT187557,Dengue virus type 2,Orthoflavivirus denguei,2,DENV2/CN/GZDF615/2014,10723,complete,China: Guangdong,Homo sapiens,blood,"Zhan,L., Xiao,X., Liu,S., Yu,D., Zhu,Z., Luo,K., Zhou,D., Luo,X., Zeng,W., Liao,Y., Zhong,Y., Li,M., Zhu,X., He,Z., Wu,J., Wen,W., Hu,Y., Chen,J., Yu,J., An,S., Lin,C., Dong,X., Zheng,D., Li,J., Yuan,J., Cai,J., Cao,K., Xu,L., Zhang,D., Chen,S.",2014,2015-11-25,ssRNA(+)
KT187558,Dengue virus type 2,Orthoflavivirus denguei,2,DENV2/CN/GZ1118/2014,10723,complete,China: Guangdong,Homo sapiens,blood,"Li,M., Zhu,X., He,Z., Wu,J., Wen,W., Hu,Y., Chen,J., Yu,J., An,S., Lin,C., Dong,X., Zheng,D., Li,J., Yuan,J., Cai,J., Cao,K., Xu,L., Zhang,D., Zhan,L., Xiao,X., Liu,S., Yu,D., Zhu,Z., Luo,K., Zhou,D., Luo,X., Zeng,W., Liao,Y., Zhong,Y., Chen,S.",2014,2015-11-25,ssRNA(+)
KT187559,dengue virus type I,Orthoflavivirus denguei,1,DENV1/CN/GZDF780/2014,10714,complete,China: Guangdong,Homo sapiens,blood,"Li,M., Wu,J., Zhu,X., He,Z., Wen,W., Hu,Y., Chen,J., Yu,J., An,S., Lin,C., Dong,X., Zheng,D., Li,J., Yuan,J., Cai,J., Cao,K., Xu,L., Zhang,D., Zhan,L., Xiao,X., Liu,S., Yu,D., Zhu,Z., Luo,K., Zhou,D., Luo,X., Zeng,W., Liao,Y., Zhong,Y., Chen,S.",2014,2015-11-25,ssRNA(+)
KT187560,dengue virus type I,Orthoflavivirus denguei,1,DENV1/CN/GZDF874/2014,10714,complete,China: Guangdong,Homo sapiens,blood,"Zhan,L., Xiao,X., Liu,S., Yu,D., Zhu,Z., Luo,K., Zhou,D., Luo,X., Zeng,W., Liao,Y., Zhong,Y., Li,M., Zhu,X., He,Z., Wu,J., Wen,W., Hu,Y., Chen,J., Yu,J., An,S., Lin,C., Dong,X., Zheng,D., Li,J., Yuan,J., Cai,J., Cao,K., Xu,L., Zhang,D., Chen,S.",2014,2015-11-25,ssRNA(+)
KT187561,dengue virus type I,Orthoflavivirus denguei,1,DENV1/CN/GZDF876/2014,10714,complete,China: Guangdong,Homo sapiens,blood,"Zhan,L., Xiao,X., Liu,S., Yu,D., Zhu,Z., Luo,K., Zhou,D., Luo,X., Zeng,W., Liao,Y., Zhong,Y., Li,M., Zhu,X., He,Z., Wu,J., Wen,W., Hu,Y., Chen,J., Yu,J., An,S., Lin,C., Dong,X., Zheng,D., Li,J., Yuan,J., Cai,J., Cao,K., Xu,L., Zhang,D., Chen,S.",2014,2015-11-25,ssRNA(+)
KT187562,dengue virus type I,Orthoflavivirus denguei,1,DENV1/CN/GZDF982/2014,10714,complete,China: Guangdong,Homo sapiens,blood,"Zhan,L., Xiao,X., Liu,S., Yu,D., Zhu,Z., Luo,K., Zhou,D., Luo,X., Zeng,W., Liao,Y., Zhong,Y., Li,M., Zhu,X., He,Z., Wu,J., Wen,W., Hu,Y., Chen,J., Yu,J., An,S., Lin,C., Dong,X., Zheng,D., Li,J., Yuan,J., Cai,J., Cao,K., Xu,L., Zhang,D., Chen,S.",2014,2015-11-25,ssRNA(+)
KT187563,dengue virus type I,Orthoflavivirus denguei,1,DENV1/CN/GZDF696/2014,10714,complete,China: Guangdong,Homo sapiens,blood,"Li,M., Zhu,X., He,Z., Wu,J., Wen,W., Hu,Y., Chen,J., Yu,J., An,S., Lin,C., Dong,X., Zheng,D., Li,J., Yuan,J., Cai,J., Cao,K., Xu,L., Zhang,D., Zhan,L., Xiao,X., Liu,S., Yu,D., Zhu,Z., Luo,K., Zhou,D., Luo,X., Zeng,W., Liao,Y., Zhong,Y., Chen,S.",2014,2015-11-25,ssRNA(+)
KT187564,dengue virus type I,Orthoflavivirus denguei,1,DENV1/CN/GZDF716/2014,10735,complete,China: Guangdong,Homo sapiens,blood,"Li,M., He,Z., Zhu,X., Wu,J., Wen,W., Hu,Y., Chen,J., Yu,J., An,S., Lin,C., Dong,X., Zheng,D., Li,J., Yuan,J., Cai,J., Cao,K., Xu,L., Zhang,D., Zhan,L., Xiao,X., Liu,S., Yu,D., Zhu,Z., Luo,K., Zhou,D., Luo,X., Zeng,W., Liao,Y., Zhong,Y., Chen,S.",2014,2015-11-25,ssRNA(+)
KM217156,Dengue virus type 2,Orthoflavivirus denguei,2,D2/Pk/A2/2011,10656,complete,Pakistan,Homo sapiens,blood,"Ali,A., Ahmad,H., Ali,I., AbouHaider,M.G., Ahmad,T.",2011-08,2015-10-24,ssRNA(+)
KM217157,Dengue virus type 2,Orthoflavivirus denguei,2,D2/Pk/A1/2011,10656,complete,Pakistan,Homo sapiens,blood,"Ali,A., Ahmad,H., Ali,I., AbouHaider,M.G.",2011-08,2015-10-24,ssRNA(+)
KM217158,Dengue virus type 2,Orthoflavivirus denguei,2,D2/Pk/Swat-01,10656,complete,Pakistan,Homo sapiens,blood,"Ali,A., Ahmad,H., Ali,I., AbouHaider,M.G., Ahmad,T.",2013-08,2015-10-24,ssRNA(+)
KP723479,Dengue virus type 2,Orthoflavivirus denguei,2,DENV2/CN/GZ32/2010,10723,complete,China: Guangdong,Homo sapiens,blood,"Zhao,H., Yu,X.-D., Hong,W.-X., Yu,M., Jiang,T., Deng,Y.-Q., Zhu,S.-Y., Qin,E.-D., Qin,C.-F., Zhang,F.-C.",2010,2015-07-21,ssRNA(+)
KP723482,Dengue virus type 4,Orthoflavivirus denguei,4,DENV4/CN/GZ29/2010,10653,complete,China: Guangdong,Homo sapiens,blood,"Zhao,H., Yu,X.-D., Hong,W.-X., Yu,M., Jiang,T., Deng,Y.-Q., Zhu,S.-Y., Qin,E.-D., Qin,C.-F., Zhang,F.-C.",2010,2015-07-21,ssRNA(+)
KP686070,dengue virus type I,Orthoflavivirus denguei,1,ww2014,10670,complete,China: Henan,Homo sapiens,blood,"Du,Y.",2014-10-22,2015-06-30,ssRNA(+)
KP792537,Dengue virus type 4,Orthoflavivirus denguei,,SG(EHI)D4/25178Y11,10651,complete,Singapore,Homo sapiens,blood,"Hapuarachchi,H.C., Koo,C., Lee,K.S., Ng,L.C.",2011-06,2015-06-15,ssRNA(+)
KR779782,Dengue virus type 2,Orthoflavivirus denguei,Cosmopolitan,SG(EHI)D2/0466Y07,10723,complete,Singapore,Homo sapiens,blood,"Hapuarachchi,H.C., Koo,C., Lee,K.S., Ng,L.C.",2007,2015-06-15,ssRNA(+)
KR779786,Dengue virus type 2,Orthoflavivirus denguei,2,SG(EHI)D2/03157Y13,10723,complete,Singapore,Homo sapiens,blood,"Hapuarachchi,H.C., Koo,C., Lee,K.S., Ng,L.C.",2013,2015-06-15,ssRNA(+)
KM279515,Dengue virus 2,Orthoflavivirus denguei,Cosmopolitan,DC331Y11,10723,complete,Singapore,Homo sapiens,blood,"Hapuarachchi,H.C., Chua,R.C., Shi,Y., Thein,T.L., Lee,L.K., Lee,K.S., Lye,D.C., Ng,L.C., Leo,Y.S., Chua,R.C.R.",2011,2015-04-04,ssRNA(+)
KM279517,Dengue virus 2,Orthoflavivirus denguei,Cosmopolitan,DC353Y11,10723,complete,Singapore,Homo sapiens,blood,"Hapuarachchi,H.C., Chua,R.C., Shi,Y., Thein,T.L., Lee,L.K., Lee,K.S., Lye,D.C., Ng,L.C., Leo,Y.S., Chua,R.C.R.",2011,2015-04-04,ssRNA(+)
KM279518,Dengue virus 2,Orthoflavivirus denguei,Cosmopolitan,DC357Y11,10723,complete,Singapore,Homo sapiens,blood,"Hapuarachchi,H.C., Chua,R.C., Shi,Y., Thein,T.L., Lee,L.K., Lee,K.S., Lye,D.C., Ng,L.C., Leo,Y.S., Chua,R.C.R.",2011,2015-04-04,ssRNA(+)
KM279519,Dengue virus 2,Orthoflavivirus denguei,Cosmopolitan,DC367Y11,10723,complete,Singapore,Homo sapiens,blood,"Hapuarachchi,H.C., Chua,R.C., Shi,Y., Thein,T.L., Lee,L.K., Lee,K.S., Lye,D.C., Ng,L.C., Leo,Y.S., Chua,R.C.R.",2011,2015-04-04,ssRNA(+)
KM279520,Dengue virus 2,Orthoflavivirus denguei,Cosmopolitan,DC378Y11,10723,complete,Singapore,Homo sapiens,blood,"Hapuarachchi,H.C., Chua,R.C., Shi,Y., Thein,T.L., Lee,L.K., Lee,K.S., Lye,D.C., Ng,L.C., Leo,Y.S., Chua,R.C.R.",2011,2015-04-04,ssRNA(+)
KM279521,Dengue virus 2,Orthoflavivirus denguei,Cosmopolitan,DC391Y11,10723,complete,Singapore,Homo sapiens,blood,"Hapuarachchi,H.C., Chua,R.C., Shi,Y., Thein,T.L., Lee,L.K., Lee,K.S., Lye,D.C., Ng,L.C., Leo,Y.S., Chua,R.C.R.",2011,2015-04-04,ssRNA(+)
KM279522,Dengue virus 2,Orthoflavivirus denguei,Cosmopolitan,DC395Y11,10723,complete,Singapore,Homo sapiens,blood,"Hapuarachchi,H.C., Chua,R.C., Shi,Y., Thein,T.L., Lee,L.K., Lee,K.S., Lye,D.C., Ng,L.C., Leo,Y.S., Chua,R.C.R.",2011,2015-04-04,ssRNA(+)
KM279523,Dengue virus 2,Orthoflavivirus denguei,Cosmopolitan,DC403Y11,10723,complete,Singapore,Homo sapiens,blood,"Hapuarachchi,H.C., Chua,R.C., Shi,Y., Thein,T.L., Lee,L.K., Lee,K.S., Lye,D.C., Ng,L.C., Leo,Y.S., Chua,R.C.R.",2011,2015-04-04,ssRNA(+)
KM279524,Dengue virus 2,Orthoflavivirus denguei,Cosmopolitan,DC415Y11,10723,complete,Singapore,Homo sapiens,blood,"Hapuarachchi,H.C., Chua,R.C., Shi,Y., Thein,T.L., Lee,L.K., Lee,K.S., Lye,D.C., Ng,L.C., Leo,Y.S., Chua,R.C.R.",2011,2015-04-04,ssRNA(+)
KM279525,Dengue virus 2,Orthoflavivirus denguei,Cosmopolitan,DC429Y11,10723,complete,Singapore,Homo sapiens,blood,"Hapuarachchi,H.C., Chua,R.C., Shi,Y., Thein,T.L., Lee,L.K., Lee,K.S., Lye,D.C., Ng,L.C., Leo,Y.S., Chua,R.C.R.",2011,2015-04-04,ssRNA(+)
KM279526,Dengue virus 2,Orthoflavivirus denguei,Cosmopolitan,DC430Y11,10723,complete,Singapore,Homo sapiens,blood,"Hapuarachchi,H.C., Chua,R.C., Shi,Y., Thein,T.L., Lee,L.K., Lee,K.S., Lye,D.C., Ng,L.C., Leo,Y.S., Chua,R.C.R.",2011,2015-04-04,ssRNA(+)
KM279528,Dengue virus 2,Orthoflavivirus denguei,Cosmopolitan,DC589Y12,10723,complete,Singapore,Homo sapiens,blood,"Hapuarachchi,H.C., Chua,R.C., Shi,Y., Thein,T.L., Lee,L.K., Lee,K.S., Lye,D.C., Ng,L.C., Leo,Y.S., Chua,R.C.R.",2012,2015-04-04,ssRNA(+)
KM279530,Dengue virus 2,Orthoflavivirus denguei,Cosmopolitan,DC597Y12,10723,complete,Singapore,Homo sapiens,blood,"Hapuarachchi,H.C., Chua,R.C., Shi,Y., Thein,T.L., Lee,L.K., Lee,K.S., Lye,D.C., Ng,L.C., Leo,Y.S., Chua,R.C.R.",2012,2015-04-04,ssRNA(+)
KM279532,Dengue virus 2,Orthoflavivirus denguei,Cosmopolitan,DC618Y12,10723,complete,Singapore,Homo sapiens,blood,"Hapuarachchi,H.C., Chua,R.C., Shi,Y., Thein,T.L., Lee,L.K., Lee,K.S., Lye,D.C., Ng,L.C., Leo,Y.S., Chua,R.C.R.",2012,2015-04-04,ssRNA(+)
KM279533,Dengue virus 2,Orthoflavivirus denguei,Cosmopolitan,DC619Y12,10723,complete,Singapore,Homo sapiens,blood,"Hapuarachchi,H.C., Chua,R.C., Shi,Y., Thein,T.L., Lee,L.K., Lee,K.S., Lye,D.C., Ng,L.C., Leo,Y.S., Chua,R.C.R.",2012,2015-04-04,ssRNA(+)
KM279534,Dengue virus 2,Orthoflavivirus denguei,Cosmopolitan,DC620Y12,10723,complete,Singapore,Homo sapiens,blood,"Hapuarachchi,H.C., Chua,R.C., Shi,Y., Thein,T.L., Lee,L.K., Lee,K.S., Lye,D.C., Ng,L.C., Leo,Y.S., Chua,R.C.R.",2012,2015-04-04,ssRNA(+)
KM279535,Dengue virus 2,Orthoflavivirus denguei,Cosmopolitan,DC621Y12,10723,complete,Singapore,Homo sapiens,blood,"Hapuarachchi,H.C., Chua,R.C., Shi,Y., Thein,T.L., Lee,L.K., Lee,K.S., Lye,D.C., Ng,L.C., Leo,Y.S., Chua,R.C.R.",2012,2015-04-04,ssRNA(+)
KM279536,Dengue virus 2,Orthoflavivirus denguei,Cosmopolitan,DC629Y12,10723,complete,Singapore,Homo sapiens,blood,"Hapuarachchi,H.C., Chua,R.C., Shi,Y., Thein,T.L., Lee,L.K., Lee,K.S., Lye,D.C., Ng,L.C., Leo,Y.S., Chua,R.C.R.",2012,2015-04-04,ssRNA(+)
KM279537,Dengue virus 2,Orthoflavivirus denguei,Cosmopolitan,DC635Y12,10723,complete,Singapore,Homo sapiens,blood,"Hapuarachchi,H.C., Chua,R.C., Shi,Y., Thein,T.L., Lee,L.K., Lee,K.S., Lye,D.C., Ng,L.C., Leo,Y.S., Chua,R.C.R.",2012,2015-04-04,ssRNA(+)
KM279538,Dengue virus 2,Orthoflavivirus denguei,Cosmopolitan,DC639Y12,10723,complete,Singapore,Homo sapiens,blood,"Hapuarachchi,H.C., Chua,R.C., Shi,Y., Thein,T.L., Lee,L.K., Lee,K.S., Lye,D.C., Ng,L.C., Leo,Y.S., Chua,R.C.R.",2012,2015-04-04,ssRNA(+)
KM279539,Dengue virus 2,Orthoflavivirus denguei,Cosmopolitan,DC641Y12,10723,complete,Singapore,Homo sapiens,blood,"Hapuarachchi,H.C., Chua,R.C., Shi,Y., Thein,T.L., Lee,L.K., Lee,K.S., Lye,D.C., Ng,L.C., Leo,Y.S., Chua,R.C.R.",2012,2015-04-04,ssRNA(+)
KM279540,Dengue virus 2,Orthoflavivirus denguei,Cosmopolitan,DC642Y12,10723,complete,Singapore,Homo sapiens,blood,"Hapuarachchi,H.C., Chua,R.C., Shi,Y., Thein,T.L., Lee,L.K., Lee,K.S., Lye,D.C., Ng,L.C., Leo,Y.S., Chua,R.C.R.",2012,2015-04-04,ssRNA(+)
KM279541,Dengue virus 2,Orthoflavivirus denguei,Cosmopolitan,DC643Y12,10723,complete,Singapore,Homo sapiens,blood,"Hapuarachchi,H.C., Chua,R.C., Shi,Y., Thein,T.L., Lee,L.K., Lee,K.S., Lye,D.C., Ng,L.C., Leo,Y.S., Chua,R.C.R.",2012,2015-04-04,ssRNA(+)
KM279542,Dengue virus 2,Orthoflavivirus denguei,Cosmopolitan,DC644Y12,10723,complete,Singapore,Homo sapiens,blood,"Hapuarachchi,H.C., Chua,R.C., Shi,Y., Thein,T.L., Lee,L.K., Lee,K.S., Lye,D.C., Ng,L.C., Leo,Y.S., Chua,R.C.R.",2012,2015-04-04,ssRNA(+)
KM279543,Dengue virus 2,Orthoflavivirus denguei,Cosmopolitan,DC645Y12,10723,complete,Singapore,Homo sapiens,blood,"Hapuarachchi,H.C., Chua,R.C., Shi,Y., Thein,T.L., Lee,L.K., Lee,K.S., Lye,D.C., Ng,L.C., Leo,Y.S., Chua,R.C.R.",2012,2015-04-04,ssRNA(+)
KM279544,Dengue virus 2,Orthoflavivirus denguei,Cosmopolitan,DC649Y12,10723,complete,Singapore,Homo sapiens,blood,"Hapuarachchi,H.C., Chua,R.C., Shi,Y., Thein,T.L., Lee,L.K., Lee,K.S., Lye,D.C., Ng,L.C., Leo,Y.S., Chua,R.C.R.",2012,2015-04-04,ssRNA(+)
KM279545,Dengue virus 2,Orthoflavivirus denguei,Cosmopolitan,DC652Y12,10723,complete,Singapore,Homo sapiens,blood,"Hapuarachchi,H.C., Chua,R.C., Shi,Y., Thein,T.L., Lee,L.K., Lee,K.S., Lye,D.C., Ng,L.C., Leo,Y.S., Chua,R.C.R.",2012,2015-04-04,ssRNA(+)
KM279546,Dengue virus 2,Orthoflavivirus denguei,Cosmopolitan,DC654Y12,10723,complete,Singapore,Homo sapiens,blood,"Hapuarachchi,H.C., Chua,R.C., Shi,Y., Thein,T.L., Lee,L.K., Lee,K.S., Lye,D.C., Ng,L.C., Leo,Y.S., Chua,R.C.R.",2012,2015-04-04,ssRNA(+)
KM279548,Dengue virus 2,Orthoflavivirus denguei,Cosmopolitan,DC657Y12,10723,complete,Singapore,Homo sapiens,blood,"Hapuarachchi,H.C., Chua,R.C., Shi,Y., Thein,T.L., Lee,L.K., Lee,K.S., Lye,D.C., Ng,L.C., Leo,Y.S., Chua,R.C.R.",2012,2015-04-04,ssRNA(+)
KM279549,Dengue virus 2,Orthoflavivirus denguei,Cosmopolitan,DC661Y12,10723,complete,Singapore,Homo sapiens,blood,"Hapuarachchi,H.C., Chua,R.C., Shi,Y., Thein,T.L., Lee,L.K., Lee,K.S., Lye,D.C., Ng,L.C., Leo,Y.S., Chua,R.C.R.",2012,2015-04-04,ssRNA(+)
KM279550,Dengue virus 2,Orthoflavivirus denguei,Cosmopolitan,DC663Y12,10723,complete,Singapore,Homo sapiens,blood,"Hapuarachchi,H.C., Chua,R.C., Shi,Y., Thein,T.L., Lee,L.K., Lee,K.S., Lye,D.C., Ng,L.C., Leo,Y.S., Chua,R.C.R.",2012,2015-04-04,ssRNA(+)
KM279551,Dengue virus 2,Orthoflavivirus denguei,Cosmopolitan,DC669Y12,10723,complete,Singapore,Homo sapiens,blood,"Hapuarachchi,H.C., Chua,R.C., Shi,Y., Thein,T.L., Lee,L.K., Lee,K.S., Lye,D.C., Ng,L.C., Leo,Y.S., Chua,R.C.R.",2012,2015-04-04,ssRNA(+)
KM279552,Dengue virus 2,Orthoflavivirus denguei,Cosmopolitan,DC673Y12,10723,complete,Singapore,Homo sapiens,blood,"Hapuarachchi,H.C., Chua,R.C., Shi,Y., Thein,T.L., Lee,L.K., Lee,K.S., Lye,D.C., Ng,L.C., Leo,Y.S., Chua,R.C.R.",2012,2015-04-04,ssRNA(+)
KM279553,Dengue virus 2,Orthoflavivirus denguei,Cosmopolitan,DC677Y12,10723,complete,Singapore,Homo sapiens,blood,"Hapuarachchi,H.C., Chua,R.C., Shi,Y., Thein,T.L., Lee,L.K., Lee,K.S., Lye,D.C., Ng,L.C., Leo,Y.S., Chua,R.C.R.",2012,2015-04-04,ssRNA(+)
KM279554,Dengue virus 2,Orthoflavivirus denguei,Cosmopolitan,DC687Y12,10723,complete,Singapore,Homo sapiens,blood,"Hapuarachchi,H.C., Chua,R.C., Shi,Y., Thein,T.L., Lee,L.K., Lee,K.S., Lye,D.C., Ng,L.C., Leo,Y.S., Chua,R.C.R.",2012,2015-04-04,ssRNA(+)
KM279555,Dengue virus 2,Orthoflavivirus denguei,Cosmopolitan,DC694Y12,10723,complete,Singapore,Homo sapiens,blood,"Hapuarachchi,H.C., Chua,R.C., Shi,Y., Thein,T.L., Lee,L.K., Lee,K.S., Lye,D.C., Ng,L.C., Leo,Y.S., Chua,R.C.R.",2012,2015-04-04,ssRNA(+)
KM279556,Dengue virus 2,Orthoflavivirus denguei,Cosmopolitan,DC704Y12,10723,complete,Singapore,Homo sapiens,blood,"Hapuarachchi,H.C., Chua,R.C., Shi,Y., Thein,T.L., Lee,L.K., Lee,K.S., Lye,D.C., Ng,L.C., Leo,Y.S., Chua,R.C.R.",2012,2015-04-04,ssRNA(+)
KM279557,Dengue virus 2,Orthoflavivirus denguei,Cosmopolitan,DC710Y12,10724,complete,Singapore,Homo sapiens,blood,"Hapuarachchi,H.C., Chua,R.C., Shi,Y., Thein,T.L., Lee,L.K., Lee,K.S., Lye,D.C., Ng,L.C., Leo,Y.S., Chua,R.C.R.",2012,2015-04-04,ssRNA(+)
KM279558,Dengue virus 2,Orthoflavivirus denguei,Cosmopolitan,DC730Y12,10723,complete,Singapore,Homo sapiens,blood,"Hapuarachchi,H.C., Chua,R.C., Shi,Y., Thein,T.L., Lee,L.K., Lee,K.S., Lye,D.C., Ng,L.C., Leo,Y.S., Chua,R.C.R.",2012,2015-04-04,ssRNA(+)
KM279559,Dengue virus 2,Orthoflavivirus denguei,Cosmopolitan,DC735Y12,10723,complete,Singapore,Homo sapiens,blood,"Hapuarachchi,H.C., Chua,R.C., Shi,Y., Thein,T.L., Lee,L.K., Lee,K.S., Lye,D.C., Ng,L.C., Leo,Y.S., Chua,R.C.R.",2012,2015-04-04,ssRNA(+)
KM279560,Dengue virus 2,Orthoflavivirus denguei,Cosmopolitan,DC740Y12,10723,complete,Singapore,Homo sapiens,blood,"Hapuarachchi,H.C., Chua,R.C., Shi,Y., Thein,T.L., Lee,L.K., Lee,K.S., Lye,D.C., Ng,L.C., Leo,Y.S., Chua,R.C.R.",2012,2015-04-04,ssRNA(+)
KM279561,Dengue virus 2,Orthoflavivirus denguei,Cosmopolitan,DC756Y12,10723,complete,Singapore,Homo sapiens,blood,"Hapuarachchi,H.C., Chua,R.C., Shi,Y., Thein,T.L., Lee,L.K., Lee,K.S., Lye,D.C., Ng,L.C., Leo,Y.S., Chua,R.C.R.",2012,2015-04-04,ssRNA(+)
KM279562,Dengue virus 2,Orthoflavivirus denguei,Cosmopolitan,DC763Y12,10723,complete,Singapore,Homo sapiens,blood,"Hapuarachchi,H.C., Chua,R.C., Shi,Y., Thein,T.L., Lee,L.K., Lee,K.S., Lye,D.C., Ng,L.C., Leo,Y.S., Chua,R.C.R.",2012,2015-04-04,ssRNA(+)
KM279563,Dengue virus 2,Orthoflavivirus denguei,Cosmopolitan,DC766Y12,10723,complete,Singapore,Homo sapiens,blood,"Hapuarachchi,H.C., Chua,R.C., Shi,Y., Thein,T.L., Lee,L.K., Lee,K.S., Lye,D.C., Ng,L.C., Leo,Y.S., Chua,R.C.R.",2012,2015-04-04,ssRNA(+)
KM279564,Dengue virus 2,Orthoflavivirus denguei,Cosmopolitan,DC786Y12,10723,complete,Singapore,Homo sapiens,blood,"Hapuarachchi,H.C., Chua,R.C., Shi,Y., Thein,T.L., Lee,L.K., Lee,K.S., Lye,D.C., Ng,L.C., Leo,Y.S., Chua,R.C.R.",2012,2015-04-04,ssRNA(+)
KM279565,Dengue virus 2,Orthoflavivirus denguei,Cosmopolitan,DC790Y12,10723,complete,Singapore,Homo sapiens,blood,"Hapuarachchi,H.C., Chua,R.C., Shi,Y., Thein,T.L., Lee,L.K., Lee,K.S., Lye,D.C., Ng,L.C., Leo,Y.S., Chua,R.C.R.",2012,2015-04-04,ssRNA(+)
KM279566,Dengue virus 2,Orthoflavivirus denguei,Cosmopolitan,DC793Y12,10723,complete,Singapore,Homo sapiens,blood,"Hapuarachchi,H.C., Chua,R.C., Shi,Y., Thein,T.L., Lee,L.K., Lee,K.S., Lye,D.C., Ng,L.C., Leo,Y.S., Chua,R.C.R.",2012,2015-04-04,ssRNA(+)
KM279567,Dengue virus 2,Orthoflavivirus denguei,Cosmopolitan,DC811Y12,10723,complete,Singapore,Homo sapiens,blood,"Hapuarachchi,H.C., Chua,R.C., Shi,Y., Thein,T.L., Lee,L.K., Lee,K.S., Lye,D.C., Ng,L.C., Leo,Y.S., Chua,R.C.R.",2012,2015-04-04,ssRNA(+)
KM279568,Dengue virus 2,Orthoflavivirus denguei,Cosmopolitan,DC812Y12,10723,complete,Singapore,Homo sapiens,blood,"Hapuarachchi,H.C., Chua,R.C., Shi,Y., Thein,T.L., Lee,L.K., Lee,K.S., Lye,D.C., Ng,L.C., Leo,Y.S., Chua,R.C.R.",2012,2015-04-04,ssRNA(+)
KM279569,Dengue virus 2,Orthoflavivirus denguei,Cosmopolitan,DC814Y12,10723,complete,Singapore,Homo sapiens,blood,"Hapuarachchi,H.C., Chua,R.C., Shi,Y., Thein,T.L., Lee,L.K., Lee,K.S., Lye,D.C., Ng,L.C., Leo,Y.S., Chua,R.C.R.",2012,2015-04-04,ssRNA(+)
KM279570,Dengue virus 2,Orthoflavivirus denguei,Cosmopolitan,DC848Y12,10723,complete,Singapore,Homo sapiens,blood,"Hapuarachchi,H.C., Chua,R.C., Shi,Y., Thein,T.L., Lee,L.K., Lee,K.S., Lye,D.C., Ng,L.C., Leo,Y.S., Chua,R.C.R.",2012,2015-04-04,ssRNA(+)
KM279571,Dengue virus 2,Orthoflavivirus denguei,Cosmopolitan,DC648Y12,10723,complete,Singapore,Homo sapiens,blood,"Hapuarachchi,H.C., Chua,R.C., Shi,Y., Thein,T.L., Lee,L.K., Lee,K.S., Lye,D.C., Ng,L.C., Leo,Y.S., Chua,R.C.R.",2012,2015-04-04,ssRNA(+)
KM279572,Dengue virus 2,Orthoflavivirus denguei,Cosmopolitan,DC795Y12,10723,complete,Singapore,Homo sapiens,blood,"Hapuarachchi,H.C., Chua,R.C., Shi,Y., Thein,T.L., Lee,L.K., Lee,K.S., Lye,D.C., Ng,L.C., Leo,Y.S., Chua,R.C.R.",2012,2015-04-04,ssRNA(+)
KM279573,Dengue virus 2,Orthoflavivirus denguei,Cosmopolitan,DC796Y12,10723,complete,Singapore,Homo sapiens,blood,"Hapuarachchi,H.C., Chua,R.C., Shi,Y., Thein,T.L., Lee,L.K., Lee,K.S., Lye,D.C., Ng,L.C., Leo,Y.S., Chua,R.C.R.",2012,2015-04-04,ssRNA(+)
KM279575,Dengue virus 2,Orthoflavivirus denguei,Cosmopolitan,DC827Y12,10723,complete,Singapore,Homo sapiens,blood,"Hapuarachchi,H.C., Chua,R.C., Shi,Y., Thein,T.L., Lee,L.K., Lee,K.S., Lye,D.C., Ng,L.C., Leo,Y.S., Chua,R.C.R.",2012,2015-04-04,ssRNA(+)
KM279576,Dengue virus 2,Orthoflavivirus denguei,Cosmopolitan,E1433Y12,10723,complete,Singapore,Homo sapiens,blood,"Hapuarachchi,H.C., Chua,R.C., Shi,Y., Thein,T.L., Lee,L.K., Lee,K.S., Lye,D.C., Ng,L.C., Leo,Y.S., Chua,R.C.R.",2012,2015-04-04,ssRNA(+)
KM279577,Dengue virus 2,Orthoflavivirus denguei,Cosmopolitan,E1434Y12,10723,complete,Singapore,Homo sapiens,blood,"Hapuarachchi,H.C., Chua,R.C., Shi,Y., Thein,T.L., Lee,L.K., Lee,K.S., Lye,D.C., Ng,L.C., Leo,Y.S., Chua,R.C.R.",2012,2015-04-04,ssRNA(+)
KM279578,Dengue virus 2,Orthoflavivirus denguei,Cosmopolitan,E1436Y12,10723,complete,Singapore,Homo sapiens,blood,"Hapuarachchi,H.C., Chua,R.C., Shi,Y., Thein,T.L., Lee,L.K., Lee,K.S., Lye,D.C., Ng,L.C., Leo,Y.S., Chua,R.C.R.",2012,2015-04-04,ssRNA(+)
KM279579,Dengue virus 2,Orthoflavivirus denguei,Cosmopolitan,E1502Y12,10723,complete,Singapore,Homo sapiens,blood,"Hapuarachchi,H.C., Chua,R.C., Shi,Y., Thein,T.L., Lee,L.K., Lee,K.S., Lye,D.C., Ng,L.C., Leo,Y.S., Chua,R.C.R.",2012,2015-04-04,ssRNA(+)
KM279581,Dengue virus type 2,Orthoflavivirus denguei,Cosmopolitan,DC380Y11,10723,complete,Singapore,Homo sapiens,blood,"Hapuarachchi,H.C., Chua,R.C., Shi,Y., Thein,T.L., Lee,L.K., Lee,K.S., Lye,D.C., Ng,L.C., Leo,Y.S., Chua,R.C.R.",2011,2015-04-04,ssRNA(+)
KM279582,Dengue virus type 2,Orthoflavivirus denguei,Cosmopolitan,DC389Y11,10723,complete,Singapore,Homo sapiens,blood,"Hapuarachchi,H.C., Chua,R.C., Shi,Y., Thein,T.L., Lee,L.K., Lee,K.S., Lye,D.C., Ng,L.C., Leo,Y.S., Chua,R.C.R.",2011,2015-04-04,ssRNA(+)
KM279586,Dengue virus type 2,Orthoflavivirus denguei,Cosmopolitan,DC427Y11,10723,complete,Singapore,Homo sapiens,blood,"Hapuarachchi,H.C., Chua,R.C., Shi,Y., Thein,T.L., Lee,L.K., Lee,K.S., Lye,D.C., Ng,L.C., Leo,Y.S., Chua,R.C.R.",2011,2015-04-04,ssRNA(+)
KM279587,Dengue virus type 2,Orthoflavivirus denguei,Cosmopolitan,DC596Y12,10723,complete,Singapore,Homo sapiens,blood,"Hapuarachchi,H.C., Chua,R.C., Shi,Y., Thein,T.L., Lee,L.K., Lee,K.S., Lye,D.C., Ng,L.C., Leo,Y.S., Chua,R.C.R.",2012,2015-04-04,ssRNA(+)
KM279588,Dengue virus type 2,Orthoflavivirus denguei,Cosmopolitan,DC636Y12,10723,complete,Singapore,Homo sapiens,blood,"Hapuarachchi,H.C., Chua,R.C., Shi,Y., Thein,T.L., Lee,L.K., Lee,K.S., Lye,D.C., Ng,L.C., Leo,Y.S., Chua,R.C.R.",2012,2015-04-04,ssRNA(+)
KM279590,Dengue virus type 2,Orthoflavivirus denguei,Cosmopolitan,DC688Y12,10723,complete,Singapore,Homo sapiens,blood,"Hapuarachchi,H.C., Chua,R.C., Shi,Y., Thein,T.L., Lee,L.K., Lee,K.S., Lye,D.C., Ng,L.C., Leo,Y.S., Chua,R.C.R.",2012,2015-04-04,ssRNA(+)
KM279591,Dengue virus type 2,Orthoflavivirus denguei,Cosmopolitan,DC716Y12,10723,complete,Singapore,Homo sapiens,blood,"Hapuarachchi,H.C., Chua,R.C., Shi,Y., Thein,T.L., Lee,L.K., Lee,K.S., Lye,D.C., Ng,L.C., Leo,Y.S., Chua,R.C.R.",2012,2015-04-04,ssRNA(+)
KM279592,Dengue virus type 2,Orthoflavivirus denguei,Cosmopolitan,DC720Y12,10723,complete,Singapore,Homo sapiens,blood,"Hapuarachchi,H.C., Chua,R.C., Shi,Y., Thein,T.L., Lee,L.K., Lee,K.S., Lye,D.C., Ng,L.C., Leo,Y.S., Chua,R.C.R.",2012,2015-04-04,ssRNA(+)
KM279593,Dengue virus type 2,Orthoflavivirus denguei,Cosmopolitan,DC759Y12,10723,complete,Singapore,Homo sapiens,blood,"Hapuarachchi,H.C., Chua,R.C., Shi,Y., Thein,T.L., Lee,L.K., Lee,K.S., Lye,D.C., Ng,L.C., Leo,Y.S., Chua,R.C.R.",2012,2015-04-04,ssRNA(+)
KM279594,Dengue virus type 2,Orthoflavivirus denguei,Cosmopolitan,DC771Y12,10723,complete,Singapore,Homo sapiens,blood,"Hapuarachchi,H.C., Chua,R.C., Shi,Y., Thein,T.L., Lee,L.K., Lee,K.S., Lye,D.C., Ng,L.C., Leo,Y.S., Chua,R.C.R.",2012,2015-04-04,ssRNA(+)
KM279595,Dengue virus type 2,Orthoflavivirus denguei,Cosmopolitan,DC792Y12,10723,complete,Singapore,Homo sapiens,blood,"Hapuarachchi,H.C., Chua,R.C., Shi,Y., Thein,T.L., Lee,L.K., Lee,K.S., Lye,D.C., Ng,L.C., Leo,Y.S., Chua,R.C.R.",2012,2015-04-04,ssRNA(+)
KM279597,Dengue virus type 2,Orthoflavivirus denguei,Cosmopolitan,DC719Y12,10723,complete,Singapore,Homo sapiens,blood,"Hapuarachchi,H.C., Chua,R.C., Shi,Y., Thein,T.L., Lee,L.K., Lee,K.S., Lye,D.C., Ng,L.C., Leo,Y.S., Chua,R.C.R.",2012,2015-04-04,ssRNA(+)
KM279598,Dengue virus type 2,Orthoflavivirus denguei,Cosmopolitan,E1379Y12,10723,complete,Singapore,Homo sapiens,blood,"Hapuarachchi,H.C., Chua,R.C., Shi,Y., Thein,T.L., Lee,L.K., Lee,K.S., Lye,D.C., Ng,L.C., Leo,Y.S., Chua,R.C.R.",2012,2015-04-04,ssRNA(+)
KM279599,Dengue virus type 2,Orthoflavivirus denguei,Cosmopolitan,E1429Y12,10723,complete,Singapore,Homo sapiens,blood,"Hapuarachchi,H.C., Chua,R.C., Shi,Y., Thein,T.L., Lee,L.K., Lee,K.S., Lye,D.C., Ng,L.C., Leo,Y.S., Chua,R.C.R.",2012,2015-04-04,ssRNA(+)
KM279600,Dengue virus type 2,Orthoflavivirus denguei,Cosmopolitan,E1432Y12,10723,complete,Singapore,Homo sapiens,blood,"Hapuarachchi,H.C., Chua,R.C., Shi,Y., Thein,T.L., Lee,L.K., Lee,K.S., Lye,D.C., Ng,L.C., Leo,Y.S., Chua,R.C.R.",2012,2015-04-04,ssRNA(+)
KM279601,Dengue virus type 2,Orthoflavivirus denguei,Cosmopolitan,E1439Y12,10723,complete,Singapore,Homo sapiens,blood,"Hapuarachchi,H.C., Chua,R.C., Shi,Y., Thein,T.L., Lee,L.K., Lee,K.S., Lye,D.C., Ng,L.C., Leo,Y.S., Chua,R.C.R.",2012,2015-04-04,ssRNA(+)
KP012546,Dengue virus type 2,Orthoflavivirus denguei,Cosmopolitan,DENV2/CN/GZ05/2014,10723,complete,China: Guangdong,Homo sapiens,blood,"Zhao,H., Zhang,F.C., Zhu,Q., Wang,J., Hong,W.X., Zhao,L.Z., Deng,Y.Q., Qiu,S., Zhang,Y., Cai,W.P., Cao,W.C., Qin,C.F., Zhao,L.-Z., Jiang,T., Hong,W.-X., Li,X.-F., Deng,Y.-Q., Zhu,S.-Y., Qin,E.-D., Qin,C.-F., Zhang,F.-C.",2014,2015-02-22,ssRNA(+)
KC762620,Dengue virus 1,Orthoflavivirus denguei,1,MKS-0390,10735,complete,Indonesia: Makassar,Homo sapiens,blood,"Sasmono,R.T., Wahid,I., Trimarsanto,H., Yohan,B., Wahyuni,S., Hertanto,M., Yusuf,I., Mubin,H., Ganda,I.J., Latief,R., Bifani,P.J., Shi,P.Y., Schreiber,M.J., Sasmono,T., Bifani,P., Shi,P.-Y.",2007-12-13,2015-01-17,ssRNA(+)
KC762621,Dengue virus 1,Orthoflavivirus denguei,1,MKS-0397,10735,complete,Indonesia: Makassar,Homo sapiens,blood,"Sasmono,R.T., Wahid,I., Trimarsanto,H., Yohan,B., Wahyuni,S., Hertanto,M., Yusuf,I., Mubin,H., Ganda,I.J., Latief,R., Bifani,P.J., Shi,P.Y., Schreiber,M.J., Sasmono,T., Bifani,P., Shi,P.-Y.",2008-02-15,2015-01-17,ssRNA(+)
KC762622,Dengue virus 1,Orthoflavivirus denguei,1,MKS-2200,10735,complete,Indonesia: Makassar,Homo sapiens,blood,"Sasmono,R.T., Wahid,I., Trimarsanto,H., Yohan,B., Wahyuni,S., Hertanto,M., Yusuf,I., Mubin,H., Ganda,I.J., Latief,R., Bifani,P.J., Shi,P.Y., Schreiber,M.J., Sasmono,T., Bifani,P., Shi,P.-Y.",2008-04-09,2015-01-17,ssRNA(+)
KC762623,Dengue virus 1,Orthoflavivirus denguei,1,MKS-0206,10735,complete,Indonesia: Makassar,Homo sapiens,blood,"Sasmono,R.T., Wahid,I., Trimarsanto,H., Yohan,B., Wahyuni,S., Hertanto,M., Yusuf,I., Mubin,H., Ganda,I.J., Latief,R., Bifani,P.J., Shi,P.Y., Schreiber,M.J., Sasmono,T., Bifani,P., Shi,P.-Y.",2007-07-17,2015-01-17,ssRNA(+)
KC762624,Dengue virus 1,Orthoflavivirus denguei,1,MKS-2082,10735,complete,Indonesia: Makassar,Homo sapiens,blood,"Sasmono,R.T., Wahid,I., Trimarsanto,H., Yohan,B., Wahyuni,S., Hertanto,M., Yusuf,I., Mubin,H., Ganda,I.J., Latief,R., Bifani,P.J., Shi,P.Y., Schreiber,M.J., Sasmono,T., Bifani,P., Shi,P.-Y.",2008-02-15,2015-01-17,ssRNA(+)
KC762625,Dengue virus 1,Orthoflavivirus denguei,1,MKS-0056,10735,complete,Indonesia: Makassar,Homo sapiens,blood,"Sasmono,R.T., Wahid,I., Trimarsanto,H., Yohan,B., Wahyuni,S., Hertanto,M., Yusuf,I., Mubin,H., Ganda,I.J., Latief,R., Bifani,P.J., Shi,P.Y., Schreiber,M.J., Sasmono,T., Bifani,P., Shi,P.-Y.",2007-06-22,2015-01-17,ssRNA(+)
KC762626,Dengue virus 1,Orthoflavivirus denguei,1,MKS-2138,10735,complete,Indonesia: Makassar,Homo sapiens,blood,"Sasmono,R.T., Wahid,I., Trimarsanto,H., Yohan,B., Wahyuni,S., Hertanto,M., Yusuf,I., Mubin,H., Ganda,I.J., Latief,R., Bifani,P.J., Shi,P.Y., Schreiber,M.J., Sasmono,T., Bifani,P., Shi,P.-Y.",2008-02-26,2015-01-17,ssRNA(+)
KC762627,Dengue virus 1,Orthoflavivirus denguei,1,MKS-IF062,10735,complete,Indonesia: Makassar,Homo sapiens,blood,"Sasmono,R.T., Wahid,I., Trimarsanto,H., Yohan,B., Wahyuni,S., Hertanto,M., Yusuf,I., Mubin,H., Ganda,I.J., Latief,R., Bifani,P.J., Shi,P.Y., Schreiber,M.J., Sasmono,T., Bifani,P., Shi,P.-Y.",2008-04-17,2015-01-17,ssRNA(+)
KC762628,Dengue virus 1,Orthoflavivirus denguei,1,MKS-2058,10735,complete,Indonesia: Makassar,Homo sapiens,blood,"Sasmono,R.T., Wahid,I., Trimarsanto,H., Yohan,B., Wahyuni,S., Hertanto,M., Yusuf,I., Mubin,H., Ganda,I.J., Latief,R., Bifani,P.J., Shi,P.Y., Schreiber,M.J., Sasmono,T., Bifani,P., Shi,P.-Y.",2008-02-19,2015-01-17,ssRNA(+)
KC762629,Dengue virus 1,Orthoflavivirus denguei,1,MKS-IF039,10735,complete,Indonesia: Makassar,Homo sapiens,blood,"Sasmono,R.T., Wahid,I., Trimarsanto,H., Yohan,B., Wahyuni,S., Hertanto,M., Yusuf,I., Mubin,H., Ganda,I.J., Latief,R., Bifani,P.J., Shi,P.Y., Schreiber,M.J., Sasmono,T., Bifani,P., Shi,P.-Y.",2008-03-15,2015-01-17,ssRNA(+)
KC762630,Dengue virus 1,Orthoflavivirus denguei,1,MKS-2097,10735,complete,Indonesia: Makassar,Homo sapiens,blood,"Sasmono,R.T., Wahid,I., Trimarsanto,H., Yohan,B., Wahyuni,S., Hertanto,M., Yusuf,I., Mubin,H., Ganda,I.J., Latief,R., Bifani,P.J., Shi,P.Y., Schreiber,M.J., Sasmono,T., Bifani,P., Shi,P.-Y.",2008-02-06,2015-01-17,ssRNA(+)
KC762631,Dengue virus 1,Orthoflavivirus denguei,1,MKS-0395,10735,complete,Indonesia: Makassar,Homo sapiens,blood,"Sasmono,R.T., Wahid,I., Trimarsanto,H., Yohan,B., Wahyuni,S., Hertanto,M., Yusuf,I., Mubin,H., Ganda,I.J., Latief,R., Bifani,P.J., Shi,P.Y., Schreiber,M.J., Sasmono,T., Bifani,P., Shi,P.-Y.",2008-02-15,2015-01-17,ssRNA(+)
KC762632,Dengue virus 1,Orthoflavivirus denguei,1,MKS-0248,10735,complete,Indonesia: Makassar,Homo sapiens,blood,"Sasmono,R.T., Wahid,I., Trimarsanto,H., Yohan,B., Wahyuni,S., Hertanto,M., Yusuf,I., Mubin,H., Ganda,I.J., Latief,R., Bifani,P.J., Shi,P.Y., Schreiber,M.J., Sasmono,T., Bifani,P., Shi,P.-Y.",2007-08-31,2015-01-17,ssRNA(+)
KC762633,Dengue virus 1,Orthoflavivirus denguei,1,MKS-2216,10735,complete,Indonesia: Makassar,Homo sapiens,blood,"Sasmono,R.T., Wahid,I., Trimarsanto,H., Yohan,B., Wahyuni,S., Hertanto,M., Yusuf,I., Mubin,H., Ganda,I.J., Latief,R., Bifani,P.J., Shi,P.Y., Schreiber,M.J., Sasmono,T., Bifani,P., Shi,P.-Y.",2008-04-18,2015-01-17,ssRNA(+)
KC762634,Dengue virus 1,Orthoflavivirus denguei,1,MKS-2201,10735,complete,Indonesia: Makassar,Homo sapiens,blood,"Sasmono,R.T., Wahid,I., Trimarsanto,H., Yohan,B., Wahyuni,S., Hertanto,M., Yusuf,I., Mubin,H., Ganda,I.J., Latief,R., Bifani,P.J., Shi,P.Y., Schreiber,M.J., Sasmono,T., Bifani,P., Shi,P.-Y.",2008-04-10,2015-01-17,ssRNA(+)
KC762635,Dengue virus 1,Orthoflavivirus denguei,1,MKS-0088,10735,complete,Indonesia: Makassar,Homo sapiens,blood,"Sasmono,R.T., Wahid,I., Trimarsanto,H., Yohan,B., Wahyuni,S., Hertanto,M., Yusuf,I., Mubin,H., Ganda,I.J., Latief,R., Bifani,P.J., Shi,P.Y., Schreiber,M.J., Sasmono,T., Bifani,P., Shi,P.-Y.",2007-10-03,2015-01-17,ssRNA(+)
KC762636,Dengue virus 1,Orthoflavivirus denguei,1,MKS-0080,10735,complete,Indonesia: Makassar,Homo sapiens,blood,"Sasmono,R.T., Wahid,I., Trimarsanto,H., Yohan,B., Wahyuni,S., Hertanto,M., Yusuf,I., Mubin,H., Ganda,I.J., Latief,R., Bifani,P.J., Shi,P.Y., Schreiber,M.J., Sasmono,T., Bifani,P., Shi,P.-Y.",2007-09-27,2015-01-17,ssRNA(+)
KC762637,Dengue virus 1,Orthoflavivirus denguei,1,MKS-0352,10735,complete,Indonesia: Makassar,Homo sapiens,blood,"Sasmono,R.T., Wahid,I., Trimarsanto,H., Yohan,B., Wahyuni,S., Hertanto,M., Yusuf,I., Mubin,H., Ganda,I.J., Latief,R., Bifani,P.J., Shi,P.Y., Schreiber,M.J., Sasmono,T., Bifani,P., Shi,P.-Y.",2007-12-11,2015-01-17,ssRNA(+)
KC762638,Dengue virus 1,Orthoflavivirus denguei,1,MKS-2004,10735,complete,Indonesia: Makassar,Homo sapiens,blood,"Sasmono,R.T., Wahid,I., Trimarsanto,H., Yohan,B., Wahyuni,S., Hertanto,M., Yusuf,I., Mubin,H., Ganda,I.J., Latief,R., Bifani,P.J., Shi,P.Y., Schreiber,M.J., Sasmono,T., Bifani,P., Shi,P.-Y.",2008-02-06,2015-01-17,ssRNA(+)
KC762639,Dengue virus 1,Orthoflavivirus denguei,1,MKS-WS81,10735,complete,Indonesia: Makassar,Homo sapiens,blood,"Sasmono,R.T., Wahid,I., Trimarsanto,H., Yohan,B., Wahyuni,S., Hertanto,M., Yusuf,I., Mubin,H., Ganda,I.J., Latief,R., Bifani,P.J., Shi,P.Y., Schreiber,M.J., Sasmono,T., Bifani,P., Shi,P.-Y.",2010-04-06,2015-01-17,ssRNA(+)
KC762640,Dengue virus 1,Orthoflavivirus denguei,1,MKS-2029,10735,complete,Indonesia: Makassar,Homo sapiens,blood,"Sasmono,R.T., Wahid,I., Trimarsanto,H., Yohan,B., Wahyuni,S., Hertanto,M., Yusuf,I., Mubin,H., Ganda,I.J., Latief,R., Bifani,P.J., Shi,P.Y., Schreiber,M.J., Sasmono,T., Bifani,P., Shi,P.-Y.",2008-08-04,2015-01-17,ssRNA(+)
KC762641,Dengue virus 1,Orthoflavivirus denguei,1,MKS-2147,10735,complete,Indonesia: Makassar,Homo sapiens,blood,"Sasmono,R.T., Wahid,I., Trimarsanto,H., Yohan,B., Wahyuni,S., Hertanto,M., Yusuf,I., Mubin,H., Ganda,I.J., Latief,R., Bifani,P.J., Shi,P.Y., Schreiber,M.J., Sasmono,T., Bifani,P., Shi,P.-Y.",2008-02-25,2015-01-17,ssRNA(+)
KC762642,Dengue virus 1,Orthoflavivirus denguei,1,MKS-WS88,10735,complete,Indonesia: Makassar,Homo sapiens,blood,"Sasmono,R.T., Wahid,I., Trimarsanto,H., Yohan,B., Wahyuni,S., Hertanto,M., Yusuf,I., Mubin,H., Ganda,I.J., Latief,R., Bifani,P.J., Shi,P.Y., Schreiber,M.J., Sasmono,T., Bifani,P., Shi,P.-Y.",2010-07-08,2015-01-17,ssRNA(+)
KC762643,Dengue virus 1,Orthoflavivirus denguei,1,MKS-0398,10735,complete,Indonesia: Makassar,Homo sapiens,blood,"Sasmono,R.T., Wahid,I., Trimarsanto,H., Yohan,B., Wahyuni,S., Hertanto,M., Yusuf,I., Mubin,H., Ganda,I.J., Latief,R., Bifani,P.J., Shi,P.Y., Schreiber,M.J., Sasmono,T., Bifani,P., Shi,P.-Y.",2008-02-15,2015-01-17,ssRNA(+)
KC762644,Dengue virus 1,Orthoflavivirus denguei,1,MKS-2094,10735,complete,Indonesia: Makassar,Homo sapiens,blood,"Sasmono,R.T., Wahid,I., Trimarsanto,H., Yohan,B., Wahyuni,S., Hertanto,M., Yusuf,I., Mubin,H., Ganda,I.J., Latief,R., Bifani,P.J., Shi,P.Y., Schreiber,M.J., Sasmono,T., Bifani,P., Shi,P.-Y.",2008-02-06,2015-01-17,ssRNA(+)
KC762645,Dengue virus 1,Orthoflavivirus denguei,1,MKS-2040,10735,complete,Indonesia: Makassar,Homo sapiens,blood,"Sasmono,R.T., Wahid,I., Trimarsanto,H., Yohan,B., Wahyuni,S., Hertanto,M., Yusuf,I., Mubin,H., Ganda,I.J., Latief,R., Bifani,P.J., Shi,P.Y., Schreiber,M.J., Sasmono,T., Bifani,P., Shi,P.-Y.",2008-02-15,2015-01-17,ssRNA(+)
KC762646,Dengue virus 1,Orthoflavivirus denguei,1,MKS-0344,10735,complete,Indonesia: Makassar,Homo sapiens,blood,"Sasmono,R.T., Wahid,I., Trimarsanto,H., Yohan,B., Wahyuni,S., Hertanto,M., Yusuf,I., Mubin,H., Ganda,I.J., Latief,R., Bifani,P.J., Shi,P.Y., Schreiber,M.J., Sasmono,T., Bifani,P., Shi,P.-Y.",2007-08-08,2015-01-17,ssRNA(+)
KC762647,Dengue virus 1,Orthoflavivirus denguei,1,MKS-WS72,10735,complete,Indonesia: Makassar,Homo sapiens,blood,"Sasmono,R.T., Wahid,I., Trimarsanto,H., Yohan,B., Wahyuni,S., Hertanto,M., Yusuf,I., Mubin,H., Ganda,I.J., Latief,R., Bifani,P.J., Shi,P.Y., Schreiber,M.J., Sasmono,T., Bifani,P., Shi,P.-Y.",2010-03-03,2015-01-17,ssRNA(+)
KC762648,Dengue virus 1,Orthoflavivirus denguei,1,MKS-2194,10735,complete,Indonesia: Makassar,Homo sapiens,blood,"Sasmono,R.T., Wahid,I., Trimarsanto,H., Yohan,B., Wahyuni,S., Hertanto,M., Yusuf,I., Mubin,H., Ganda,I.J., Latief,R., Bifani,P.J., Shi,P.Y., Schreiber,M.J., Sasmono,T., Bifani,P., Shi,P.-Y.",2008-04-07,2015-01-17,ssRNA(+)
KC762649,Dengue virus 1,Orthoflavivirus denguei,1,MKS-0055,10735,complete,Indonesia: Makassar,Homo sapiens,blood,"Sasmono,R.T., Wahid,I., Trimarsanto,H., Yohan,B., Wahyuni,S., Hertanto,M., Yusuf,I., Mubin,H., Ganda,I.J., Latief,R., Bifani,P.J., Shi,P.Y., Schreiber,M.J., Sasmono,T., Bifani,P., Shi,P.-Y.",2007-07-05,2015-01-17,ssRNA(+)
KC762650,Dengue virus 1,Orthoflavivirus denguei,1,MKS-0109,10735,complete,Indonesia: Makassar,Homo sapiens,blood,"Sasmono,R.T., Wahid,I., Trimarsanto,H., Yohan,B., Wahyuni,S., Hertanto,M., Yusuf,I., Mubin,H., Ganda,I.J., Latief,R., Bifani,P.J., Shi,P.Y., Schreiber,M.J., Sasmono,T., Bifani,P., Shi,P.-Y.",2007-06-13,2015-01-17,ssRNA(+)
KC762651,Dengue virus 1,Orthoflavivirus denguei,1,MKS-0483,10735,complete,Indonesia: Makassar,Homo sapiens,blood,"Sasmono,R.T., Wahid,I., Trimarsanto,H., Yohan,B., Wahyuni,S., Hertanto,M., Yusuf,I., Mubin,H., Ganda,I.J., Latief,R., Bifani,P.J., Shi,P.Y., Schreiber,M.J., Sasmono,T., Bifani,P., Shi,P.-Y.",2007-12-11,2015-01-17,ssRNA(+)
KC762652,Dengue virus 1,Orthoflavivirus denguei,1,MKS-1001,10735,complete,Indonesia: Makassar,Homo sapiens,blood,"Sasmono,R.T., Wahid,I., Trimarsanto,H., Yohan,B., Wahyuni,S., Hertanto,M., Yusuf,I., Mubin,H., Ganda,I.J., Latief,R., Bifani,P.J., Shi,P.Y., Schreiber,M.J., Sasmono,T., Bifani,P., Shi,P.-Y.",2008-04-04,2015-01-17,ssRNA(+)
KC762653,Dengue virus 1,Orthoflavivirus denguei,1,MKS-0486,10735,complete,Indonesia: Makassar,Homo sapiens,blood,"Sasmono,R.T., Wahid,I., Trimarsanto,H., Yohan,B., Wahyuni,S., Hertanto,M., Yusuf,I., Mubin,H., Ganda,I.J., Latief,R., Bifani,P.J., Shi,P.Y., Schreiber,M.J., Sasmono,T., Bifani,P., Shi,P.-Y.",2008-02-01,2015-01-17,ssRNA(+)
KC762654,Dengue virus 1,Orthoflavivirus denguei,1,MKS-0077,10735,complete,Indonesia: Makassar,Homo sapiens,blood,"Sasmono,R.T., Wahid,I., Trimarsanto,H., Yohan,B., Wahyuni,S., Hertanto,M., Yusuf,I., Mubin,H., Ganda,I.J., Latief,R., Bifani,P.J., Shi,P.Y., Schreiber,M.J., Sasmono,T., Bifani,P., Shi,P.-Y.",2007-07-24,2015-01-17,ssRNA(+)
KC762655,Dengue virus 2,Orthoflavivirus denguei,2,MKS-0417,10723,complete,Indonesia: Makassar,Homo sapiens,blood,"Sasmono,R.T., Wahid,I., Trimarsanto,H., Yohan,B., Wahyuni,S., Hertanto,M., Yusuf,I., Mubin,H., Ganda,I.J., Latief,R., Bifani,P.J., Shi,P.Y., Schreiber,M.J., Sasmono,T., Bifani,P., Shi,P.-Y.",2007-09-27,2015-01-17,ssRNA(+)
KC762656,Dengue virus 2,Orthoflavivirus denguei,2,MKS-0502,10723,complete,Indonesia: Makassar,Homo sapiens,blood,"Sasmono,R.T., Wahid,I., Trimarsanto,H., Yohan,B., Wahyuni,S., Hertanto,M., Yusuf,I., Mubin,H., Ganda,I.J., Latief,R., Bifani,P.J., Shi,P.Y., Schreiber,M.J., Sasmono,T., Bifani,P., Shi,P.-Y.",2007-12-11,2015-01-17,ssRNA(+)
KC762657,Dengue virus 2,Orthoflavivirus denguei,2,MKS-2234,10723,complete,Indonesia: Makassar,Homo sapiens,blood,"Sasmono,R.T., Wahid,I., Trimarsanto,H., Yohan,B., Wahyuni,S., Hertanto,M., Yusuf,I., Mubin,H., Ganda,I.J., Latief,R., Bifani,P.J., Shi,P.Y., Schreiber,M.J., Sasmono,T., Bifani,P., Shi,P.-Y.",2008-04-23,2015-01-17,ssRNA(+)
KC762658,Dengue virus 2,Orthoflavivirus denguei,2,MKS-0082,10723,complete,Indonesia: Makassar,Homo sapiens,blood,"Sasmono,R.T., Wahid,I., Trimarsanto,H., Yohan,B., Wahyuni,S., Hertanto,M., Yusuf,I., Mubin,H., Ganda,I.J., Latief,R., Bifani,P.J., Shi,P.Y., Schreiber,M.J., Sasmono,T., Bifani,P., Shi,P.-Y.",2007-08-14,2015-01-17,ssRNA(+)
KC762659,Dengue virus 2,Orthoflavivirus denguei,2,MKS-2210,10723,complete,Indonesia: Makassar,Homo sapiens,blood,"Sasmono,R.T., Wahid,I., Trimarsanto,H., Yohan,B., Wahyuni,S., Hertanto,M., Yusuf,I., Mubin,H., Ganda,I.J., Latief,R., Bifani,P.J., Shi,P.Y., Schreiber,M.J., Sasmono,T., Bifani,P., Shi,P.-Y.",2008-04-15,2015-01-17,ssRNA(+)
KC762660,Dengue virus 2,Orthoflavivirus denguei,2,MKS-0084,10723,complete,Indonesia: Makassar,Homo sapiens,blood,"Sasmono,R.T., Wahid,I., Trimarsanto,H., Yohan,B., Wahyuni,S., Hertanto,M., Yusuf,I., Mubin,H., Ganda,I.J., Latief,R., Bifani,P.J., Shi,P.Y., Schreiber,M.J., Sasmono,T., Bifani,P., Shi,P.-Y.",2007-11-21,2015-01-17,ssRNA(+)
KC762661,Dengue virus 2,Orthoflavivirus denguei,2,MKS-0412,10723,complete,Indonesia: Makassar,Homo sapiens,blood,"Sasmono,R.T., Wahid,I., Trimarsanto,H., Yohan,B., Wahyuni,S., Hertanto,M., Yusuf,I., Mubin,H., Ganda,I.J., Latief,R., Bifani,P.J., Shi,P.Y., Schreiber,M.J., Sasmono,T., Bifani,P., Shi,P.-Y.",2007-09-24,2015-01-17,ssRNA(+)
KC762662,Dengue virus 2,Orthoflavivirus denguei,2,MKS-0297,10723,complete,Indonesia: Makassar,Homo sapiens,blood,"Sasmono,R.T., Wahid,I., Trimarsanto,H., Yohan,B., Wahyuni,S., Hertanto,M., Yusuf,I., Mubin,H., Ganda,I.J., Latief,R., Bifani,P.J., Shi,P.Y., Schreiber,M.J., Sasmono,T., Bifani,P., Shi,P.-Y.",2007-11-21,2015-01-17,ssRNA(+)
KC762663,Dengue virus 2,Orthoflavivirus denguei,2,MKS-2024,10723,complete,Indonesia: Makassar,Homo sapiens,blood,"Sasmono,R.T., Wahid,I., Trimarsanto,H., Yohan,B., Wahyuni,S., Hertanto,M., Yusuf,I., Mubin,H., Ganda,I.J., Latief,R., Bifani,P.J., Shi,P.Y., Schreiber,M.J., Sasmono,T., Bifani,P., Shi,P.-Y.",2008-02-20,2015-01-17,ssRNA(+)
KC762664,Dengue virus 2,Orthoflavivirus denguei,2,MKS-2145,10723,complete,Indonesia: Makassar,Homo sapiens,blood,"Sasmono,R.T., Wahid,I., Trimarsanto,H., Yohan,B., Wahyuni,S., Hertanto,M., Yusuf,I., Mubin,H., Ganda,I.J., Latief,R., Bifani,P.J., Shi,P.Y., Schreiber,M.J., Sasmono,T., Bifani,P., Shi,P.-Y.",2008-03-28,2015-01-17,ssRNA(+)
KC762665,Dengue virus 2,Orthoflavivirus denguei,2,MKS-0068,10723,complete,Indonesia: Makassar,Homo sapiens,blood,"Sasmono,R.T., Wahid,I., Trimarsanto,H., Yohan,B., Wahyuni,S., Hertanto,M., Yusuf,I., Mubin,H., Ganda,I.J., Latief,R., Bifani,P.J., Shi,P.Y., Schreiber,M.J., Sasmono,T., Bifani,P., Shi,P.-Y.",2007-07-06,2015-01-17,ssRNA(+)
KC762666,Dengue virus 2,Orthoflavivirus denguei,2,MKS-3007,10723,complete,Indonesia: Makassar,Homo sapiens,blood,"Sasmono,R.T., Wahid,I., Trimarsanto,H., Yohan,B., Wahyuni,S., Hertanto,M., Yusuf,I., Mubin,H., Ganda,I.J., Latief,R., Bifani,P.J., Shi,P.Y., Schreiber,M.J., Sasmono,T., Bifani,P., Shi,P.-Y.",2008-02-15,2015-01-17,ssRNA(+)
KC762667,Dengue virus 2,Orthoflavivirus denguei,2,MKS-2204,10723,complete,Indonesia: Makassar,Homo sapiens,blood,"Sasmono,R.T., Wahid,I., Trimarsanto,H., Yohan,B., Wahyuni,S., Hertanto,M., Yusuf,I., Mubin,H., Ganda,I.J., Latief,R., Bifani,P.J., Shi,P.Y., Schreiber,M.J., Sasmono,T., Bifani,P., Shi,P.-Y.",2008-04-12,2015-01-17,ssRNA(+)
KC762668,Dengue virus 2,Orthoflavivirus denguei,2,MKS-IF014,10723,complete,Indonesia: Makassar,Homo sapiens,blood,"Sasmono,R.T., Wahid,I., Trimarsanto,H., Yohan,B., Wahyuni,S., Hertanto,M., Yusuf,I., Mubin,H., Ganda,I.J., Latief,R., Bifani,P.J., Shi,P.Y., Schreiber,M.J., Sasmono,T., Bifani,P., Shi,P.-Y.",2008-03-11,2015-01-17,ssRNA(+)
KC762669,Dengue virus 2,Orthoflavivirus denguei,2,MKS-0071,10723,complete,Indonesia: Makassar,Homo sapiens,blood,"Sasmono,R.T., Wahid,I., Trimarsanto,H., Yohan,B., Wahyuni,S., Hertanto,M., Yusuf,I., Mubin,H., Ganda,I.J., Latief,R., Bifani,P.J., Shi,P.Y., Schreiber,M.J., Sasmono,T., Bifani,P., Shi,P.-Y.",2007-07-17,2015-01-17,ssRNA(+)
KC762670,Dengue virus 2,Orthoflavivirus denguei,2,MKS-0091,10723,complete,Indonesia: Makassar,Homo sapiens,blood,"Sasmono,R.T., Wahid,I., Trimarsanto,H., Yohan,B., Wahyuni,S., Hertanto,M., Yusuf,I., Mubin,H., Ganda,I.J., Latief,R., Bifani,P.J., Shi,P.Y., Schreiber,M.J., Sasmono,T., Bifani,P., Shi,P.-Y.",2007-12-11,2015-01-17,ssRNA(+)
KC762671,Dengue virus 2,Orthoflavivirus denguei,2,MKS-2108,10723,complete,Indonesia: Makassar,Homo sapiens,blood,"Sasmono,R.T., Wahid,I., Trimarsanto,H., Yohan,B., Wahyuni,S., Hertanto,M., Yusuf,I., Mubin,H., Ganda,I.J., Latief,R., Bifani,P.J., Shi,P.Y., Schreiber,M.J., Sasmono,T., Bifani,P., Shi,P.-Y.",2008-02-19,2015-01-17,ssRNA(+)
KC762672,Dengue virus 2,Orthoflavivirus denguei,2,MKS-2198,10723,complete,Indonesia: Makassar,Homo sapiens,blood,"Sasmono,R.T., Wahid,I., Trimarsanto,H., Yohan,B., Wahyuni,S., Hertanto,M., Yusuf,I., Mubin,H., Ganda,I.J., Latief,R., Bifani,P.J., Shi,P.Y., Schreiber,M.J., Sasmono,T., Bifani,P., Shi,P.-Y.",2008-04-09,2015-01-17,ssRNA(+)
KC762673,Dengue virus 2,Orthoflavivirus denguei,2,MKS-2018,10723,complete,Indonesia: Makassar,Homo sapiens,blood,"Sasmono,R.T., Wahid,I., Trimarsanto,H., Yohan,B., Wahyuni,S., Hertanto,M., Yusuf,I., Mubin,H., Ganda,I.J., Latief,R., Bifani,P.J., Shi,P.Y., Schreiber,M.J., Sasmono,T., Bifani,P., Shi,P.-Y.",2008-03-11,2015-01-17,ssRNA(+)
KC762674,Dengue virus 2,Orthoflavivirus denguei,2,MKS-2167,10723,complete,Indonesia: Makassar,Homo sapiens,blood,"Sasmono,R.T., Wahid,I., Trimarsanto,H., Yohan,B., Wahyuni,S., Hertanto,M., Yusuf,I., Mubin,H., Ganda,I.J., Latief,R., Bifani,P.J., Shi,P.Y., Schreiber,M.J., Sasmono,T., Bifani,P., Shi,P.-Y.",2008-03-11,2015-01-17,ssRNA(+)
KC762675,Dengue virus 2,Orthoflavivirus denguei,2,MKS-2032,10723,complete,Indonesia: Makassar,Homo sapiens,blood,"Sasmono,R.T., Wahid,I., Trimarsanto,H., Yohan,B., Wahyuni,S., Hertanto,M., Yusuf,I., Mubin,H., Ganda,I.J., Latief,R., Bifani,P.J., Shi,P.Y., Schreiber,M.J., Sasmono,T., Bifani,P., Shi,P.-Y.",2008-03-08,2015-01-17,ssRNA(+)
KC762676,Dengue virus 2,Orthoflavivirus denguei,2,MKS-0099,10723,complete,Indonesia: Makassar,Homo sapiens,blood,"Sasmono,R.T., Wahid,I., Trimarsanto,H., Yohan,B., Wahyuni,S., Hertanto,M., Yusuf,I., Mubin,H., Ganda,I.J., Latief,R., Bifani,P.J., Shi,P.Y., Schreiber,M.J., Sasmono,T., Bifani,P., Shi,P.-Y.",2007-07-17,2015-01-17,ssRNA(+)
KC762677,Dengue virus 2,Orthoflavivirus denguei,2,MKS-IF011,10723,complete,Indonesia: Makassar,Homo sapiens,blood,"Sasmono,R.T., Wahid,I., Trimarsanto,H., Yohan,B., Wahyuni,S., Hertanto,M., Yusuf,I., Mubin,H., Ganda,I.J., Latief,R., Bifani,P.J., Shi,P.Y., Schreiber,M.J., Sasmono,T., Bifani,P., Shi,P.-Y.",2008-02-15,2015-01-17,ssRNA(+)
KC762678,Dengue virus 2,Orthoflavivirus denguei,2,MKS-WS73,10723,complete,Indonesia: Makassar,Homo sapiens,blood,"Sasmono,R.T., Wahid,I., Trimarsanto,H., Yohan,B., Wahyuni,S., Hertanto,M., Yusuf,I., Mubin,H., Ganda,I.J., Latief,R., Bifani,P.J., Shi,P.Y., Schreiber,M.J., Sasmono,T., Bifani,P., Shi,P.-Y.",2010-03-04,2015-01-17,ssRNA(+)
KC762679,Dengue virus 2,Orthoflavivirus denguei,2,MKS-WS79a,10723,complete,Indonesia: Makassar,Homo sapiens,blood,"Sasmono,R.T., Wahid,I., Trimarsanto,H., Yohan,B., Wahyuni,S., Hertanto,M., Yusuf,I., Mubin,H., Ganda,I.J., Latief,R., Bifani,P.J., Shi,P.Y., Schreiber,M.J., Sasmono,T., Bifani,P., Shi,P.-Y.",2010-03-29,2015-01-17,ssRNA(+)
KC762680,Dengue virus 2,Orthoflavivirus denguei,2,MKS-WS80,10723,complete,Indonesia: Makassar,Homo sapiens,blood,"Sasmono,R.T., Wahid,I., Trimarsanto,H., Yohan,B., Wahyuni,S., Hertanto,M., Yusuf,I., Mubin,H., Ganda,I.J., Latief,R., Bifani,P.J., Shi,P.Y., Schreiber,M.J., Sasmono,T., Bifani,P., Shi,P.-Y.",2010-04-05,2015-01-17,ssRNA(+)
KC762681,Dengue virus 3,Orthoflavivirus denguei,3,MKS-0057,10707,complete,Indonesia: Makassar,Homo sapiens,blood,"Sasmono,R.T., Wahid,I., Trimarsanto,H., Yohan,B., Wahyuni,S., Hertanto,M., Yusuf,I., Mubin,H., Ganda,I.J., Latief,R., Bifani,P.J., Shi,P.Y., Schreiber,M.J., Sasmono,T., Bifani,P., Shi,P.-Y.",2007-06-22,2015-01-17,ssRNA(+)
KC762682,Dengue virus 3,Orthoflavivirus denguei,3,MKS-0076,10707,complete,Indonesia: Makassar,Homo sapiens,blood,"Sasmono,R.T., Wahid,I., Trimarsanto,H., Yohan,B., Wahyuni,S., Hertanto,M., Yusuf,I., Mubin,H., Ganda,I.J., Latief,R., Bifani,P.J., Shi,P.Y., Schreiber,M.J., Sasmono,T., Bifani,P., Shi,P.-Y.",2007-07-26,2015-01-17,ssRNA(+)
KC762683,Dengue virus 3,Orthoflavivirus denguei,3,MKS-0079,10707,complete,Indonesia: Makassar,Homo sapiens,blood,"Sasmono,R.T., Wahid,I., Trimarsanto,H., Yohan,B., Wahyuni,S., Hertanto,M., Yusuf,I., Mubin,H., Ganda,I.J., Latief,R., Bifani,P.J., Shi,P.Y., Schreiber,M.J., Sasmono,T., Bifani,P., Shi,P.-Y.",2007-07-26,2015-01-17,ssRNA(+)
KC762684,Dengue virus 3,Orthoflavivirus denguei,3,MKS-0098,10698,complete,Indonesia: Makassar,Homo sapiens,blood,"Sasmono,R.T., Wahid,I., Trimarsanto,H., Yohan,B., Wahyuni,S., Hertanto,M., Yusuf,I., Mubin,H., Ganda,I.J., Latief,R., Bifani,P.J., Shi,P.Y., Schreiber,M.J., Sasmono,T., Bifani,P., Shi,P.-Y.",2007-07-10,2015-01-17,ssRNA(+)
KC762685,Dengue virus 3,Orthoflavivirus denguei,3,MKS-0388,10707,complete,Indonesia: Makassar,Homo sapiens,blood,"Sasmono,R.T., Wahid,I., Trimarsanto,H., Yohan,B., Wahyuni,S., Hertanto,M., Yusuf,I., Mubin,H., Ganda,I.J., Latief,R., Bifani,P.J., Shi,P.Y., Schreiber,M.J., Sasmono,T., Bifani,P., Shi,P.-Y.",2008-02-15,2015-01-17,ssRNA(+)
KC762686,Dengue virus 3,Orthoflavivirus denguei,3,MKS-0172,10707,complete,Indonesia: Makassar,Homo sapiens,blood,"Sasmono,R.T., Wahid,I., Trimarsanto,H., Yohan,B., Wahyuni,S., Hertanto,M., Yusuf,I., Mubin,H., Ganda,I.J., Latief,R., Bifani,P.J., Shi,P.Y., Schreiber,M.J., Sasmono,T., Bifani,P., Shi,P.-Y.",2007-07-02,2015-01-17,ssRNA(+)
KC762687,Dengue virus 3,Orthoflavivirus denguei,3,MKS-0396,10707,complete,Indonesia: Makassar,Homo sapiens,blood,"Sasmono,R.T., Wahid,I., Trimarsanto,H., Yohan,B., Wahyuni,S., Hertanto,M., Yusuf,I., Mubin,H., Ganda,I.J., Latief,R., Bifani,P.J., Shi,P.Y., Schreiber,M.J., Sasmono,T., Bifani,P., Shi,P.-Y.",2008-02-15,2015-01-17,ssRNA(+)
KC762688,Dengue virus 3,Orthoflavivirus denguei,3,MKS-2006,10707,complete,Indonesia: Makassar,Homo sapiens,blood,"Sasmono,R.T., Wahid,I., Trimarsanto,H., Yohan,B., Wahyuni,S., Hertanto,M., Yusuf,I., Mubin,H., Ganda,I.J., Latief,R., Bifani,P.J., Shi,P.Y., Schreiber,M.J., Sasmono,T., Bifani,P., Shi,P.-Y.",2008-04-30,2015-01-17,ssRNA(+)
KC762689,Dengue virus 3,Orthoflavivirus denguei,3,MKS-2065,10707,complete,Indonesia: Makassar,Homo sapiens,blood,"Sasmono,R.T., Wahid,I., Trimarsanto,H., Yohan,B., Wahyuni,S., Hertanto,M., Yusuf,I., Mubin,H., Ganda,I.J., Latief,R., Bifani,P.J., Shi,P.Y., Schreiber,M.J., Sasmono,T., Bifani,P., Shi,P.-Y.",2008-02-15,2015-01-17,ssRNA(+)
KC762690,Dengue virus 3,Orthoflavivirus denguei,3,MKS-3000,10709,complete,Indonesia: Makassar,Homo sapiens,blood,"Sasmono,R.T., Wahid,I., Trimarsanto,H., Yohan,B., Wahyuni,S., Hertanto,M., Yusuf,I., Mubin,H., Ganda,I.J., Latief,R., Bifani,P.J., Shi,P.Y., Schreiber,M.J., Sasmono,T., Bifani,P., Shi,P.-Y.",2008-08-26,2015-01-17,ssRNA(+)
KC762691,Dengue virus 3,Orthoflavivirus denguei,3,MKS-IF058,10707,complete,Indonesia: Makassar,Homo sapiens,blood,"Sasmono,R.T., Wahid,I., Trimarsanto,H., Yohan,B., Wahyuni,S., Hertanto,M., Yusuf,I., Mubin,H., Ganda,I.J., Latief,R., Bifani,P.J., Shi,P.Y., Schreiber,M.J., Sasmono,T., Bifani,P., Shi,P.-Y.",2008-04-10,2015-01-17,ssRNA(+)
KC762692,Dengue virus 3,Orthoflavivirus denguei,3,MKS-WS78,10707,complete,Indonesia: Makassar,Homo sapiens,blood,"Sasmono,R.T., Wahid,I., Trimarsanto,H., Yohan,B., Wahyuni,S., Hertanto,M., Yusuf,I., Mubin,H., Ganda,I.J., Latief,R., Bifani,P.J., Shi,P.Y., Schreiber,M.J., Sasmono,T., Bifani,P., Shi,P.-Y.",2010-03-22,2015-01-17,ssRNA(+)
KC762693,Dengue virus 3,Orthoflavivirus denguei,3,MKS-WS79b,10707,complete,Indonesia: Makassar,Homo sapiens,blood,"Sasmono,R.T., Wahid,I., Trimarsanto,H., Yohan,B., Wahyuni,S., Hertanto,M., Yusuf,I., Mubin,H., Ganda,I.J., Latief,R., Bifani,P.J., Shi,P.Y., Schreiber,M.J., Sasmono,T., Bifani,P., Shi,P.-Y.",2010-03-29,2015-01-17,ssRNA(+)
KC762694,Dengue virus 4,Orthoflavivirus denguei,4,MKS-0033,10636,complete,Indonesia: Makassar,Homo sapiens,blood,"Sasmono,R.T., Wahid,I., Trimarsanto,H., Yohan,B., Wahyuni,S., Hertanto,M., Yusuf,I., Mubin,H., Ganda,I.J., Latief,R., Bifani,P.J., Shi,P.Y., Schreiber,M.J., Sasmono,T., Bifani,P., Shi,P.-Y.",2007-05-30,2015-01-17,ssRNA(+)
KC762695,Dengue virus 4,Orthoflavivirus denguei,4,MKS-0070,10619,complete,Indonesia: Makassar,Homo sapiens,blood,"Sasmono,R.T., Wahid,I., Trimarsanto,H., Yohan,B., Wahyuni,S., Hertanto,M., Yusuf,I., Mubin,H., Ganda,I.J., Latief,R., Bifani,P.J., Shi,P.Y., Schreiber,M.J., Sasmono,T., Bifani,P., Shi,P.-Y.",2007-07-09,2015-01-17,ssRNA(+)
KC762696,Dengue virus 4,Orthoflavivirus denguei,4,MKS-0252,10653,complete,Indonesia: Makassar,Homo sapiens,blood,"Sasmono,R.T., Wahid,I., Trimarsanto,H., Yohan,B., Wahyuni,S., Hertanto,M., Yusuf,I., Mubin,H., Ganda,I.J., Latief,R., Bifani,P.J., Shi,P.Y., Schreiber,M.J., Sasmono,T., Bifani,P., Shi,P.-Y.",2007-08-13,2015-01-17,ssRNA(+)
KC762697,Dengue virus 4,Orthoflavivirus denguei,4,MKS-0706,10653,complete,Indonesia: Makassar,Homo sapiens,blood,"Sasmono,R.T., Wahid,I., Trimarsanto,H., Yohan,B., Wahyuni,S., Hertanto,M., Yusuf,I., Mubin,H., Ganda,I.J., Latief,R., Bifani,P.J., Shi,P.Y., Schreiber,M.J., Sasmono,T., Bifani,P., Shi,P.-Y.",2007-12-11,2015-01-17,ssRNA(+)
KC762698,Dengue virus 4,Orthoflavivirus denguei,4,MKS-2007,10653,complete,Indonesia: Makassar,Homo sapiens,blood,"Sasmono,R.T., Wahid,I., Trimarsanto,H., Yohan,B., Wahyuni,S., Hertanto,M., Yusuf,I., Mubin,H., Ganda,I.J., Latief,R., Bifani,P.J., Shi,P.Y., Schreiber,M.J., Sasmono,T., Bifani,P., Shi,P.-Y.",2008-04-30,2015-01-17,ssRNA(+)
KC762699,Dengue virus 4,Orthoflavivirus denguei,4,MKS-2139,10641,complete,Indonesia: Makassar,Homo sapiens,blood,"Sasmono,R.T., Wahid,I., Trimarsanto,H., Yohan,B., Wahyuni,S., Hertanto,M., Yusuf,I., Mubin,H., Ganda,I.J., Latief,R., Bifani,P.J., Shi,P.Y., Schreiber,M.J., Sasmono,T., Bifani,P., Shi,P.-Y.",2008-03-28,2015-01-17,ssRNA(+)
KJ545437,dengue virus type I,Orthoflavivirus denguei,,China/GD-D13038(Zhongshan),1524,complete,China,Homo sapiens,blood,"Wu,D., Zhou,H., Zhang,H., Kou,J., Peng,Z., Ke,C., Lin,J.",2013,2014-05-25,ssRNA(+)
KJ545438,dengue virus type I,Orthoflavivirus denguei,,China/GD-D13040(Zhongshan),1524,complete,China,Homo sapiens,blood,"Wu,D., Zhou,H., Zhang,H., Kou,J., Peng,Z., Ke,C., Lin,J.",2013,2014-05-25,ssRNA(+)
KJ545440,Dengue virus type 4,Orthoflavivirus denguei,,China/GD-D10166(Guandong),1517,complete,China,Homo sapiens,blood,"Wu,D., Zhou,H., Zhang,H., Kou,J., Peng,Z., Ke,C., Lin,J.",2010,2014-05-25,ssRNA(+)
KJ545442,Dengue virus type 3,Orthoflavivirus denguei,,China/GD-D13146(Foshan),1696,complete,China,Homo sapiens,blood,"Wu,D., Zhou,H., Zhang,H., Kou,J., Peng,Z., Ke,C., Lin,J.",2013,2014-05-25,ssRNA(+)
KJ545443,dengue virus type I,Orthoflavivirus denguei,,China/GD-D13232(Jiangmen),1538,complete,China,Homo sapiens,blood,"Wu,D., Zhou,H., Zhang,H., Kou,J., Peng,Z., Ke,C., Lin,J.",2013,2014-05-25,ssRNA(+)
KJ545444,dengue virus type I,Orthoflavivirus denguei,,China/GD-D13227(Jiangmen),1530,complete,China,Homo sapiens,blood,"Wu,D., Zhou,H., Zhang,H., Kou,J., Peng,Z., Ke,C., Lin,J.",2013,2014-05-25,ssRNA(+)
KJ545447,dengue virus type I,Orthoflavivirus denguei,,China/GD-D13157(Zhuhai),1533,complete,China,Homo sapiens,blood,"Wu,D., Zhou,H., Zhang,H., Kou,J., Peng,Z., Ke,C., Lin,J.",2013,2014-05-25,ssRNA(+)
KJ545448,dengue virus type I,Orthoflavivirus denguei,,China/GD-D13156(Zhuhai),1533,complete,China,Homo sapiens,blood,"Wu,D., Zhou,H., Zhang,H., Kou,J., Peng,Z., Ke,C., Lin,J.",2013,2014-05-25,ssRNA(+)
KJ545449,dengue virus type I,Orthoflavivirus denguei,,China/GD-D13176(Foshan),1531,complete,China,Homo sapiens,blood,"Wu,D., Zhou,H., Zhang,H., Kou,J., Peng,Z., Ke,C., Lin,J.",2013,2014-05-25,ssRNA(+)
KJ545450,dengue virus type I,Orthoflavivirus denguei,,China/GD-D12037(Zhuhai),1532,complete,China,Homo sapiens,blood,"Wu,D., Zhou,H., Zhang,H., Kou,J., Peng,Z., Ke,C., Lin,J.",2012,2014-05-25,ssRNA(+)
KJ545451,Dengue virus type 2,Orthoflavivirus denguei,,China/GD-D13113(Philippines),1618,complete,China,Homo sapiens,blood,"Wu,D., Zhou,H., Zhang,H., Kou,J., Peng,Z., Ke,C., Lin,J.",2013,2014-05-25,ssRNA(+)
KJ545452,dengue virus type I,Orthoflavivirus denguei,,China/GD-D13012(Foshan),1534,complete,China,Homo sapiens,blood,"Wu,D., Zhou,H., Zhang,H., Kou,J., Peng,Z., Ke,C., Lin,J.",2013,2014-05-25,ssRNA(+)
KJ545453,dengue virus type I,Orthoflavivirus denguei,,China/GD-D13004(Thailand),1533,complete,China,Homo sapiens,blood,"Wu,D., Zhou,H., Zhang,H., Kou,J., Peng,Z., Ke,C., Lin,J.",2013,2014-05-25,ssRNA(+)
KJ545454,dengue virus type I,Orthoflavivirus denguei,,China/GD-D13003(Thailand),1534,complete,China,Homo sapiens,blood,"Wu,D., Zhou,H., Zhang,H., Kou,J., Peng,Z., Ke,C., Lin,J.",2013,2014-05-25,ssRNA(+)
KJ545455,dengue virus type I,Orthoflavivirus denguei,,China/GD-D13001(Thailand),1534,complete,China,Homo sapiens,blood,"Wu,D., Zhou,H., Zhang,H., Kou,J., Peng,Z., Ke,C., Lin,J.",2013,2014-05-25,ssRNA(+)
KJ545456,dengue virus type I,Orthoflavivirus denguei,,China/GD-D13168(Guangzhou),1534,complete,China,Homo sapiens,blood,"Wu,D., Zhou,H., Zhang,H., Kou,J., Peng,Z., Ke,C., Lin,J.",2013,2014-05-25,ssRNA(+)
KJ545457,Dengue virus type 2,Orthoflavivirus denguei,,China/GD-D13205(Foshan),1577,complete,China,Homo sapiens,blood,"Wu,D., Zhou,H., Zhang,H., Kou,J., Peng,Z., Ke,C., Lin,J.",2013,2014-05-25,ssRNA(+)
KJ545458,dengue virus type I,Orthoflavivirus denguei,,China/GD-D13024(Zhongshan),1533,complete,China,Homo sapiens,blood,"Wu,D., Zhou,H., Zhang,H., Kou,J., Peng,Z., Ke,C., Lin,J.",2013,2014-05-25,ssRNA(+)
KJ545459,dengue virus type I,Orthoflavivirus denguei,,China/GD-D13202(Guangzhou),1531,complete,China,Homo sapiens,blood,"Wu,D., Zhou,H., Zhang,H., Kou,J., Peng,Z., Ke,C., Lin,J.",2013,2014-05-25,ssRNA(+)
KJ545460,dengue virus type I,Orthoflavivirus denguei,,China/GD-D13380(Jiangmen),1536,complete,China,Homo sapiens,blood,"Wu,D., Zhou,H., Zhang,H., Kou,J., Peng,Z., Ke,C., Lin,J.",2013,2014-05-25,ssRNA(+)
KJ545461,dengue virus type I,Orthoflavivirus denguei,,China/GD-D13381(Jiangmen),1530,complete,China,Homo sapiens,blood,"Wu,D., Zhou,H., Zhang,H., Kou,J., Peng,Z., Ke,C., Lin,J.",2013,2014-05-25,ssRNA(+)
KJ545462,dengue virus type I,Orthoflavivirus denguei,,China/GD-D13187(Guangzhou),1528,complete,China,Homo sapiens,blood,"Wu,D., Zhou,H., Zhang,H., Kou,J., Peng,Z., Ke,C., Lin,J.",2013,2014-05-25,ssRNA(+)
KJ545463,dengue virus type I,Orthoflavivirus denguei,,China/GD-D13185(Guangzhou),1528,complete,China,Homo sapiens,blood,"Wu,D., Zhou,H., Zhang,H., Kou,J., Peng,Z., Ke,C., Lin,J.",2013,2014-05-25,ssRNA(+)
KJ545464,dengue virus type I,Orthoflavivirus denguei,,China/GD-D13182(Foshan),1528,complete,China,Homo sapiens,blood,"Wu,D., Zhou,H., Zhang,H., Kou,J., Peng,Z., Ke,C., Lin,J.",2013,2014-05-25,ssRNA(+)
KJ545465,dengue virus type I,Orthoflavivirus denguei,,China/GD-D13212(Jiangmen),1534,complete,China,Homo sapiens,blood,"Wu,D., Zhou,H., Zhang,H., Kou,J., Peng,Z., Ke,C., Lin,J.",2013,2014-05-25,ssRNA(+)
KJ545466,dengue virus type I,Orthoflavivirus denguei,,China/GD-D13112(Zhuhai),1533,complete,China,Homo sapiens,blood,"Wu,D., Zhou,H., Zhang,H., Kou,J., Peng,Z., Ke,C., Lin,J.",2013,2014-05-25,ssRNA(+)
KJ545467,dengue virus type I,Orthoflavivirus denguei,,China/GD-D13143(Zhuhai),1533,complete,China,Homo sapiens,blood,"Wu,D., Zhou,H., Zhang,H., Kou,J., Peng,Z., Ke,C., Lin,J.",2013,2014-05-25,ssRNA(+)
KJ545472,Dengue virus type 3,Orthoflavivirus denguei,,Chia/GD-D13054(Zhongshan),1559,complete,China,Homo sapiens,blood,"Wu,D., Zhou,H., Zhang,H., Kou,J., Peng,Z., Ke,C., Lin,J.",2013,2014-05-25,ssRNA(+)
KJ545473,Dengue virus type 3,Orthoflavivirus denguei,,China/GD-D13053(zhongshan),1565,complete,China,Homo sapiens,blood,"Wu,D., Zhou,H., Zhang,H., Kou,J., Peng,Z., Ke,C., Lin,J.",2013,2014-05-25,ssRNA(+)
KJ545474,Dengue virus type 3,Orthoflavivirus denguei,,China/GD-D13056(zhongshan),1564,complete,China,Homo sapiens,blood,"Wu,D., Zhou,H., Zhang,H., Kou,J., Peng,Z., Ke,C., Lin,J.",2013,2014-05-25,ssRNA(+)
KJ545475,dengue virus type I,Orthoflavivirus denguei,,China/GD-D13427,1537,complete,China,Homo sapiens,blood,"Wu,D., Zhou,H., Zhang,H., Kou,J., Peng,Z., Ke,C., Lin,J.",2013,2014-05-25,ssRNA(+)
KJ545476,dengue virus type I,Orthoflavivirus denguei,,China/GD-D13438,1527,complete,China,Homo sapiens,blood,"Wu,D., Zhou,H., Zhang,H., Kou,J., Peng,Z., Ke,C., Lin,J.",2013,2014-05-25,ssRNA(+)
KJ545477,dengue virus type I,Orthoflavivirus denguei,,China/GD-D13432,1532,complete,China,Homo sapiens,blood,"Wu,D., Zhou,H., Zhang,H., Kou,J., Peng,Z., Ke,C., Lin,J.",2013,2014-05-25,ssRNA(+)
KJ545478,Dengue virus type 2,Orthoflavivirus denguei,,D13458(India),1605,complete,India,Homo sapiens,blood,"Wu,D., Zhou,H., Zhang,H., Kou,J., Peng,Z., Ke,C., Lin,J.",2013,2014-05-25,ssRNA(+)
KJ545479,dengue virus type I,Orthoflavivirus denguei,,D13459(Donguang),1533,complete,China,Homo sapiens,blood,"Wu,D., Zhou,H., Zhang,H., Kou,J., Peng,Z., Ke,C., Lin,J.",2013,2014-05-25,ssRNA(+)
KJ545480,Dengue virus type 2,Orthoflavivirus denguei,,D13470(Malaysia),1607,complete,Malaysia,Homo sapiens,blood,"Wu,D., Zhou,H., Zhang,H., Kou,J., Peng,Z., Ke,C., Lin,J.",2013,2014-05-25,ssRNA(+)
KJ545481,Dengue virus type 2,Orthoflavivirus denguei,,D13473(Thailand),1598,complete,Thailand,Homo sapiens,blood,"Wu,D., Zhou,H., Zhang,H., Kou,J., Peng,Z., Ke,C., Lin,J.",2013,2014-05-25,ssRNA(+)
KJ545482,dengue virus type I,Orthoflavivirus denguei,,D13468(Thailand),1541,complete,Thailand,Homo sapiens,blood,"Wu,D., Zhou,H., Zhang,H., Kou,J., Peng,Z., Ke,C., Lin,J.",2013,2014-05-25,ssRNA(+)
KJ438293,dengue virus type I,Orthoflavivirus denguei,I,GZ10,10724,complete,China: Guangzhou,Homo sapiens,blood,"Yang,H.-Q., Zhao,H., Hong,W.-X., Jiang,T., Hu,F.-Y., Deng,Y.-Q., Zhu,S.-Y., Qin,E.-D., Qin,C.-F., Zhang,F.-C.",2013,2014-04-26,ssRNA(+)
KJ438296,dengue virus type I,Orthoflavivirus denguei,I,GZ27,10735,complete,China: Guangzhou,Homo sapiens,blood,"Yang,H.-Q., Zhao,H., Hong,W.-X., Jiang,T., Hu,F.-Y., Deng,Y.-Q., Zhu,S.-Y., Qin,E.-D., Qin,C.-F., Zhang,F.-C.",2013,2014-04-26,ssRNA(+)
KF954945,Dengue virus type 3,Orthoflavivirus denguei,III,13GDZSDV30A,10686,complete,China: Zhongshan,Homo sapiens,blood,"Shi,W., Wu,Y., Xie,Y.",2013-08-08,2014-03-08,ssRNA(+)
KF954946,Dengue virus type 3,Orthoflavivirus denguei,III,13GDZDVS30B,10686,complete,China: Zhongshan,Homo sapiens,blood,"Shi,W., Wu,Y., Xie,Y.",2013-08-08,2014-03-08,ssRNA(+)
KF954947,Dengue virus type 3,Orthoflavivirus denguei,III,13GDZDVS30C,10675,complete,China: Zhongshan,Homo sapiens,blood,"Shi,W., Wu,Y., Xie,Y.",2013-08-08,2014-03-08,ssRNA(+)
KF954948,Dengue virus type 3,Orthoflavivirus denguei,III,13GDZDVS30D,10678,complete,China: Zhongshan,Homo sapiens,blood,"Shi,W., Wu,Y., Xie,Y.",2013-08-08,2014-03-08,ssRNA(+)
KF954949,Dengue virus type 3,Orthoflavivirus denguei,III,13GDZDVS30E,10677,complete,China: Zhongshan,Homo sapiens,blood,"Shi,W., Wu,Y., Xie,Y.",2013-08-08,2014-03-08,ssRNA(+)
KF824902,Dengue virus type 3,Orthoflavivirus denguei,II,YN01,10707,complete,China,Homo sapiens,blood,"Zhao,H., Yang,H.-Q., Hong,W.-X., Jiang,T., Hu,F.-Y., Deng,Y.-Q., Zhu,S.-Y., Qin,E.-D., Qin,C.-F., Zhang,F.-C.",2013,2014-02-09,ssRNA(+)
KF824903,Dengue virus type 3,Orthoflavivirus denguei,II,YN02,10707,complete,China,Homo sapiens,blood,"Zhao,H., Yang,H.-Q., Hong,W.-X., Jiang,T., Hu,F.-Y., Deng,Y.-Q., Zhu,S.-Y., Qin,E.-D., Qin,C.-F., Zhang,F.-C.",2013,2014-02-09,ssRNA(+)
KF955401,Dengue virus type 2,Orthoflavivirus denguei,,DENV-2/KH/BID-V4269/2008,10558,complete,Cambodia,Homo sapiens,blood,"Zody,M.C., Henn,M., Newman,R.M., Buchy,P., Veasna,D., Sivuth,O., Vong,S., Reynes,J.-M., Chantha,N., Socheat,D., Poon,T.W., Charlebois,P., Weiner,B., Yang,X., Larson,L., Piper,M.E., Fitzgerald,M., Lui,A., Young,S., Gargeya,S., Levin,J., Malboeuf,C., Qu,J., Berlin,A.M., Chapman,S.B., Murphy,C., Wortman,J., Nusbaum,C., Birren,B.",2008,2014-01-19,ssRNA(+)
KF955446,dengue virus type I,Orthoflavivirus denguei,,DENV-1/VN/BID-V3909/2008,10470,complete,Viet Nam,Homo sapiens,blood,"Zody,M.C., Henn,M., Newman,R.M., Simmons,C.P., Vu,H.T., Nguyen,Q.H., Nguyen,Q.T., Duong,P.H., Poon,T.W., Charlebois,P., Weiner,B., Yang,X., Larson,L., Piper,M.E., Fitzgerald,M., Lui,A., Young,S., Gargeya,S., Levin,J., Malboeuf,C., Qu,J., Berlin,A.M., Chapman,S.B., Murphy,C., Wortman,J., Nusbaum,C., Birren,B.",2008,2014-01-19,ssRNA(+)
KF955457,Dengue virus type 3,Orthoflavivirus denguei,,DENV-3/VN/BID-V1821/2007,10636,complete,Viet Nam,Homo sapiens,blood,"Zody,M.C., Henn,M., Newman,R.M., Simmons,C.P., Vu,H.T., Nguyen,Q.H., Nguyen,Q.T., Duong,P.H., Poon,T.W., Charlebois,P., Weiner,B., Yang,X., Larson,L., Piper,M.E., Fitzgerald,M., Lui,A., Young,S., Gargeya,S., Levin,J., Malboeuf,C., Qu,J., Berlin,A.M., Chapman,S.B., Murphy,C., Wortman,J., Nusbaum,C., Birren,B.",2007,2014-01-19,ssRNA(+)
KF955458,Dengue virus type 3,Orthoflavivirus denguei,,DENV-3/VN/BID-V1876/2007,10640,complete,Viet Nam,Homo sapiens,blood,"Zody,M.C., Henn,M., Newman,R.M., Simmons,C.P., Vu,H.T., Nguyen,Q.H., Nguyen,Q.T., Duong,P.H., Poon,T.W., Charlebois,P., Weiner,B., Yang,X., Larson,L., Piper,M.E., Fitzgerald,M., Lui,A., Young,S., Gargeya,S., Levin,J., Malboeuf,C., Qu,J., Berlin,A.M., Chapman,S.B., Murphy,C., Wortman,J., Nusbaum,C., Birren,B.",2007,2014-01-19,ssRNA(+)
KF955459,Dengue virus type 3,Orthoflavivirus denguei,,DENV-3/VN/BID-V1903/2008,10637,complete,Viet Nam,Homo sapiens,blood,"Zody,M.C., Henn,M., Newman,R.M., Simmons,C.P., Vu,H.T., Nguyen,Q.H., Nguyen,Q.T., Duong,P.H., Poon,T.W., Charlebois,P., Weiner,B., Yang,X., Larson,L., Piper,M.E., Fitzgerald,M., Lui,A., Young,S., Gargeya,S., Levin,J., Malboeuf,C., Qu,J., Berlin,A.M., Chapman,S.B., Murphy,C., Wortman,J., Nusbaum,C., Birren,B.",2008,2014-01-19,ssRNA(+)
KF955460,Dengue virus type 3,Orthoflavivirus denguei,,DENV-3/VN/BID-V1933/2008,10640,complete,Viet Nam,Homo sapiens,blood,"Zody,M.C., Henn,M., Newman,R.M., Simmons,C.P., Vu,H.T., Nguyen,Q.H., Nguyen,Q.T., Duong,P.H., Poon,T.W., Charlebois,P., Weiner,B., Yang,X., Larson,L., Piper,M.E., Fitzgerald,M., Lui,A., Young,S., Gargeya,S., Levin,J., Malboeuf,C., Qu,J., Berlin,A.M., Chapman,S.B., Murphy,C., Wortman,J., Nusbaum,C., Birren,B.",2008,2014-01-19,ssRNA(+)
KF955461,Dengue virus type 3,Orthoflavivirus denguei,,DENV-3/KH/BID-V2070/1999,10668,complete,Cambodia,Homo sapiens,blood,"Zody,M.C., Henn,M., Newman,R.M., Buchy,P., Veasna,D., Sivuth,O., Vong,S., Reynes,J.-M., Chantha,N., Socheat,D., Poon,T.W., Charlebois,P., Weiner,B., Yang,X., Larson,L., Piper,M.E., Fitzgerald,M., Lui,A., Young,S., Gargeya,S., Levin,J., Malboeuf,C., Qu,J., Berlin,A.M., Chapman,S.B., Murphy,C., Wortman,J., Nusbaum,C., Birren,B.",1999,2014-01-19,ssRNA(+)
KF921934,dengue virus type I,Orthoflavivirus denguei,,DENV-1/VN/BID-V2688/2006,10447,complete,Viet Nam,Homo sapiens,blood,"Zody,M.C., Henn,M., Newman,R.M., Simmons,C.P., Vu,H.T., Nguyen,Q.H., Nguyen,Q.T., Duong,P.H., Poon,T.W., Charlebois,P., Weiner,B., Yang,X., Larson,L., Piper,M.E., Fitzgerald,M., Lui,A., Young,S., Gargeya,S., Levin,J., Malboeuf,C., Qu,J., Berlin,A.M., Chapman,S.B., Murphy,C., Wortman,J., Nusbaum,C., Birren,B.",2006,2014-01-12,ssRNA(+)
KF921935,dengue virus type I,Orthoflavivirus denguei,,DENV-1/VN/BID-V2750/2007,10528,complete,Viet Nam,Homo sapiens,blood,"Zody,M.C., Henn,M., Newman,R.M., Simmons,C.P., Vu,H.T., Nguyen,Q.H., Nguyen,Q.T., Duong,P.H., Poon,T.W., Charlebois,P., Weiner,B., Yang,X., Larson,L., Piper,M.E., Fitzgerald,M., Lui,A., Young,S., Gargeya,S., Levin,J., Malboeuf,C., Qu,J., Berlin,A.M., Chapman,S.B., Murphy,C., Wortman,J., Nusbaum,C., Birren,B.",2007,2014-01-12,ssRNA(+)
KF921942,dengue virus type I,Orthoflavivirus denguei,,DENV-1/VN/BID-V3910/2008,10374,complete,Viet Nam,Homo sapiens,blood,"Zody,M.C., Henn,M., Newman,R.M., Simmons,C.P., Vu,H.T., Nguyen,Q.H., Nguyen,Q.T., Duong,P.H., Poon,T.W., Charlebois,P., Weiner,B., Yang,X., Larson,L., Piper,M.E., Fitzgerald,M., Lui,A., Young,S., Gargeya,S., Levin,J., Malboeuf,C., Qu,J., Berlin,A.M., Chapman,S.B., Murphy,C., Wortman,J., Nusbaum,C., Birren,B.",2008,2014-01-12,ssRNA(+)
KF921949,dengue virus type I,Orthoflavivirus denguei,,DENV-1/VN/BID-V3972/2008,10449,complete,Viet Nam,Homo sapiens,blood,"Zody,M.C., Henn,M., Newman,R.M., Simmons,C.P., Vu,H.T., Nguyen,Q.H., Nguyen,Q.T., Duong,P.H., Poon,T.W., Charlebois,P., Weiner,B., Yang,X., Larson,L., Piper,M.E., Fitzgerald,M., Lui,A., Young,S., Gargeya,S., Levin,J., Malboeuf,C., Qu,J., Berlin,A.M., Chapman,S.B., Murphy,C., Wortman,J., Nusbaum,C., Birren,B.",2008,2014-01-12,ssRNA(+)
KF360005,Dengue virus type 2,Orthoflavivirus denguei,4,DENV-2/PK,10629,complete,Pakistan,Homo sapiens,blood,"Akram,M., Fatima,Z., Purdy,M.A., Sue,A., Saleem,S., Amin,I., Shahid,M., Idrees,M., Nawaz,R., Khubaib,B., Afzal,S., Sabri,S., Rafique,S.",2010-11-01,2013-11-25,ssRNA(+)
JX649147,Dengue virus type 2,Orthoflavivirus denguei,,CNS36,10723,complete,Viet Nam,Homo sapiens,blood,"Carney,J., Daly,J.M., German,A., Davis,C.T., Barrett,A.D.T., Rijnbrand,R., Solomon,T.",1995,2013-10-10,ssRNA(+)
KC759167,dengue virus type I,Orthoflavivirus denguei,type 1,DF1203,10735,complete,China,Homo sapiens,blood,"Zhang,Y., Wang,J., Huang,M., Wu,S., Weng,Y.",2012-01-09,2013-05-29,ssRNA(+)
KC333651,Dengue virus type 4,Orthoflavivirus denguei,,,10574,complete,China,Homo sapiens,blood,"Bai,Z., Liu,Q., Jiang,L.Y., Liu,L.C., Cao,Y.M., Xu,Y., Jing,Q.L., Luo,L., Yang,Z.C., Jiang,Y.Q., Chen,W.J., Di,B., Bai,Z.-J., Jiang,L.-Y., Liu,L.-C., Cao,Y.-M., Jiang,Q.-L., Yang,Z.-C., Chen,W.-J.",2012,2013-04-15,ssRNA(+)
JX024758,Dengue virus type 4,Orthoflavivirus denguei,2,EHI310A129SY10,10653,complete,Singapore,Homo sapiens,blood,"Hapuarachchi,H.C., Oh,H.M., Thein,T.L., Pok,K.Y., Lai,Y.L., Tan,L.K., Lee,K.S., Leo,Y.S., Ng,L.C., Oh,H.",2010-12,2013-03-04,ssRNA(+)
KC131140,dengue virus type I,Orthoflavivirus denguei,1,ZH398,10668,complete,China: Guangdong,Homo sapiens,blood,"Lin,Y.X., Wei,Q.D., Zhang,L.R., Ruan,F., Shen,R.",2012-09,2013-02-25,ssRNA(+)
KC131141,dengue virus type I,Orthoflavivirus denguei,1,ZH415,10671,complete,China: Guangdong,Homo sapiens,blood,"Lin,Y.X., Wei,Q.D., Zhang,L.R., Ruan,F., Shen,R.",2012-09,2013-02-25,ssRNA(+)
KC131142,Dengue virus type 2,Orthoflavivirus denguei,2,ZH413-2,10673,complete,China: Guangdong,Homo sapiens,blood,"Lin,Y.X., Wei,Q.D., Zhang,L.R., Ruan,F., Shen,R.",2012-09,2013-02-25,ssRNA(+)
JX470186,Dengue virus type 2,Orthoflavivirus denguei,2,GZ40,10723,complete,China: Guangdong,Homo sapiens,blood,"Zhao,H., Deng,Y.Q., Hong,W.X., Yu,X.D., Jiang,T., Yu,M., Hu,F.Y., Zhu,S.Y., Li,X.F., Song,K.Y., Qin,E.D., Zhang,F.C., Qin,C.F., Yu,X.-D., Hong,W.-X., Hu,F.-Y., Zhu,S.-Y., Qin,E.-D., Qin,C.-F., Zhang,F.-C.",2010,2012-10-14,ssRNA(+)
JN903578,dengue virus type I,Orthoflavivirus denguei,1,D1/IN/RGCB294/2007,10715,complete,India,Homo sapiens,blood,"Anoop,M., Mathew,A.J., Jayakumar,B., Issac,A., Nair,S., Abraham,R., Anupriya,M.G., Sreekumar,E., Manakkadan,A.",2007-07-26,2012-07-18,ssRNA(+)
JN903579,dengue virus type I,Orthoflavivirus denguei,1,D1/IN/RGCB419/2008,10694,complete,India,Homo sapiens,blood,"Anoop,M., Mathew,A.J., Jayakumar,B., Issac,A., Nair,S., Abraham,R., Anupriya,M.G., Sreekumar,E., Manakkadan,A.",2008-10-23,2012-07-18,ssRNA(+)
JN903580,dengue virus type I,Orthoflavivirus denguei,1,D1/IN/RGCB585/2009,10694,complete,India,Homo sapiens,blood,"Anoop,M., Mathew,A.J., Jayakumar,B., Issac,A., Nair,S., Abraham,R., Anupriya,M.G., Sreekumar,E., Manakkadan,A.",2009-04-05,2012-07-18,ssRNA(+)
JN903581,dengue virus type I,Orthoflavivirus denguei,1,D1/IN/RGCB592/2009,10694,complete,India,Homo sapiens,blood,"Anoop,M., Mathew,A.J., Jayakumar,B., Issac,A., Nair,S., Abraham,R., Anupriya,M.G., Sreekumar,E., Manakkadan,A.",2009-04-06,2012-07-18,ssRNA(+)
JQ822247,Dengue virus type 4,Orthoflavivirus denguei,IIA,GZ30,10653,complete,China: Guangdong province,Homo sapiens,blood,"Zhao,H., Yu,X.D., Zhang,X.Y., Jiang,T., Hong,W.X., Yu,M., Hu,F.Y., Zhu,S.Y., Qin,E.D., Deng,Y.Q., Qin,C.F., Zhang,F.C., Yu,X.-D., Hong,W.-X., Hu,F.-Y., Zhu,S.-Y., Qin,E.-D., Qin,C.-F., Zhang,F.-C.",2010,2012-06-05,ssRNA(+)
JF741967,Dengue virus type 4,Orthoflavivirus denguei,4,GZ1D4,10631,complete,China: Guangzhou,Homo sapiens,blood,"Zhang,F., Hu,F., Zhang,X., Liao,B., Wang,J., Yun,L., Chen,W., Tang,Y.",2010-09-26,2012-03-31,ssRNA(+)
JQ287660,dengue virus type I,Orthoflavivirus denguei,,DENV-1/VN/BID-V2689/2006,10766,complete,Viet Nam: South,Homo sapiens,blood,"Henn,M.R., Young,S., Koehrsen,M., Lennon,N., Erlich,R., Anderson,S., Rizzolo,K., Green,L., Ryan,E., Yu,Q., Berlin,A., Heiman,D., Sykes,S., Freedman,E., Gargeya,S., Hansen,M., Howarth,C., Larson,L., Neiman,D., Pearson,M., Roberts,A., Sisk,P., Stolte,C., Alvarado,L., Godfrey,P., Shenoy,N., Zeng,Q., Vu,H.T., Nguyen,Q.H., Nguyen,Q.T., Duong,P.H., Simmons,C.P., Wills,B., Nguyen,M.D., Tran,V.N., Tran,H.T., Nguyen,L.T.M., Nguyen,L.P.H., Nusbaum,C., Birren,B.",2006,2012-01-17,ssRNA(+)
JQ287661,dengue virus type I,Orthoflavivirus denguei,,DENV-1/VN/BID-V2690/2006,10794,complete,Viet Nam: South,Homo sapiens,blood,"Henn,M.R., Young,S., Koehrsen,M., Lennon,N., Erlich,R., Anderson,S., Rizzolo,K., Green,L., Ryan,E., Yu,Q., Berlin,A., Heiman,D., Sykes,S., Freedman,E., Gargeya,S., Hansen,M., Howarth,C., Larson,L., Neiman,D., Pearson,M., Roberts,A., Sisk,P., Stolte,C., Alvarado,L., Godfrey,P., Shenoy,N., Zeng,Q., Vu,H.T., Nguyen,Q.H., Nguyen,Q.T., Duong,P.H., Simmons,C.P., Wills,B., Nguyen,M.D., Tran,V.N., Tran,H.T., Nguyen,L.T.M., Nguyen,L.P.H., Nusbaum,C., Birren,B.",2006,2012-01-17,ssRNA(+)
JQ287662,dengue virus type I,Orthoflavivirus denguei,,DENV-1/VN/BID-V2748/2007,10904,complete,Viet Nam: South,Homo sapiens,blood,"Henn,M.R., Young,S., Koehrsen,M., Lennon,N., Erlich,R., Anderson,S., Rizzolo,K., Green,L., Ryan,E., Yu,Q., Berlin,A., Heiman,D., Sykes,S., Freedman,E., Gargeya,S., Hansen,M., Howarth,C., Larson,L., Neiman,D., Pearson,M., Roberts,A., Sisk,P., Stolte,C., Alvarado,L., Godfrey,P., Shenoy,N., Zeng,Q., Vu,H.T., Nguyen,Q.H., Nguyen,Q.T., Duong,P.H., Simmons,C.P., Wills,B., Nguyen,M.D., Tran,V.N., Tran,H.T., Nguyen,L.T.M., Nguyen,L.P.H., Nusbaum,C., Birren,B.",2007,2012-01-17,ssRNA(+)
JQ287663,dengue virus type I,Orthoflavivirus denguei,,DENV-1/VN/BID-V2753/2007,11195,complete,Viet Nam: South,Homo sapiens,blood,"Henn,M.R., Young,S., Koehrsen,M., Lennon,N., Erlich,R., Anderson,S., Rizzolo,K., Green,L., Ryan,E., Yu,Q., Berlin,A., Heiman,D., Sykes,S., Freedman,E., Gargeya,S., Hansen,M., Howarth,C., Larson,L., Neiman,D., Pearson,M., Roberts,A., Sisk,P., Stolte,C., Alvarado,L., Godfrey,P., Shenoy,N., Zeng,Q., Vu,H.T., Nguyen,Q.H., Nguyen,Q.T., Duong,P.H., Simmons,C.P., Wills,B., Nguyen,M.D., Tran,V.N., Tran,H.T., Nguyen,L.T.M., Nguyen,L.P.H., Nusbaum,C., Birren,B.",2007,2012-01-17,ssRNA(+)
JQ287667,dengue virus type I,Orthoflavivirus denguei,,DENV-1/VN/BID-V1963/2008,10962,complete,Viet Nam: South,Homo sapiens,blood,"Henn,M.R., Young,S., Koehrsen,M., Lennon,N., Erlich,R., Anderson,S., Rizzolo,K., Green,L., Ryan,E., Yu,Q., Berlin,A., Heiman,D., Sykes,S., Freedman,E., Gargeya,S., Hansen,M., Howarth,C., Larson,L., Neiman,D., Pearson,M., Roberts,A., Sisk,P., Stolte,C., Alvarado,L., Godfrey,P., Shenoy,N., Zeng,Q., Vu,H.T., Nguyen,Q.H., Nguyen,Q.T., Duong,P.H., Tran,H.T., Nguyen,L.T.M., Nguyen,L.P.H., Nusbaum,C., Simmons,C.P., Birren,B.",2008,2012-01-17,ssRNA(+)
JF459993,dengue virus type I,Orthoflavivirus denguei,,,10735,complete,Myanmar,Homo sapiens,blood,"Liu,W.J., Aaskov,J.",2002,2011-08-24,ssRNA(+)
JN093516,dengue virus type I,Orthoflavivirus denguei,,DENV-1/VN/BID-V3966/2008,10393,complete,Viet Nam: South,Homo sapiens,blood,"Henn,M.R., Young,S., Koehrsen,M., Lennon,N., Erlich,R., Anderson,S., Rizzolo,K., Green,L., Ryan,E., Yu,Q., Berlin,A., Heiman,D., Sykes,S., Borenstein,D., Engels,R., Freedman,E., Gellesch,M., Heilman,E., Howarth,C., Jen,D., Larson,L., Neiman,D., Park,D., Pearson,M., Roberts,A., Sisk,P., Stolte,C., White,J., Alvarado,L., Godfrey,P., Shenoy,N., Yandava,C., Zeng,Q., Vu,H.T., Nguyen,Q.H., Nguyen,Q.T., Duong,P.H., Simmons,C.P., Wills,B., Nguyen,M.D., Tran,V.N., Tran,H.T., Nguyen,L.T.M., Nguyen,L.P.H., Nusbaum,C., Birren,B.",2008,2011-06-15,ssRNA(+)
JN000935,dengue virus type I,Orthoflavivirus denguei,,DENV-1/VN/BID-V3950/2008,10460,complete,Viet Nam: South,Homo sapiens,blood,"Henn,M.R., Young,S., Koehrsen,M., Lennon,N., Erlich,R., Anderson,S., Rizzolo,K., Green,L., Ryan,E., Yu,Q., Berlin,A., Heiman,D., Sykes,S., Borenstein,D., Engels,R., Freedman,E., Gellesch,M., Heilman,E., Howarth,C., Jen,D., Larson,L., Neiman,D., Park,D., Pearson,M., Roberts,A., Sisk,P., Stolte,C., White,J., Alvarado,L., Godfrey,P., Shenoy,N., Yandava,C., Zeng,Q., Vu,H.T., Nguyen,Q.H., Nguyen,Q.T., Duong,P.H., Simmons,C.P., Wills,B., Nguyen,M.D., Tran,V.N., Tran,H.T., Nguyen,L.T.M., Nguyen,L.P.H., Nusbaum,C., Birren,B.",2008,2011-05-25,ssRNA(+)
JF937596,dengue virus type I,Orthoflavivirus denguei,,DENV-1/VN/BID-V2734/2007,10444,complete,Viet Nam: South,Homo sapiens,blood,"Henn,M.R., Young,S., Koehrsen,M., Lennon,N., Erlich,R., Anderson,S., Rizzolo,K., Green,L., Ryan,E., Yu,Q., Berlin,A., Heiman,D., Sykes,S., Borenstein,D., Engels,R., Freedman,E., Gellesch,M., Heilman,E., Howarth,C., Jen,D., Larson,L., Neiman,D., Park,D., Pearson,M., Roberts,A., Sisk,P., Stolte,C., White,J., Alvarado,L., Godfrey,P., Shenoy,N., Yandava,C., Zeng,Q., Vu,H.T., Nguyen,Q.H., Nguyen,Q.T., Duong,P.H., Simmons,C.P., Wills,B., Nguyen,M.D., Tran,V.N., Tran,H.T., Nguyen,L.T.M., Nguyen,L.P.H., Nusbaum,C., Birren,B.",2007,2011-05-18,ssRNA(+)
JF937597,dengue virus type I,Orthoflavivirus denguei,,DENV-1/VN/BID-V2781/2007,10379,complete,Viet Nam: South,Homo sapiens,blood,"Henn,M.R., Young,S., Koehrsen,M., Lennon,N., Erlich,R., Anderson,S., Rizzolo,K., Green,L., Ryan,E., Yu,Q., Berlin,A., Heiman,D., Sykes,S., Borenstein,D., Engels,R., Freedman,E., Gellesch,M., Heilman,E., Howarth,C., Jen,D., Larson,L., Neiman,D., Park,D., Pearson,M., Roberts,A., Sisk,P., Stolte,C., White,J., Alvarado,L., Godfrey,P., Shenoy,N., Yandava,C., Zeng,Q., Vu,H.T., Nguyen,Q.H., Nguyen,Q.T., Duong,P.H., Simmons,C.P., Wills,B., Nguyen,M.D., Tran,V.N., Tran,H.T., Nguyen,L.T.M., Nguyen,L.P.H., Nusbaum,C., Birren,B.",2007,2011-05-18,ssRNA(+)
JF937598,dengue virus type I,Orthoflavivirus denguei,,DENV-1/VN/BID-V2882/2006,10705,complete,Viet Nam: South,Homo sapiens,blood,"Henn,M.R., Young,S., Koehrsen,M., Lennon,N., Erlich,R., Anderson,S., Rizzolo,K., Green,L., Ryan,E., Yu,Q., Berlin,A., Heiman,D., Sykes,S., Borenstein,D., Engels,R., Freedman,E., Gellesch,M., Heilman,E., Howarth,C., Jen,D., Larson,L., Neiman,D., Park,D., Pearson,M., Roberts,A., Sisk,P., Stolte,C., White,J., Alvarado,L., Godfrey,P., Shenoy,N., Yandava,C., Zeng,Q., Vu,H.T., Nguyen,Q.H., Nguyen,Q.T., Duong,P.H., Simmons,C.P., Wills,B., Nguyen,M.D., Tran,V.N., Tran,H.T., Nguyen,L.T.M., Nguyen,L.P.H., Nusbaum,C., Birren,B.",2006,2011-05-18,ssRNA(+)
JF937599,dengue virus type I,Orthoflavivirus denguei,,DENV-1/VN/BID-V2918/2006,10713,complete,Viet Nam: South,Homo sapiens,blood,"Henn,M.R., Young,S., Koehrsen,M., Lennon,N., Erlich,R., Anderson,S., Rizzolo,K., Green,L., Ryan,E., Yu,Q., Berlin,A., Heiman,D., Sykes,S., Borenstein,D., Engels,R., Freedman,E., Gellesch,M., Heilman,E., Howarth,C., Jen,D., Larson,L., Neiman,D., Park,D., Pearson,M., Roberts,A., Sisk,P., Stolte,C., White,J., Alvarado,L., Godfrey,P., Shenoy,N., Yandava,C., Zeng,Q., Vu,H.T., Nguyen,Q.H., Nguyen,Q.T., Duong,P.H., Simmons,C.P., Wills,B., Nguyen,M.D., Tran,V.N., Tran,H.T., Nguyen,L.T.M., Nguyen,L.P.H., Nusbaum,C., Birren,B.",2006,2011-05-18,ssRNA(+)
JF937600,dengue virus type I,Orthoflavivirus denguei,,DENV-1/VN/BID-V3841/2008,10444,complete,Viet Nam: South,Homo sapiens,blood,"Henn,M.R., Young,S., Koehrsen,M., Lennon,N., Erlich,R., Anderson,S., Rizzolo,K., Green,L., Ryan,E., Yu,Q., Berlin,A., Heiman,D., Sykes,S., Borenstein,D., Engels,R., Freedman,E., Gellesch,M., Heilman,E., Howarth,C., Jen,D., Larson,L., Neiman,D., Park,D., Pearson,M., Roberts,A., Sisk,P., Stolte,C., White,J., Alvarado,L., Godfrey,P., Shenoy,N., Yandava,C., Zeng,Q., Vu,H.T., Nguyen,Q.H., Nguyen,Q.T., Duong,P.H., Simmons,C.P., Wills,B., Nguyen,M.D., Tran,V.N., Tran,H.T., Nguyen,L.T.M., Nguyen,L.P.H., Nusbaum,C., Birren,B.",2008,2011-05-18,ssRNA(+)
JF937601,dengue virus type I,Orthoflavivirus denguei,,DENV-1/VN/BID-V3884/2008,10390,complete,Viet Nam: South,Homo sapiens,blood,"Henn,M.R., Young,S., Koehrsen,M., Lennon,N., Erlich,R., Anderson,S., Rizzolo,K., Green,L., Ryan,E., Yu,Q., Berlin,A., Heiman,D., Sykes,S., Borenstein,D., Engels,R., Freedman,E., Gellesch,M., Heilman,E., Howarth,C., Jen,D., Larson,L., Neiman,D., Park,D., Pearson,M., Roberts,A., Sisk,P., Stolte,C., White,J., Alvarado,L., Godfrey,P., Shenoy,N., Yandava,C., Zeng,Q., Vu,H.T., Nguyen,Q.H., Nguyen,Q.T., Duong,P.H., Simmons,C.P., Wills,B., Nguyen,M.D., Tran,V.N., Tran,H.T., Nguyen,L.T.M., Nguyen,L.P.H., Nusbaum,C., Birren,B.",2008,2011-05-18,ssRNA(+)
JF937602,dengue virus type I,Orthoflavivirus denguei,,DENV-1/VN/BID-V3932/2008,10444,complete,Viet Nam: South,Homo sapiens,blood,"Henn,M.R., Young,S., Koehrsen,M., Lennon,N., Erlich,R., Anderson,S., Rizzolo,K., Green,L., Ryan,E., Yu,Q., Berlin,A., Heiman,D., Sykes,S., Borenstein,D., Engels,R., Freedman,E., Gellesch,M., Heilman,E., Howarth,C., Jen,D., Larson,L., Neiman,D., Park,D., Pearson,M., Roberts,A., Sisk,P., Stolte,C., White,J., Alvarado,L., Godfrey,P., Shenoy,N., Yandava,C., Zeng,Q., Vu,H.T., Nguyen,Q.H., Nguyen,Q.T., Duong,P.H., Simmons,C.P., Wills,B., Nguyen,M.D., Tran,V.N., Tran,H.T., Nguyen,L.T.M., Nguyen,L.P.H., Nusbaum,C., Birren,B.",2008,2011-05-18,ssRNA(+)
JF937603,dengue virus type I,Orthoflavivirus denguei,,DENV-1/VN/BID-V3946/2008,10383,complete,Viet Nam: South,Homo sapiens,blood,"Henn,M.R., Young,S., Koehrsen,M., Lennon,N., Erlich,R., Anderson,S., Rizzolo,K., Green,L., Ryan,E., Yu,Q., Berlin,A., Heiman,D., Sykes,S., Borenstein,D., Engels,R., Freedman,E., Gellesch,M., Heilman,E., Howarth,C., Jen,D., Larson,L., Neiman,D., Park,D., Pearson,M., Roberts,A., Sisk,P., Stolte,C., White,J., Alvarado,L., Godfrey,P., Shenoy,N., Yandava,C., Zeng,Q., Vu,H.T., Nguyen,Q.H., Nguyen,Q.T., Duong,P.H., Simmons,C.P., Wills,B., Nguyen,M.D., Tran,V.N., Tran,H.T., Nguyen,L.T.M., Nguyen,L.P.H., Nusbaum,C., Birren,B.",2008,2011-05-18,ssRNA(+)
JF937604,dengue virus type I,Orthoflavivirus denguei,,DENV-1/VN/BID-V3952/2008,10443,complete,Viet Nam: South,Homo sapiens,blood,"Henn,M.R., Young,S., Koehrsen,M., Lennon,N., Erlich,R., Anderson,S., Rizzolo,K., Green,L., Ryan,E., Yu,Q., Berlin,A., Heiman,D., Sykes,S., Borenstein,D., Engels,R., Freedman,E., Gellesch,M., Heilman,E., Howarth,C., Jen,D., Larson,L., Neiman,D., Park,D., Pearson,M., Roberts,A., Sisk,P., Stolte,C., White,J., Alvarado,L., Godfrey,P., Shenoy,N., Yandava,C., Zeng,Q., Vu,H.T., Nguyen,Q.H., Nguyen,Q.T., Duong,P.H., Simmons,C.P., Wills,B., Nguyen,M.D., Tran,V.N., Tran,H.T., Nguyen,L.T.M., Nguyen,L.P.H., Nusbaum,C., Birren,B.",2008,2011-05-18,ssRNA(+)
JF937605,dengue virus type I,Orthoflavivirus denguei,,DENV-1/VN/BID-V3953/2008,10443,complete,Viet Nam: South,Homo sapiens,blood,"Henn,M.R., Young,S., Koehrsen,M., Lennon,N., Erlich,R., Anderson,S., Rizzolo,K., Green,L., Ryan,E., Yu,Q., Berlin,A., Heiman,D., Sykes,S., Borenstein,D., Engels,R., Freedman,E., Gellesch,M., Heilman,E., Howarth,C., Jen,D., Larson,L., Neiman,D., Park,D., Pearson,M., Roberts,A., Sisk,P., Stolte,C., White,J., Alvarado,L., Godfrey,P., Shenoy,N., Yandava,C., Zeng,Q., Vu,H.T., Nguyen,Q.H., Nguyen,Q.T., Duong,P.H., Simmons,C.P., Wills,B., Nguyen,M.D., Tran,V.N., Tran,H.T., Nguyen,L.T.M., Nguyen,L.P.H., Nusbaum,C., Birren,B.",2008,2011-05-18,ssRNA(+)
JF937606,dengue virus type I,Orthoflavivirus denguei,,DENV-1/VN/BID-V3955/2008,10444,complete,Viet Nam: South,Homo sapiens,blood,"Henn,M.R., Young,S., Koehrsen,M., Lennon,N., Erlich,R., Anderson,S., Rizzolo,K., Green,L., Ryan,E., Yu,Q., Berlin,A., Heiman,D., Sykes,S., Borenstein,D., Engels,R., Freedman,E., Gellesch,M., Heilman,E., Howarth,C., Jen,D., Larson,L., Neiman,D., Park,D., Pearson,M., Roberts,A., Sisk,P., Stolte,C., White,J., Alvarado,L., Godfrey,P., Shenoy,N., Yandava,C., Zeng,Q., Vu,H.T., Nguyen,Q.H., Nguyen,Q.T., Duong,P.H., Simmons,C.P., Wills,B., Nguyen,M.D., Tran,V.N., Tran,H.T., Nguyen,L.T.M., Nguyen,L.P.H., Nusbaum,C., Birren,B.",2008,2011-05-18,ssRNA(+)
JF937607,dengue virus type I,Orthoflavivirus denguei,,DENV-1/VN/BID-V3956/2008,10444,complete,Viet Nam: South,Homo sapiens,blood,"Henn,M.R., Young,S., Koehrsen,M., Lennon,N., Erlich,R., Anderson,S., Rizzolo,K., Green,L., Ryan,E., Yu,Q., Berlin,A., Heiman,D., Sykes,S., Borenstein,D., Engels,R., Freedman,E., Gellesch,M., Heilman,E., Howarth,C., Jen,D., Larson,L., Neiman,D., Park,D., Pearson,M., Roberts,A., Sisk,P., Stolte,C., White,J., Alvarado,L., Godfrey,P., Shenoy,N., Yandava,C., Zeng,Q., Vu,H.T., Nguyen,Q.H., Nguyen,Q.T., Duong,P.H., Simmons,C.P., Wills,B., Nguyen,M.D., Tran,V.N., Tran,H.T., Nguyen,L.T.M., Nguyen,L.P.H., Nusbaum,C., Birren,B.",2008,2011-05-18,ssRNA(+)
JF937608,dengue virus type I,Orthoflavivirus denguei,,DENV-1/VN/BID-V3958/2008,10443,complete,Viet Nam: South,Homo sapiens,blood,"Henn,M.R., Young,S., Koehrsen,M., Lennon,N., Erlich,R., Anderson,S., Rizzolo,K., Green,L., Ryan,E., Yu,Q., Berlin,A., Heiman,D., Sykes,S., Borenstein,D., Engels,R., Freedman,E., Gellesch,M., Heilman,E., Howarth,C., Jen,D., Larson,L., Neiman,D., Park,D., Pearson,M., Roberts,A., Sisk,P., Stolte,C., White,J., Alvarado,L., Godfrey,P., Shenoy,N., Yandava,C., Zeng,Q., Vu,H.T., Nguyen,Q.H., Nguyen,Q.T., Duong,P.H., Simmons,C.P., Wills,B., Nguyen,M.D., Tran,V.N., Tran,H.T., Nguyen,L.T.M., Nguyen,L.P.H., Nusbaum,C., Birren,B.",2008,2011-05-18,ssRNA(+)
JF937609,dengue virus type I,Orthoflavivirus denguei,,DENV-1/VN/BID-V3971/2008,10444,complete,Viet Nam: South,Homo sapiens,blood,"Henn,M.R., Young,S., Koehrsen,M., Lennon,N., Erlich,R., Anderson,S., Rizzolo,K., Green,L., Ryan,E., Yu,Q., Berlin,A., Heiman,D., Sykes,S., Borenstein,D., Engels,R., Freedman,E., Gellesch,M., Heilman,E., Howarth,C., Jen,D., Larson,L., Neiman,D., Park,D., Pearson,M., Roberts,A., Sisk,P., Stolte,C., White,J., Alvarado,L., Godfrey,P., Shenoy,N., Yandava,C., Zeng,Q., Vu,H.T., Nguyen,Q.H., Nguyen,Q.T., Duong,P.H., Simmons,C.P., Wills,B., Nguyen,M.D., Tran,V.N., Tran,H.T., Nguyen,L.T.M., Nguyen,L.P.H., Nusbaum,C., Birren,B.",2008,2011-05-18,ssRNA(+)
JF937610,dengue virus type I,Orthoflavivirus denguei,,DENV-1/VN/BID-V3996/2008,10444,complete,Viet Nam: South,Homo sapiens,blood,"Henn,M.R., Young,S., Koehrsen,M., Lennon,N., Erlich,R., Anderson,S., Rizzolo,K., Green,L., Ryan,E., Yu,Q., Berlin,A., Heiman,D., Sykes,S., Borenstein,D., Engels,R., Freedman,E., Gellesch,M., Heilman,E., Howarth,C., Jen,D., Larson,L., Neiman,D., Park,D., Pearson,M., Roberts,A., Sisk,P., Stolte,C., White,J., Alvarado,L., Godfrey,P., Shenoy,N., Yandava,C., Zeng,Q., Vu,H.T., Nguyen,Q.H., Nguyen,Q.T., Duong,P.H., Simmons,C.P., Wills,B., Nguyen,M.D., Tran,V.N., Tran,H.T., Nguyen,L.T.M., Nguyen,L.P.H., Nusbaum,C., Birren,B.",2008,2011-05-18,ssRNA(+)
JF937611,dengue virus type I,Orthoflavivirus denguei,,DENV-1/VN/BID-V4002/2008,10444,complete,Viet Nam: South,Homo sapiens,blood,"Henn,M.R., Young,S., Koehrsen,M., Lennon,N., Erlich,R., Anderson,S., Rizzolo,K., Green,L., Ryan,E., Yu,Q., Berlin,A., Heiman,D., Sykes,S., Borenstein,D., Engels,R., Freedman,E., Gellesch,M., Heilman,E., Howarth,C., Jen,D., Larson,L., Neiman,D., Park,D., Pearson,M., Roberts,A., Sisk,P., Stolte,C., White,J., Alvarado,L., Godfrey,P., Shenoy,N., Yandava,C., Zeng,Q., Vu,H.T., Nguyen,Q.H., Nguyen,Q.T., Duong,P.H., Simmons,C.P., Wills,B., Nguyen,M.D., Tran,V.N., Tran,H.T., Nguyen,L.T.M., Nguyen,L.P.H., Nusbaum,C., Birren,B.",2008,2011-05-18,ssRNA(+)
JF937612,dengue virus type I,Orthoflavivirus denguei,,DENV-1/VN/BID-V4024/2008,10587,complete,Viet Nam: South,Homo sapiens,blood,"Henn,M.R., Young,S., Koehrsen,M., Lennon,N., Erlich,R., Anderson,S., Rizzolo,K., Green,L., Ryan,E., Yu,Q., Berlin,A., Heiman,D., Sykes,S., Borenstein,D., Engels,R., Freedman,E., Gellesch,M., Heilman,E., Howarth,C., Jen,D., Larson,L., Neiman,D., Park,D., Pearson,M., Roberts,A., Sisk,P., Stolte,C., White,J., Alvarado,L., Godfrey,P., Shenoy,N., Yandava,C., Zeng,Q., Vu,H.T., Nguyen,Q.H., Nguyen,Q.T., Duong,P.H., Simmons,C.P., Wills,B., Nguyen,M.D., Tran,V.N., Tran,H.T., Nguyen,L.T.M., Nguyen,L.P.H., Nusbaum,C., Birren,B.",2008,2011-05-18,ssRNA(+)
JF937613,dengue virus type I,Orthoflavivirus denguei,,DENV-1/VN/BID-V4045/2008,10386,complete,Viet Nam: South,Homo sapiens,blood,"Henn,M.R., Young,S., Koehrsen,M., Lennon,N., Erlich,R., Anderson,S., Rizzolo,K., Green,L., Ryan,E., Yu,Q., Berlin,A., Heiman,D., Sykes,S., Borenstein,D., Engels,R., Freedman,E., Gellesch,M., Heilman,E., Howarth,C., Jen,D., Larson,L., Neiman,D., Park,D., Pearson,M., Roberts,A., Sisk,P., Stolte,C., White,J., Alvarado,L., Godfrey,P., Shenoy,N., Yandava,C., Zeng,Q., Vu,H.T., Nguyen,Q.H., Nguyen,Q.T., Duong,P.H., Simmons,C.P., Wills,B., Nguyen,M.D., Tran,V.N., Tran,H.T., Nguyen,L.T.M., Nguyen,L.P.H., Nusbaum,C., Birren,B.",2008,2011-05-18,ssRNA(+)
JF937614,dengue virus type I,Orthoflavivirus denguei,,DENV-1/VN/BID-V4047/2008,10444,complete,Viet Nam: South,Homo sapiens,blood,"Henn,M.R., Young,S., Koehrsen,M., Lennon,N., Erlich,R., Anderson,S., Rizzolo,K., Green,L., Ryan,E., Yu,Q., Berlin,A., Heiman,D., Sykes,S., Borenstein,D., Engels,R., Freedman,E., Gellesch,M., Heilman,E., Howarth,C., Jen,D., Larson,L., Neiman,D., Park,D., Pearson,M., Roberts,A., Sisk,P., Stolte,C., White,J., Alvarado,L., Godfrey,P., Shenoy,N., Yandava,C., Zeng,Q., Vu,H.T., Nguyen,Q.H., Nguyen,Q.T., Duong,P.H., Simmons,C.P., Wills,B., Nguyen,M.D., Tran,V.N., Tran,H.T., Nguyen,L.T.M., Nguyen,L.P.H., Nusbaum,C., Birren,B.",2008,2011-05-18,ssRNA(+)
JF937615,dengue virus type I,Orthoflavivirus denguei,,DENV-1/VN/BID-V4062/2008,10448,complete,Viet Nam: South,Homo sapiens,blood,"Henn,M.R., Young,S., Koehrsen,M., Lennon,N., Erlich,R., Anderson,S., Rizzolo,K., Green,L., Ryan,E., Yu,Q., Berlin,A., Heiman,D., Sykes,S., Borenstein,D., Engels,R., Freedman,E., Gellesch,M., Heilman,E., Howarth,C., Jen,D., Larson,L., Neiman,D., Park,D., Pearson,M., Roberts,A., Sisk,P., Stolte,C., White,J., Alvarado,L., Godfrey,P., Shenoy,N., Yandava,C., Zeng,Q., Vu,H.T., Nguyen,Q.H., Nguyen,Q.T., Duong,P.H., Simmons,C.P., Wills,B., Nguyen,M.D., Tran,V.N., Tran,H.T., Nguyen,L.T.M., Nguyen,L.P.H., Nusbaum,C., Birren,B.",2008,2011-05-18,ssRNA(+)
JF937616,dengue virus type I,Orthoflavivirus denguei,,DENV-1/VN/BID-V4079/2008,10431,complete,Viet Nam: South,Homo sapiens,blood,"Henn,M.R., Young,S., Koehrsen,M., Lennon,N., Erlich,R., Anderson,S., Rizzolo,K., Green,L., Ryan,E., Yu,Q., Berlin,A., Heiman,D., Sykes,S., Borenstein,D., Engels,R., Freedman,E., Gellesch,M., Heilman,E., Howarth,C., Jen,D., Larson,L., Neiman,D., Park,D., Pearson,M., Roberts,A., Sisk,P., Stolte,C., White,J., Alvarado,L., Godfrey,P., Shenoy,N., Yandava,C., Zeng,Q., Vu,H.T., Nguyen,Q.H., Nguyen,Q.T., Duong,P.H., Simmons,C.P., Wills,B., Nguyen,M.D., Tran,V.N., Tran,H.T., Nguyen,L.T.M., Nguyen,L.P.H., Nusbaum,C., Birren,B.",2008,2011-05-18,ssRNA(+)
JF937617,dengue virus type I,Orthoflavivirus denguei,,DENV-1/VN/BID-V4080/2008,10454,complete,Viet Nam: South,Homo sapiens,blood,"Henn,M.R., Young,S., Koehrsen,M., Lennon,N., Erlich,R., Anderson,S., Rizzolo,K., Green,L., Ryan,E., Yu,Q., Berlin,A., Heiman,D., Sykes,S., Borenstein,D., Engels,R., Freedman,E., Gellesch,M., Heilman,E., Howarth,C., Jen,D., Larson,L., Neiman,D., Park,D., Pearson,M., Roberts,A., Sisk,P., Stolte,C., White,J., Alvarado,L., Godfrey,P., Shenoy,N., Yandava,C., Zeng,Q., Vu,H.T., Nguyen,Q.H., Nguyen,Q.T., Duong,P.H., Simmons,C.P., Wills,B., Nguyen,M.D., Tran,V.N., Tran,H.T., Nguyen,L.T.M., Nguyen,L.P.H., Nusbaum,C., Birren,B.",2008,2011-05-18,ssRNA(+)
JF937618,dengue virus type I,Orthoflavivirus denguei,,DENV-1/VN/BID-V4081/2008,10444,complete,Viet Nam: South,Homo sapiens,blood,"Henn,M.R., Young,S., Koehrsen,M., Lennon,N., Erlich,R., Anderson,S., Rizzolo,K., Green,L., Ryan,E., Yu,Q., Berlin,A., Heiman,D., Sykes,S., Borenstein,D., Engels,R., Freedman,E., Gellesch,M., Heilman,E., Howarth,C., Jen,D., Larson,L., Neiman,D., Park,D., Pearson,M., Roberts,A., Sisk,P., Stolte,C., White,J., Alvarado,L., Godfrey,P., Shenoy,N., Yandava,C., Zeng,Q., Vu,H.T., Nguyen,Q.H., Nguyen,Q.T., Duong,P.H., Simmons,C.P., Wills,B., Nguyen,M.D., Tran,V.N., Tran,H.T., Nguyen,L.T.M., Nguyen,L.P.H., Nusbaum,C., Birren,B.",2008,2011-05-18,ssRNA(+)
JF937619,dengue virus type I,Orthoflavivirus denguei,,DENV-1/VN/BID-V4082/2008,10444,complete,Viet Nam: South,Homo sapiens,blood,"Henn,M.R., Young,S., Koehrsen,M., Lennon,N., Erlich,R., Anderson,S., Rizzolo,K., Green,L., Ryan,E., Yu,Q., Berlin,A., Heiman,D., Sykes,S., Borenstein,D., Engels,R., Freedman,E., Gellesch,M., Heilman,E., Howarth,C., Jen,D., Larson,L., Neiman,D., Park,D., Pearson,M., Roberts,A., Sisk,P., Stolte,C., White,J., Alvarado,L., Godfrey,P., Shenoy,N., Yandava,C., Zeng,Q., Vu,H.T., Nguyen,Q.H., Nguyen,Q.T., Duong,P.H., Simmons,C.P., Wills,B., Nguyen,M.D., Tran,V.N., Tran,H.T., Nguyen,L.T.M., Nguyen,L.P.H., Nusbaum,C., Birren,B.",2008,2011-05-18,ssRNA(+)
JF937649,dengue virus type I,Orthoflavivirus denguei,,DENV-1/VN/BID-V1865/2007,10443,complete,Viet Nam: South,Homo sapiens,blood,"Henn,M.R., Young,S., Koehrsen,M., Lennon,N., Erlich,R., Anderson,S., Rizzolo,K., Green,L., Ryan,E., Yu,Q., Berlin,A., Heiman,D., Sykes,S., Borenstein,D., Engels,R., Freedman,E., Gellesch,M., Heilman,E., Howarth,C., Jen,D., Larson,L., Neiman,D., Park,D., Pearson,M., Roberts,A., Sisk,P., Stolte,C., White,J., Alvarado,L., Godfrey,P., Shenoy,N., Yandava,C., Zeng,Q., Vu,H.T., Nguyen,Q.H., Nguyen,Q.T., Duong,P.H., Tran,H.T., Nguyen,L.T.M., Nguyen,L.P.H., Nusbaum,C., Simmons,C.P., Birren,B.",2007,2011-05-18,ssRNA(+)
JF937650,dengue virus type I,Orthoflavivirus denguei,,DENV-1/VN/BID-V1934/2008,10454,complete,Viet Nam: South,Homo sapiens,blood,"Henn,M.R., Young,S., Koehrsen,M., Lennon,N., Erlich,R., Anderson,S., Rizzolo,K., Green,L., Ryan,E., Yu,Q., Berlin,A., Heiman,D., Sykes,S., Borenstein,D., Engels,R., Freedman,E., Gellesch,M., Heilman,E., Howarth,C., Jen,D., Larson,L., Neiman,D., Park,D., Pearson,M., Roberts,A., Sisk,P., Stolte,C., White,J., Alvarado,L., Godfrey,P., Shenoy,N., Yandava,C., Zeng,Q., Vu,H.T., Nguyen,Q.H., Nguyen,Q.T., Duong,P.H., Tran,H.T., Nguyen,L.T.M., Nguyen,L.P.H., Nusbaum,C., Simmons,C.P., Birren,B.",2008,2011-05-18,ssRNA(+)
JF730049,Dengue virus type 2,Orthoflavivirus denguei,,DENV-2/VN/BID-V1781/2007,10308,complete,Viet Nam: South,Homo sapiens,blood,"Henn,M.R., Young,S., Koehrsen,M., Lennon,N., Erlich,R., Anderson,S., Rizzolo,K., Green,L., Ryan,E., Yu,Q., Berlin,A., Heiman,D., Sykes,S., Borenstein,D., Engels,R., Freedman,E., Gellesch,M., Heilman,E., Howarth,C., Jen,D., Larson,L., Neiman,D., Park,D., Pearson,M., Roberts,A., Sisk,P., Stolte,C., White,J., Alvarado,L., Godfrey,P., Shenoy,N., Yandava,C., Zeng,Q., Vu,H.T., Nguyen,Q.H., Nguyen,Q.T., Duong,P.H., Tran,H.T., Nguyen,L.T.M., Nguyen,L.P.H., Nusbaum,C., Simmons,C.P., Birren,B.",2007,2011-04-19,ssRNA(+)
HM488256,dengue virus type I,Orthoflavivirus denguei,,DENV-1/VN/BID-V4035/2008,10459,complete,Viet Nam: South,Homo sapiens,blood,"Henn,M.R., Young,S., Koehrsen,M., Lennon,N., Erlich,R., Anderson,S., Rizzolo,K., Green,L., Ryan,E., Yu,Q., Berlin,A., Heiman,D., Sykes,S., Borenstein,D., Engels,R., Freedman,E., Gellesch,M., Heilman,E., Howarth,C., Jen,D., Larson,L., Neiman,D., Park,D., Pearson,M., Roberts,A., Sisk,P., Stolte,C., White,J., Alvarado,L., Godfrey,P., Shenoy,N., Yandava,C., Zeng,Q., Vu,H.T., Nguyen,Q.H., Nguyen,Q.T., Duong,P.H., Simmons,C.P., Wills,B., Nguyen,M.D., Tran,V.N., Tran,H.T., Nguyen,L.T.M., Nguyen,L.P.H., Nusbaum,C., Birren,B.",2008,2010-07-20,ssRNA(+)
HM631850,dengue virus type I,Orthoflavivirus denguei,,DENV-1/VN/BID-V3906/2008,10480,complete,Viet Nam: South,Homo sapiens,blood,"Henn,M.R., Young,S., Koehrsen,M., Lennon,N., Erlich,R., Anderson,S., Rizzolo,K., Green,L., Ryan,E., Yu,Q., Berlin,A., Heiman,D., Sykes,S., Borenstein,D., Engels,R., Freedman,E., Gellesch,M., Heilman,E., Howarth,C., Jen,D., Larson,L., Neiman,D., Park,D., Pearson,M., Roberts,A., Sisk,P., Stolte,C., White,J., Alvarado,L., Godfrey,P., Shenoy,N., Yandava,C., Zeng,Q., Vu,H.T., Nguyen,Q.H., Nguyen,Q.T., Duong,P.H., Simmons,C.P., Wills,B., Nguyen,M.D., Tran,V.N., Tran,H.T., Nguyen,L.T.M., Nguyen,L.P.H., Nusbaum,C., Birren,B.",2008,2010-07-20,ssRNA(+)
HM631851,dengue virus type I,Orthoflavivirus denguei,,DENV-1/VN/BID-V4053/2008,10385,complete,Viet Nam: South,Homo sapiens,blood,"Henn,M.R., Young,S., Koehrsen,M., Lennon,N., Erlich,R., Anderson,S., Rizzolo,K., Green,L., Ryan,E., Yu,Q., Berlin,A., Heiman,D., Sykes,S., Borenstein,D., Engels,R., Freedman,E., Gellesch,M., Heilman,E., Howarth,C., Jen,D., Larson,L., Neiman,D., Park,D., Pearson,M., Roberts,A., Sisk,P., Stolte,C., White,J., Alvarado,L., Godfrey,P., Shenoy,N., Yandava,C., Zeng,Q., Vu,H.T., Nguyen,Q.H., Nguyen,Q.T., Duong,P.H., Simmons,C.P., Wills,B., Nguyen,M.D., Tran,V.N., Tran,H.T., Nguyen,L.T.M., Nguyen,L.P.H., Nusbaum,C., Birren,B.",2008,2010-07-20,ssRNA(+)
HM181960,dengue virus type I,Orthoflavivirus denguei,,DENV-1/VN/BID-V3891/2008,10467,complete,Viet Nam: South,Homo sapiens,blood,"Henn,M.R., Young,S., Koehrsen,M., Lennon,N., Erlich,R., Anderson,S., Rizzolo,K., Green,L., Ryan,E., Yu,Q., Berlin,A., Heiman,D., Sykes,S., Borenstein,D., Engels,R., Freedman,E., Gellesch,M., Heilman,E., Howarth,C., Jen,D., Larson,L., Neiman,D., Park,D., Pearson,M., Roberts,A., Sisk,P., Stolte,C., White,J., Alvarado,L., Godfrey,P., Shenoy,N., Yandava,C., Zeng,Q., Vu,H.T., Nguyen,Q.H., Nguyen,Q.T., Duong,P.H., Simmons,C.P., Wills,B., Nguyen,M.D., Tran,V.N., Tran,H.T., Nguyen,L.T.M., Nguyen,L.P.H., Nusbaum,C., Birren,B.",2008,2010-06-21,ssRNA(+)
HM181961,dengue virus type I,Orthoflavivirus denguei,,DENV-1/VN/BID-V3892/2008,10402,complete,Viet Nam: South,Homo sapiens,blood,"Henn,M.R., Young,S., Koehrsen,M., Lennon,N., Erlich,R., Anderson,S., Rizzolo,K., Green,L., Ryan,E., Yu,Q., Berlin,A., Heiman,D., Sykes,S., Borenstein,D., Engels,R., Freedman,E., Gellesch,M., Heilman,E., Howarth,C., Jen,D., Larson,L., Neiman,D., Park,D., Pearson,M., Roberts,A., Sisk,P., Stolte,C., White,J., Alvarado,L., Godfrey,P., Shenoy,N., Yandava,C., Zeng,Q., Vu,H.T., Nguyen,Q.H., Nguyen,Q.T., Duong,P.H., Simmons,C.P., Wills,B., Nguyen,M.D., Tran,V.N., Tran,H.T., Nguyen,L.T.M., Nguyen,L.P.H., Nusbaum,C., Birren,B.",2008,2010-06-21,ssRNA(+)
HM181962,dengue virus type I,Orthoflavivirus denguei,,DENV-1/VN/BID-V3893/2008,10467,complete,Viet Nam: South,Homo sapiens,blood,"Henn,M.R., Young,S., Koehrsen,M., Lennon,N., Erlich,R., Anderson,S., Rizzolo,K., Green,L., Ryan,E., Yu,Q., Berlin,A., Heiman,D., Sykes,S., Borenstein,D., Engels,R., Freedman,E., Gellesch,M., Heilman,E., Howarth,C., Jen,D., Larson,L., Neiman,D., Park,D., Pearson,M., Roberts,A., Sisk,P., Stolte,C., White,J., Alvarado,L., Godfrey,P., Shenoy,N., Yandava,C., Zeng,Q., Vu,H.T., Nguyen,Q.H., Nguyen,Q.T., Duong,P.H., Simmons,C.P., Wills,B., Nguyen,M.D., Tran,V.N., Tran,H.T., Nguyen,L.T.M., Nguyen,L.P.H., Nusbaum,C., Birren,B.",2008,2010-06-21,ssRNA(+)
HM181963,dengue virus type I,Orthoflavivirus denguei,,DENV-1/VN/BID-V3894/2008,10449,complete,Viet Nam: South,Homo sapiens,blood,"Henn,M.R., Young,S., Koehrsen,M., Lennon,N., Erlich,R., Anderson,S., Rizzolo,K., Green,L., Ryan,E., Yu,Q., Berlin,A., Heiman,D., Sykes,S., Borenstein,D., Engels,R., Freedman,E., Gellesch,M., Heilman,E., Howarth,C., Jen,D., Larson,L., Neiman,D., Park,D., Pearson,M., Roberts,A., Sisk,P., Stolte,C., White,J., Alvarado,L., Godfrey,P., Shenoy,N., Yandava,C., Zeng,Q., Vu,H.T., Nguyen,Q.H., Nguyen,Q.T., Duong,P.H., Simmons,C.P., Wills,B., Nguyen,M.D., Tran,V.N., Tran,H.T., Nguyen,L.T.M., Nguyen,L.P.H., Nusbaum,C., Birren,B.",2008,2010-06-21,ssRNA(+)
HM181964,dengue virus type I,Orthoflavivirus denguei,,DENV-1/VN/BID-V3895/2008,10451,complete,Viet Nam: South,Homo sapiens,blood,"Henn,M.R., Young,S., Koehrsen,M., Lennon,N., Erlich,R., Anderson,S., Rizzolo,K., Green,L., Ryan,E., Yu,Q., Berlin,A., Heiman,D., Sykes,S., Borenstein,D., Engels,R., Freedman,E., Gellesch,M., Heilman,E., Howarth,C., Jen,D., Larson,L., Neiman,D., Park,D., Pearson,M., Roberts,A., Sisk,P., Stolte,C., White,J., Alvarado,L., Godfrey,P., Shenoy,N., Yandava,C., Zeng,Q., Vu,H.T., Nguyen,Q.H., Nguyen,Q.T., Duong,P.H., Simmons,C.P., Wills,B., Nguyen,M.D., Tran,V.N., Tran,H.T., Nguyen,L.T.M., Nguyen,L.P.H., Nusbaum,C., Birren,B.",2008,2010-06-21,ssRNA(+)
HM181965,dengue virus type I,Orthoflavivirus denguei,,DENV-1/VN/BID-V3896/2008,10418,complete,Viet Nam: South,Homo sapiens,blood,"Henn,M.R., Young,S., Koehrsen,M., Lennon,N., Erlich,R., Anderson,S., Rizzolo,K., Green,L., Ryan,E., Yu,Q., Berlin,A., Heiman,D., Sykes,S., Borenstein,D., Engels,R., Freedman,E., Gellesch,M., Heilman,E., Howarth,C., Jen,D., Larson,L., Neiman,D., Park,D., Pearson,M., Roberts,A., Sisk,P., Stolte,C., White,J., Alvarado,L., Godfrey,P., Shenoy,N., Yandava,C., Zeng,Q., Vu,H.T., Nguyen,Q.H., Nguyen,Q.T., Duong,P.H., Simmons,C.P., Wills,B., Nguyen,M.D., Tran,V.N., Tran,H.T., Nguyen,L.T.M., Nguyen,L.P.H., Nusbaum,C., Birren,B.",2008,2010-06-21,ssRNA(+)
HM181966,dengue virus type I,Orthoflavivirus denguei,,DENV-1/VN/BID-V3897/2008,10486,complete,Viet Nam: South,Homo sapiens,blood,"Henn,M.R., Young,S., Koehrsen,M., Lennon,N., Erlich,R., Anderson,S., Rizzolo,K., Green,L., Ryan,E., Yu,Q., Berlin,A., Heiman,D., Sykes,S., Borenstein,D., Engels,R., Freedman,E., Gellesch,M., Heilman,E., Howarth,C., Jen,D., Larson,L., Neiman,D., Park,D., Pearson,M., Roberts,A., Sisk,P., Stolte,C., White,J., Alvarado,L., Godfrey,P., Shenoy,N., Yandava,C., Zeng,Q., Vu,H.T., Nguyen,Q.H., Nguyen,Q.T., Duong,P.H., Simmons,C.P., Wills,B., Nguyen,M.D., Tran,V.N., Tran,H.T., Nguyen,L.T.M., Nguyen,L.P.H., Nusbaum,C., Birren,B.",2008,2010-06-21,ssRNA(+)
HM181967,dengue virus type I,Orthoflavivirus denguei,,DENV-1/VN/BID-V3998/2008,10472,complete,Viet Nam: South,Homo sapiens,blood,"Henn,M.R., Young,S., Koehrsen,M., Lennon,N., Erlich,R., Anderson,S., Rizzolo,K., Green,L., Ryan,E., Yu,Q., Berlin,A., Heiman,D., Sykes,S., Borenstein,D., Engels,R., Freedman,E., Gellesch,M., Heilman,E., Howarth,C., Jen,D., Larson,L., Neiman,D., Park,D., Pearson,M., Roberts,A., Sisk,P., Stolte,C., White,J., Alvarado,L., Godfrey,P., Shenoy,N., Yandava,C., Zeng,Q., Vu,H.T., Nguyen,Q.H., Nguyen,Q.T., Duong,P.H., Simmons,C.P., Wills,B., Nguyen,M.D., Tran,V.N., Tran,H.T., Nguyen,L.T.M., Nguyen,L.P.H., Nusbaum,C., Birren,B.",2008,2010-06-21,ssRNA(+)
HM181968,dengue virus type I,Orthoflavivirus denguei,,DENV-1/VN/BID-V4029/2008,10476,complete,Viet Nam: South,Homo sapiens,blood,"Henn,M.R., Young,S., Koehrsen,M., Lennon,N., Erlich,R., Anderson,S., Rizzolo,K., Green,L., Ryan,E., Yu,Q., Berlin,A., Heiman,D., Sykes,S., Borenstein,D., Engels,R., Freedman,E., Gellesch,M., Heilman,E., Howarth,C., Jen,D., Larson,L., Neiman,D., Park,D., Pearson,M., Roberts,A., Sisk,P., Stolte,C., White,J., Alvarado,L., Godfrey,P., Shenoy,N., Yandava,C., Zeng,Q., Vu,H.T., Nguyen,Q.H., Nguyen,Q.T., Duong,P.H., Simmons,C.P., Wills,B., Nguyen,M.D., Tran,V.N., Tran,H.T., Nguyen,L.T.M., Nguyen,L.P.H., Nusbaum,C., Birren,B.",2008,2010-06-21,ssRNA(+)
HM181969,dengue virus type I,Orthoflavivirus denguei,,DENV-1/VN/BID-V4032/2008,10454,complete,Viet Nam: South,Homo sapiens,blood,"Henn,M.R., Young,S., Koehrsen,M., Lennon,N., Erlich,R., Anderson,S., Rizzolo,K., Green,L., Ryan,E., Yu,Q., Berlin,A., Heiman,D., Sykes,S., Borenstein,D., Engels,R., Freedman,E., Gellesch,M., Heilman,E., Howarth,C., Jen,D., Larson,L., Neiman,D., Park,D., Pearson,M., Roberts,A., Sisk,P., Stolte,C., White,J., Alvarado,L., Godfrey,P., Shenoy,N., Yandava,C., Zeng,Q., Vu,H.T., Nguyen,Q.H., Nguyen,Q.T., Duong,P.H., Simmons,C.P., Wills,B., Nguyen,M.D., Tran,V.N., Tran,H.T., Nguyen,L.T.M., Nguyen,L.P.H., Nusbaum,C., Birren,B.",2008,2010-06-21,ssRNA(+)
HM181970,dengue virus type I,Orthoflavivirus denguei,,DENV-1/VN/BID-V4072/2008,10472,complete,Viet Nam: South,Homo sapiens,blood,"Henn,M.R., Young,S., Koehrsen,M., Lennon,N., Erlich,R., Anderson,S., Rizzolo,K., Green,L., Ryan,E., Yu,Q., Berlin,A., Heiman,D., Sykes,S., Borenstein,D., Engels,R., Freedman,E., Gellesch,M., Heilman,E., Howarth,C., Jen,D., Larson,L., Neiman,D., Park,D., Pearson,M., Roberts,A., Sisk,P., Stolte,C., White,J., Alvarado,L., Godfrey,P., Shenoy,N., Yandava,C., Zeng,Q., Vu,H.T., Nguyen,Q.H., Nguyen,Q.T., Duong,P.H., Simmons,C.P., Wills,B., Nguyen,M.D., Tran,V.N., Tran,H.T., Nguyen,L.T.M., Nguyen,L.P.H., Nusbaum,C., Birren,B.",2008,2010-06-21,ssRNA(+)
GU363549,Dengue virus type 3,Orthoflavivirus denguei,3,GZ1D3,10707,complete,China: Guangzhou,Homo sapiens,blood,"Zhang,F.C., Hu,F.Y., Zhou,W.Z., Wang,J., Hong,W.X., Liao,B.L., Chen,W.L., Lu,Y.C., Tang,Y.B., Wei,S.J.",2009-08-06,2010-02-08,ssRNA(+)
GU131678,dengue virus type I,Orthoflavivirus denguei,,DENV-1/VN/BID-V3839/2008,10454,complete,Viet Nam: South,Homo sapiens,blood,"Henn,M.R., Young,S., Koehrsen,M., Lennon,N., Erlich,R., Anderson,S., Rizzolo,K., Green,L., Ryan,E., Yu,Q., Berlin,A., Heiman,D., Hepburn,T., Sykes,S., Borenstein,D., Engels,R., Freedman,E., Gellesch,M., Heilman,E., Howarth,C., Jen,D., Larson,L., Lewis,B., Montgomery,P., Park,D., Pearson,M., Richards,J., Roberts,A., Sisk,P., Stolte,C., White,J., Alvarado,L., Champion,M., Godfrey,P., Shenoy,N., Yandava,C., Zeng,Q., Vu,H.T., Nguyen,Q.H., Nguyen,Q.T., Duong,P.H., Simmons,C.P., Wills,B., Nguyen,M.D., Tran,V.N., Tran,H.T., Nguyen,L.T.M., Nguyen,L.P.H., Nusbaum,C., Birren,B.",2008,2009-11-11,ssRNA(+)
GU131679,dengue virus type I,Orthoflavivirus denguei,,DENV-1/VN/BID-V3840/2008,10468,complete,Viet Nam: South,Homo sapiens,blood,"Henn,M.R., Young,S., Koehrsen,M., Lennon,N., Erlich,R., Anderson,S., Rizzolo,K., Green,L., Ryan,E., Yu,Q., Berlin,A., Heiman,D., Hepburn,T., Sykes,S., Borenstein,D., Engels,R., Freedman,E., Gellesch,M., Heilman,E., Howarth,C., Jen,D., Larson,L., Lewis,B., Montgomery,P., Park,D., Pearson,M., Richards,J., Roberts,A., Sisk,P., Stolte,C., White,J., Alvarado,L., Champion,M., Godfrey,P., Shenoy,N., Yandava,C., Zeng,Q., Vu,H.T., Nguyen,Q.H., Nguyen,Q.T., Duong,P.H., Simmons,C.P., Wills,B., Nguyen,M.D., Tran,V.N., Tran,H.T., Nguyen,L.T.M., Nguyen,L.P.H., Nusbaum,C., Birren,B.",2008,2009-11-11,ssRNA(+)
GU131680,dengue virus type I,Orthoflavivirus denguei,,DENV-1/VN/BID-V3842/2008,10462,complete,Viet Nam: South,Homo sapiens,blood,"Henn,M.R., Young,S., Koehrsen,M., Lennon,N., Erlich,R., Anderson,S., Rizzolo,K., Green,L., Ryan,E., Yu,Q., Berlin,A., Heiman,D., Hepburn,T., Sykes,S., Borenstein,D., Engels,R., Freedman,E., Gellesch,M., Heilman,E., Howarth,C., Jen,D., Larson,L., Lewis,B., Montgomery,P., Park,D., Pearson,M., Richards,J., Roberts,A., Sisk,P., Stolte,C., White,J., Alvarado,L., Champion,M., Godfrey,P., Shenoy,N., Yandava,C., Zeng,Q., Vu,H.T., Nguyen,Q.H., Nguyen,Q.T., Duong,P.H., Simmons,C.P., Wills,B., Nguyen,M.D., Tran,V.N., Tran,H.T., Nguyen,L.T.M., Nguyen,L.P.H., Nusbaum,C., Birren,B.",2008,2009-11-11,ssRNA(+)
GU131681,dengue virus type I,Orthoflavivirus denguei,,DENV-1/VN/BID-V3843/2008,10462,complete,Viet Nam: South,Homo sapiens,blood,"Henn,M.R., Young,S., Koehrsen,M., Lennon,N., Erlich,R., Anderson,S., Rizzolo,K., Green,L., Ryan,E., Yu,Q., Berlin,A., Heiman,D., Hepburn,T., Sykes,S., Borenstein,D., Engels,R., Freedman,E., Gellesch,M., Heilman,E., Howarth,C., Jen,D., Larson,L., Lewis,B., Montgomery,P., Park,D., Pearson,M., Richards,J., Roberts,A., Sisk,P., Stolte,C., White,J., Alvarado,L., Champion,M., Godfrey,P., Shenoy,N., Yandava,C., Zeng,Q., Vu,H.T., Nguyen,Q.H., Nguyen,Q.T., Duong,P.H., Simmons,C.P., Wills,B., Nguyen,M.D., Tran,V.N., Tran,H.T., Nguyen,L.T.M., Nguyen,L.P.H., Nusbaum,C., Birren,B.",2008,2009-11-11,ssRNA(+)
GU131682,dengue virus type I,Orthoflavivirus denguei,,DENV-1/VN/BID-V3844/2008,10486,complete,Viet Nam: South,Homo sapiens,blood,"Henn,M.R., Young,S., Koehrsen,M., Lennon,N., Erlich,R., Anderson,S., Rizzolo,K., Green,L., Ryan,E., Yu,Q., Berlin,A., Heiman,D., Hepburn,T., Sykes,S., Borenstein,D., Engels,R., Freedman,E., Gellesch,M., Heilman,E., Howarth,C., Jen,D., Larson,L., Lewis,B., Montgomery,P., Park,D., Pearson,M., Richards,J., Roberts,A., Sisk,P., Stolte,C., White,J., Alvarado,L., Champion,M., Godfrey,P., Shenoy,N., Yandava,C., Zeng,Q., Vu,H.T., Nguyen,Q.H., Nguyen,Q.T., Duong,P.H., Simmons,C.P., Wills,B., Nguyen,M.D., Tran,V.N., Tran,H.T., Nguyen,L.T.M., Nguyen,L.P.H., Nusbaum,C., Birren,B.",2008,2009-11-11,ssRNA(+)
GU131683,dengue virus type I,Orthoflavivirus denguei,,DENV-1/VN/BID-V3845/2008,10552,complete,Viet Nam: South,Homo sapiens,blood,"Henn,M.R., Young,S., Koehrsen,M., Lennon,N., Erlich,R., Anderson,S., Rizzolo,K., Green,L., Ryan,E., Yu,Q., Berlin,A., Heiman,D., Hepburn,T., Sykes,S., Borenstein,D., Engels,R., Freedman,E., Gellesch,M., Heilman,E., Howarth,C., Jen,D., Larson,L., Lewis,B., Montgomery,P., Park,D., Pearson,M., Richards,J., Roberts,A., Sisk,P., Stolte,C., White,J., Alvarado,L., Champion,M., Godfrey,P., Shenoy,N., Yandava,C., Zeng,Q., Vu,H.T., Nguyen,Q.H., Nguyen,Q.T., Duong,P.H., Simmons,C.P., Wills,B., Nguyen,M.D., Tran,V.N., Tran,H.T., Nguyen,L.T.M., Nguyen,L.P.H., Nusbaum,C., Birren,B.",2008,2009-11-11,ssRNA(+)
GU131684,dengue virus type I,Orthoflavivirus denguei,,DENV-1/VN/BID-V3846/2008,10457,complete,Viet Nam: South,Homo sapiens,blood,"Henn,M.R., Young,S., Koehrsen,M., Lennon,N., Erlich,R., Anderson,S., Rizzolo,K., Green,L., Ryan,E., Yu,Q., Berlin,A., Heiman,D., Hepburn,T., Sykes,S., Borenstein,D., Engels,R., Freedman,E., Gellesch,M., Heilman,E., Howarth,C., Jen,D., Larson,L., Lewis,B., Montgomery,P., Park,D., Pearson,M., Richards,J., Roberts,A., Sisk,P., Stolte,C., White,J., Alvarado,L., Champion,M., Godfrey,P., Shenoy,N., Yandava,C., Zeng,Q., Vu,H.T., Nguyen,Q.H., Nguyen,Q.T., Duong,P.H., Simmons,C.P., Wills,B., Nguyen,M.D., Tran,V.N., Tran,H.T., Nguyen,L.T.M., Nguyen,L.P.H., Nusbaum,C., Birren,B.",2008,2009-11-11,ssRNA(+)
GU131685,dengue virus type I,Orthoflavivirus denguei,,DENV-1/VN/BID-V3847/2008,10469,complete,Viet Nam: South,Homo sapiens,blood,"Henn,M.R., Young,S., Koehrsen,M., Lennon,N., Erlich,R., Anderson,S., Rizzolo,K., Green,L., Ryan,E., Yu,Q., Berlin,A., Heiman,D., Hepburn,T., Sykes,S., Borenstein,D., Engels,R., Freedman,E., Gellesch,M., Heilman,E., Howarth,C., Jen,D., Larson,L., Lewis,B., Montgomery,P., Park,D., Pearson,M., Richards,J., Roberts,A., Sisk,P., Stolte,C., White,J., Alvarado,L., Champion,M., Godfrey,P., Shenoy,N., Yandava,C., Zeng,Q., Vu,H.T., Nguyen,Q.H., Nguyen,Q.T., Duong,P.H., Simmons,C.P., Wills,B., Nguyen,M.D., Tran,V.N., Tran,H.T., Nguyen,L.T.M., Nguyen,L.P.H., Nusbaum,C., Birren,B.",2008,2009-11-11,ssRNA(+)
GU131686,dengue virus type I,Orthoflavivirus denguei,,DENV-1/VN/BID-V3850/2008,10486,complete,Viet Nam: South,Homo sapiens,blood,"Henn,M.R., Young,S., Koehrsen,M., Lennon,N., Erlich,R., Anderson,S., Rizzolo,K., Green,L., Ryan,E., Yu,Q., Berlin,A., Heiman,D., Hepburn,T., Sykes,S., Borenstein,D., Engels,R., Freedman,E., Gellesch,M., Heilman,E., Howarth,C., Jen,D., Larson,L., Lewis,B., Montgomery,P., Park,D., Pearson,M., Richards,J., Roberts,A., Sisk,P., Stolte,C., White,J., Alvarado,L., Champion,M., Godfrey,P., Shenoy,N., Yandava,C., Zeng,Q., Vu,H.T., Nguyen,Q.H., Nguyen,Q.T., Duong,P.H., Simmons,C.P., Wills,B., Nguyen,M.D., Tran,V.N., Tran,H.T., Nguyen,L.T.M., Nguyen,L.P.H., Nusbaum,C., Birren,B.",2008,2009-11-11,ssRNA(+)
GU131687,dengue virus type I,Orthoflavivirus denguei,,DENV-1/VN/BID-V3851/2008,10467,complete,Viet Nam: South,Homo sapiens,blood,"Henn,M.R., Young,S., Koehrsen,M., Lennon,N., Erlich,R., Anderson,S., Rizzolo,K., Green,L., Ryan,E., Yu,Q., Berlin,A., Heiman,D., Hepburn,T., Sykes,S., Borenstein,D., Engels,R., Freedman,E., Gellesch,M., Heilman,E., Howarth,C., Jen,D., Larson,L., Lewis,B., Montgomery,P., Park,D., Pearson,M., Richards,J., Roberts,A., Sisk,P., Stolte,C., White,J., Alvarado,L., Champion,M., Godfrey,P., Shenoy,N., Yandava,C., Zeng,Q., Vu,H.T., Nguyen,Q.H., Nguyen,Q.T., Duong,P.H., Simmons,C.P., Wills,B., Nguyen,M.D., Tran,V.N., Tran,H.T., Nguyen,L.T.M., Nguyen,L.P.H., Nusbaum,C., Birren,B.",2008,2009-11-11,ssRNA(+)
GU131688,dengue virus type I,Orthoflavivirus denguei,,DENV-1/VN/BID-V3852/2008,10487,complete,Viet Nam: South,Homo sapiens,blood,"Henn,M.R., Young,S., Koehrsen,M., Lennon,N., Erlich,R., Anderson,S., Rizzolo,K., Green,L., Ryan,E., Yu,Q., Berlin,A., Heiman,D., Hepburn,T., Sykes,S., Borenstein,D., Engels,R., Freedman,E., Gellesch,M., Heilman,E., Howarth,C., Jen,D., Larson,L., Lewis,B., Montgomery,P., Park,D., Pearson,M., Richards,J., Roberts,A., Sisk,P., Stolte,C., White,J., Alvarado,L., Champion,M., Godfrey,P., Shenoy,N., Yandava,C., Zeng,Q., Vu,H.T., Nguyen,Q.H., Nguyen,Q.T., Duong,P.H., Simmons,C.P., Wills,B., Nguyen,M.D., Tran,V.N., Tran,H.T., Nguyen,L.T.M., Nguyen,L.P.H., Nusbaum,C., Birren,B.",2008,2009-11-11,ssRNA(+)
GU131689,dengue virus type I,Orthoflavivirus denguei,,DENV-1/VN/BID-V3853/2008,10403,complete,Viet Nam: South,Homo sapiens,blood,"Henn,M.R., Young,S., Koehrsen,M., Lennon,N., Erlich,R., Anderson,S., Rizzolo,K., Green,L., Ryan,E., Yu,Q., Berlin,A., Heiman,D., Hepburn,T., Sykes,S., Borenstein,D., Engels,R., Freedman,E., Gellesch,M., Heilman,E., Howarth,C., Jen,D., Larson,L., Lewis,B., Montgomery,P., Park,D., Pearson,M., Richards,J., Roberts,A., Sisk,P., Stolte,C., White,J., Alvarado,L., Champion,M., Godfrey,P., Shenoy,N., Yandava,C., Zeng,Q., Vu,H.T., Nguyen,Q.H., Nguyen,Q.T., Duong,P.H., Simmons,C.P., Wills,B., Nguyen,M.D., Tran,V.N., Tran,H.T., Nguyen,L.T.M., Nguyen,L.P.H., Nusbaum,C., Birren,B.",2008,2009-11-11,ssRNA(+)
GU131690,dengue virus type I,Orthoflavivirus denguei,,DENV-1/VN/BID-V3854/2008,10482,complete,Viet Nam: South,Homo sapiens,blood,"Henn,M.R., Young,S., Koehrsen,M., Lennon,N., Erlich,R., Anderson,S., Rizzolo,K., Green,L., Ryan,E., Yu,Q., Berlin,A., Heiman,D., Hepburn,T., Sykes,S., Borenstein,D., Engels,R., Freedman,E., Gellesch,M., Heilman,E., Howarth,C., Jen,D., Larson,L., Lewis,B., Montgomery,P., Park,D., Pearson,M., Richards,J., Roberts,A., Sisk,P., Stolte,C., White,J., Alvarado,L., Champion,M., Godfrey,P., Shenoy,N., Yandava,C., Zeng,Q., Vu,H.T., Nguyen,Q.H., Nguyen,Q.T., Duong,P.H., Simmons,C.P., Wills,B., Nguyen,M.D., Tran,V.N., Tran,H.T., Nguyen,L.T.M., Nguyen,L.P.H., Nusbaum,C., Birren,B.",2008,2009-11-11,ssRNA(+)
GU131691,dengue virus type I,Orthoflavivirus denguei,,DENV-1/VN/BID-V3855/2008,10464,complete,Viet Nam: South,Homo sapiens,blood,"Henn,M.R., Young,S., Koehrsen,M., Lennon,N., Erlich,R., Anderson,S., Rizzolo,K., Green,L., Ryan,E., Yu,Q., Berlin,A., Heiman,D., Hepburn,T., Sykes,S., Borenstein,D., Engels,R., Freedman,E., Gellesch,M., Heilman,E., Howarth,C., Jen,D., Larson,L., Lewis,B., Montgomery,P., Park,D., Pearson,M., Richards,J., Roberts,A., Sisk,P., Stolte,C., White,J., Alvarado,L., Champion,M., Godfrey,P., Shenoy,N., Yandava,C., Zeng,Q., Vu,H.T., Nguyen,Q.H., Nguyen,Q.T., Duong,P.H., Simmons,C.P., Wills,B., Nguyen,M.D., Tran,V.N., Tran,H.T., Nguyen,L.T.M., Nguyen,L.P.H., Nusbaum,C., Birren,B.",2008,2009-11-11,ssRNA(+)
GU131692,dengue virus type I,Orthoflavivirus denguei,,DENV-1/VN/BID-V3856/2008,10482,complete,Viet Nam: South,Homo sapiens,blood,"Henn,M.R., Young,S., Koehrsen,M., Lennon,N., Erlich,R., Anderson,S., Rizzolo,K., Green,L., Ryan,E., Yu,Q., Berlin,A., Heiman,D., Hepburn,T., Sykes,S., Borenstein,D., Engels,R., Freedman,E., Gellesch,M., Heilman,E., Howarth,C., Jen,D., Larson,L., Lewis,B., Montgomery,P., Park,D., Pearson,M., Richards,J., Roberts,A., Sisk,P., Stolte,C., White,J., Alvarado,L., Champion,M., Godfrey,P., Shenoy,N., Yandava,C., Zeng,Q., Vu,H.T., Nguyen,Q.H., Nguyen,Q.T., Duong,P.H., Simmons,C.P., Wills,B., Nguyen,M.D., Tran,V.N., Tran,H.T., Nguyen,L.T.M., Nguyen,L.P.H., Nusbaum,C., Birren,B.",2008,2009-11-11,ssRNA(+)
GU131693,dengue virus type I,Orthoflavivirus denguei,,DENV-1/VN/BID-V3857/2008,10472,complete,Viet Nam: South,Homo sapiens,blood,"Henn,M.R., Young,S., Koehrsen,M., Lennon,N., Erlich,R., Anderson,S., Rizzolo,K., Green,L., Ryan,E., Yu,Q., Berlin,A., Heiman,D., Hepburn,T., Sykes,S., Borenstein,D., Engels,R., Freedman,E., Gellesch,M., Heilman,E., Howarth,C., Jen,D., Larson,L., Lewis,B., Montgomery,P., Park,D., Pearson,M., Richards,J., Roberts,A., Sisk,P., Stolte,C., White,J., Alvarado,L., Champion,M., Godfrey,P., Shenoy,N., Yandava,C., Zeng,Q., Vu,H.T., Nguyen,Q.H., Nguyen,Q.T., Duong,P.H., Simmons,C.P., Wills,B., Nguyen,M.D., Tran,V.N., Tran,H.T., Nguyen,L.T.M., Nguyen,L.P.H., Nusbaum,C., Birren,B.",2008,2009-11-11,ssRNA(+)
GU131694,dengue virus type I,Orthoflavivirus denguei,,DENV-1/VN/BID-V3859/2008,10468,complete,Viet Nam: South,Homo sapiens,blood,"Henn,M.R., Young,S., Koehrsen,M., Lennon,N., Erlich,R., Anderson,S., Rizzolo,K., Green,L., Ryan,E., Yu,Q., Berlin,A., Heiman,D., Hepburn,T., Sykes,S., Borenstein,D., Engels,R., Freedman,E., Gellesch,M., Heilman,E., Howarth,C., Jen,D., Larson,L., Lewis,B., Montgomery,P., Park,D., Pearson,M., Richards,J., Roberts,A., Sisk,P., Stolte,C., White,J., Alvarado,L., Champion,M., Godfrey,P., Shenoy,N., Yandava,C., Zeng,Q., Vu,H.T., Nguyen,Q.H., Nguyen,Q.T., Duong,P.H., Simmons,C.P., Wills,B., Nguyen,M.D., Tran,V.N., Tran,H.T., Nguyen,L.T.M., Nguyen,L.P.H., Nusbaum,C., Birren,B.",2008,2009-11-11,ssRNA(+)
GU131695,dengue virus type I,Orthoflavivirus denguei,,DENV-1/VN/BID-V3860/2008,10477,complete,Viet Nam: South,Homo sapiens,blood,"Henn,M.R., Young,S., Koehrsen,M., Lennon,N., Erlich,R., Anderson,S., Rizzolo,K., Green,L., Ryan,E., Yu,Q., Berlin,A., Heiman,D., Hepburn,T., Sykes,S., Borenstein,D., Engels,R., Freedman,E., Gellesch,M., Heilman,E., Howarth,C., Jen,D., Larson,L., Lewis,B., Montgomery,P., Park,D., Pearson,M., Richards,J., Roberts,A., Sisk,P., Stolte,C., White,J., Alvarado,L., Champion,M., Godfrey,P., Shenoy,N., Yandava,C., Zeng,Q., Vu,H.T., Nguyen,Q.H., Nguyen,Q.T., Duong,P.H., Simmons,C.P., Wills,B., Nguyen,M.D., Tran,V.N., Tran,H.T., Nguyen,L.T.M., Nguyen,L.P.H., Nusbaum,C., Birren,B.",2008,2009-11-11,ssRNA(+)
GU131696,dengue virus type I,Orthoflavivirus denguei,,DENV-1/VN/BID-V3861/2008,10469,complete,Viet Nam: South,Homo sapiens,blood,"Henn,M.R., Young,S., Koehrsen,M., Lennon,N., Erlich,R., Anderson,S., Rizzolo,K., Green,L., Ryan,E., Yu,Q., Berlin,A., Heiman,D., Hepburn,T., Sykes,S., Borenstein,D., Engels,R., Freedman,E., Gellesch,M., Heilman,E., Howarth,C., Jen,D., Larson,L., Lewis,B., Montgomery,P., Park,D., Pearson,M., Richards,J., Roberts,A., Sisk,P., Stolte,C., White,J., Alvarado,L., Champion,M., Godfrey,P., Shenoy,N., Yandava,C., Zeng,Q., Vu,H.T., Nguyen,Q.H., Nguyen,Q.T., Duong,P.H., Simmons,C.P., Wills,B., Nguyen,M.D., Tran,V.N., Tran,H.T., Nguyen,L.T.M., Nguyen,L.P.H., Nusbaum,C., Birren,B.",2008,2009-11-11,ssRNA(+)
GU131697,dengue virus type I,Orthoflavivirus denguei,,DENV-1/VN/BID-V3862/2008,10453,complete,Viet Nam: South,Homo sapiens,blood,"Henn,M.R., Young,S., Koehrsen,M., Lennon,N., Erlich,R., Anderson,S., Rizzolo,K., Green,L., Ryan,E., Yu,Q., Berlin,A., Heiman,D., Hepburn,T., Sykes,S., Borenstein,D., Engels,R., Freedman,E., Gellesch,M., Heilman,E., Howarth,C., Jen,D., Larson,L., Lewis,B., Montgomery,P., Park,D., Pearson,M., Richards,J., Roberts,A., Sisk,P., Stolte,C., White,J., Alvarado,L., Champion,M., Godfrey,P., Shenoy,N., Yandava,C., Zeng,Q., Vu,H.T., Nguyen,Q.H., Nguyen,Q.T., Duong,P.H., Simmons,C.P., Wills,B., Nguyen,M.D., Tran,V.N., Tran,H.T., Nguyen,L.T.M., Nguyen,L.P.H., Nusbaum,C., Birren,B.",2008,2009-11-11,ssRNA(+)
GU131698,dengue virus type I,Orthoflavivirus denguei,,DENV-1/VN/BID-V3863/2008,10418,complete,Viet Nam: South,Homo sapiens,blood,"Henn,M.R., Young,S., Koehrsen,M., Lennon,N., Erlich,R., Anderson,S., Rizzolo,K., Green,L., Ryan,E., Yu,Q., Berlin,A., Heiman,D., Hepburn,T., Sykes,S., Borenstein,D., Engels,R., Freedman,E., Gellesch,M., Heilman,E., Howarth,C., Jen,D., Larson,L., Lewis,B., Montgomery,P., Park,D., Pearson,M., Richards,J., Roberts,A., Sisk,P., Stolte,C., White,J., Alvarado,L., Champion,M., Godfrey,P., Shenoy,N., Yandava,C., Zeng,Q., Vu,H.T., Nguyen,Q.H., Nguyen,Q.T., Duong,P.H., Simmons,C.P., Wills,B., Nguyen,M.D., Tran,V.N., Tran,H.T., Nguyen,L.T.M., Nguyen,L.P.H., Nusbaum,C., Birren,B.",2008,2009-11-11,ssRNA(+)
GU131699,dengue virus type I,Orthoflavivirus denguei,,DENV-1/VN/BID-V3864/2008,10486,complete,Viet Nam: South,Homo sapiens,blood,"Henn,M.R., Young,S., Koehrsen,M., Lennon,N., Erlich,R., Anderson,S., Rizzolo,K., Green,L., Ryan,E., Yu,Q., Berlin,A., Heiman,D., Hepburn,T., Sykes,S., Borenstein,D., Engels,R., Freedman,E., Gellesch,M., Heilman,E., Howarth,C., Jen,D., Larson,L., Lewis,B., Montgomery,P., Park,D., Pearson,M., Richards,J., Roberts,A., Sisk,P., Stolte,C., White,J., Alvarado,L., Champion,M., Godfrey,P., Shenoy,N., Yandava,C., Zeng,Q., Vu,H.T., Nguyen,Q.H., Nguyen,Q.T., Duong,P.H., Simmons,C.P., Wills,B., Nguyen,M.D., Tran,V.N., Tran,H.T., Nguyen,L.T.M., Nguyen,L.P.H., Nusbaum,C., Birren,B.",2008,2009-11-11,ssRNA(+)
GU131700,dengue virus type I,Orthoflavivirus denguei,,DENV-1/VN/BID-V3865/2008,10418,complete,Viet Nam: South,Homo sapiens,blood,"Henn,M.R., Young,S., Koehrsen,M., Lennon,N., Erlich,R., Anderson,S., Rizzolo,K., Green,L., Ryan,E., Yu,Q., Berlin,A., Heiman,D., Hepburn,T., Sykes,S., Borenstein,D., Engels,R., Freedman,E., Gellesch,M., Heilman,E., Howarth,C., Jen,D., Larson,L., Lewis,B., Montgomery,P., Park,D., Pearson,M., Richards,J., Roberts,A., Sisk,P., Stolte,C., White,J., Alvarado,L., Champion,M., Godfrey,P., Shenoy,N., Yandava,C., Zeng,Q., Vu,H.T., Nguyen,Q.H., Nguyen,Q.T., Duong,P.H., Simmons,C.P., Wills,B., Nguyen,M.D., Tran,V.N., Tran,H.T., Nguyen,L.T.M., Nguyen,L.P.H., Nusbaum,C., Birren,B.",2008,2009-11-11,ssRNA(+)
GU131701,dengue virus type I,Orthoflavivirus denguei,,DENV-1/VN/BID-V3866/2008,10404,complete,Viet Nam: South,Homo sapiens,blood,"Henn,M.R., Young,S., Koehrsen,M., Lennon,N., Erlich,R., Anderson,S., Rizzolo,K., Green,L., Ryan,E., Yu,Q., Berlin,A., Heiman,D., Hepburn,T., Sykes,S., Borenstein,D., Engels,R., Freedman,E., Gellesch,M., Heilman,E., Howarth,C., Jen,D., Larson,L., Lewis,B., Montgomery,P., Park,D., Pearson,M., Richards,J., Roberts,A., Sisk,P., Stolte,C., White,J., Alvarado,L., Champion,M., Godfrey,P., Shenoy,N., Yandava,C., Zeng,Q., Vu,H.T., Nguyen,Q.H., Nguyen,Q.T., Duong,P.H., Simmons,C.P., Wills,B., Nguyen,M.D., Tran,V.N., Tran,H.T., Nguyen,L.T.M., Nguyen,L.P.H., Nusbaum,C., Birren,B.",2008,2009-11-11,ssRNA(+)
GU131702,dengue virus type I,Orthoflavivirus denguei,,DENV-1/VN/BID-V3867/2008,10482,complete,Viet Nam: South,Homo sapiens,blood,"Henn,M.R., Young,S., Koehrsen,M., Lennon,N., Erlich,R., Anderson,S., Rizzolo,K., Green,L., Ryan,E., Yu,Q., Berlin,A., Heiman,D., Hepburn,T., Sykes,S., Borenstein,D., Engels,R., Freedman,E., Gellesch,M., Heilman,E., Howarth,C., Jen,D., Larson,L., Lewis,B., Montgomery,P., Park,D., Pearson,M., Richards,J., Roberts,A., Sisk,P., Stolte,C., White,J., Alvarado,L., Champion,M., Godfrey,P., Shenoy,N., Yandava,C., Zeng,Q., Vu,H.T., Nguyen,Q.H., Nguyen,Q.T., Duong,P.H., Simmons,C.P., Wills,B., Nguyen,M.D., Tran,V.N., Tran,H.T., Nguyen,L.T.M., Nguyen,L.P.H., Nusbaum,C., Birren,B.",2008,2009-11-11,ssRNA(+)
GU131703,dengue virus type I,Orthoflavivirus denguei,,DENV-1/VN/BID-V3868/2008,10467,complete,Viet Nam: South,Homo sapiens,blood,"Henn,M.R., Young,S., Koehrsen,M., Lennon,N., Erlich,R., Anderson,S., Rizzolo,K., Green,L., Ryan,E., Yu,Q., Berlin,A., Heiman,D., Hepburn,T., Sykes,S., Borenstein,D., Engels,R., Freedman,E., Gellesch,M., Heilman,E., Howarth,C., Jen,D., Larson,L., Lewis,B., Montgomery,P., Park,D., Pearson,M., Richards,J., Roberts,A., Sisk,P., Stolte,C., White,J., Alvarado,L., Champion,M., Godfrey,P., Shenoy,N., Yandava,C., Zeng,Q., Vu,H.T., Nguyen,Q.H., Nguyen,Q.T., Duong,P.H., Simmons,C.P., Wills,B., Nguyen,M.D., Tran,V.N., Tran,H.T., Nguyen,L.T.M., Nguyen,L.P.H., Nusbaum,C., Birren,B.",2008,2009-11-11,ssRNA(+)
GU131704,dengue virus type I,Orthoflavivirus denguei,,DENV-1/VN/BID-V3869/2008,10473,complete,Viet Nam: South,Homo sapiens,blood,"Henn,M.R., Young,S., Koehrsen,M., Lennon,N., Erlich,R., Anderson,S., Rizzolo,K., Green,L., Ryan,E., Yu,Q., Berlin,A., Heiman,D., Hepburn,T., Sykes,S., Borenstein,D., Engels,R., Freedman,E., Gellesch,M., Heilman,E., Howarth,C., Jen,D., Larson,L., Lewis,B., Montgomery,P., Park,D., Pearson,M., Richards,J., Roberts,A., Sisk,P., Stolte,C., White,J., Alvarado,L., Champion,M., Godfrey,P., Shenoy,N., Yandava,C., Zeng,Q., Vu,H.T., Nguyen,Q.H., Nguyen,Q.T., Duong,P.H., Simmons,C.P., Wills,B., Nguyen,M.D., Tran,V.N., Tran,H.T., Nguyen,L.T.M., Nguyen,L.P.H., Nusbaum,C., Birren,B.",2008,2009-11-11,ssRNA(+)
GU131705,dengue virus type I,Orthoflavivirus denguei,,DENV-1/VN/BID-V3870/2008,10408,complete,Viet Nam: South,Homo sapiens,blood,"Henn,M.R., Young,S., Koehrsen,M., Lennon,N., Erlich,R., Anderson,S., Rizzolo,K., Green,L., Ryan,E., Yu,Q., Berlin,A., Heiman,D., Hepburn,T., Sykes,S., Borenstein,D., Engels,R., Freedman,E., Gellesch,M., Heilman,E., Howarth,C., Jen,D., Larson,L., Lewis,B., Montgomery,P., Park,D., Pearson,M., Richards,J., Roberts,A., Sisk,P., Stolte,C., White,J., Alvarado,L., Champion,M., Godfrey,P., Shenoy,N., Yandava,C., Zeng,Q., Vu,H.T., Nguyen,Q.H., Nguyen,Q.T., Duong,P.H., Simmons,C.P., Wills,B., Nguyen,M.D., Tran,V.N., Tran,H.T., Nguyen,L.T.M., Nguyen,L.P.H., Nusbaum,C., Birren,B.",2008,2009-11-11,ssRNA(+)
GU131706,dengue virus type I,Orthoflavivirus denguei,,DENV-1/VN/BID-V3871/2008,10467,complete,Viet Nam: South,Homo sapiens,blood,"Henn,M.R., Young,S., Koehrsen,M., Lennon,N., Erlich,R., Anderson,S., Rizzolo,K., Green,L., Ryan,E., Yu,Q., Berlin,A., Heiman,D., Hepburn,T., Sykes,S., Borenstein,D., Engels,R., Freedman,E., Gellesch,M., Heilman,E., Howarth,C., Jen,D., Larson,L., Lewis,B., Montgomery,P., Park,D., Pearson,M., Richards,J., Roberts,A., Sisk,P., Stolte,C., White,J., Alvarado,L., Champion,M., Godfrey,P., Shenoy,N., Yandava,C., Zeng,Q., Vu,H.T., Nguyen,Q.H., Nguyen,Q.T., Duong,P.H., Simmons,C.P., Wills,B., Nguyen,M.D., Tran,V.N., Tran,H.T., Nguyen,L.T.M., Nguyen,L.P.H., Nusbaum,C., Birren,B.",2008,2009-11-11,ssRNA(+)
GU131707,dengue virus type I,Orthoflavivirus denguei,,DENV-1/VN/BID-V3872/2008,10461,complete,Viet Nam: South,Homo sapiens,blood,"Henn,M.R., Young,S., Koehrsen,M., Lennon,N., Erlich,R., Anderson,S., Rizzolo,K., Green,L., Ryan,E., Yu,Q., Berlin,A., Heiman,D., Hepburn,T., Sykes,S., Borenstein,D., Engels,R., Freedman,E., Gellesch,M., Heilman,E., Howarth,C., Jen,D., Larson,L., Lewis,B., Montgomery,P., Park,D., Pearson,M., Richards,J., Roberts,A., Sisk,P., Stolte,C., White,J., Alvarado,L., Champion,M., Godfrey,P., Shenoy,N., Yandava,C., Zeng,Q., Vu,H.T., Nguyen,Q.H., Nguyen,Q.T., Duong,P.H., Simmons,C.P., Wills,B., Nguyen,M.D., Tran,V.N., Tran,H.T., Nguyen,L.T.M., Nguyen,L.P.H., Nusbaum,C., Birren,B.",2008,2009-11-11,ssRNA(+)
GU131708,dengue virus type I,Orthoflavivirus denguei,,DENV-1/VN/BID-V3873/2008,10472,complete,Viet Nam: South,Homo sapiens,blood,"Henn,M.R., Young,S., Koehrsen,M., Lennon,N., Erlich,R., Anderson,S., Rizzolo,K., Green,L., Ryan,E., Yu,Q., Berlin,A., Heiman,D., Hepburn,T., Sykes,S., Borenstein,D., Engels,R., Freedman,E., Gellesch,M., Heilman,E., Howarth,C., Jen,D., Larson,L., Lewis,B., Montgomery,P., Park,D., Pearson,M., Richards,J., Roberts,A., Sisk,P., Stolte,C., White,J., Alvarado,L., Champion,M., Godfrey,P., Shenoy,N., Yandava,C., Zeng,Q., Vu,H.T., Nguyen,Q.H., Nguyen,Q.T., Duong,P.H., Simmons,C.P., Wills,B., Nguyen,M.D., Tran,V.N., Tran,H.T., Nguyen,L.T.M., Nguyen,L.P.H., Nusbaum,C., Birren,B.",2008,2009-11-11,ssRNA(+)
GU131709,dengue virus type I,Orthoflavivirus denguei,,DENV-1/VN/BID-V3874/2008,10462,complete,Viet Nam: South,Homo sapiens,blood,"Henn,M.R., Young,S., Koehrsen,M., Lennon,N., Erlich,R., Anderson,S., Rizzolo,K., Green,L., Ryan,E., Yu,Q., Berlin,A., Heiman,D., Hepburn,T., Sykes,S., Borenstein,D., Engels,R., Freedman,E., Gellesch,M., Heilman,E., Howarth,C., Jen,D., Larson,L., Lewis,B., Montgomery,P., Park,D., Pearson,M., Richards,J., Roberts,A., Sisk,P., Stolte,C., White,J., Alvarado,L., Champion,M., Godfrey,P., Shenoy,N., Yandava,C., Zeng,Q., Vu,H.T., Nguyen,Q.H., Nguyen,Q.T., Duong,P.H., Simmons,C.P., Wills,B., Nguyen,M.D., Tran,V.N., Tran,H.T., Nguyen,L.T.M., Nguyen,L.P.H., Nusbaum,C., Birren,B.",2008,2009-11-11,ssRNA(+)
GU131710,dengue virus type I,Orthoflavivirus denguei,,DENV-1/VN/BID-V3876/2008,10418,complete,Viet Nam: South,Homo sapiens,blood,"Henn,M.R., Young,S., Koehrsen,M., Lennon,N., Erlich,R., Anderson,S., Rizzolo,K., Green,L., Ryan,E., Yu,Q., Berlin,A., Heiman,D., Hepburn,T., Sykes,S., Borenstein,D., Engels,R., Freedman,E., Gellesch,M., Heilman,E., Howarth,C., Jen,D., Larson,L., Lewis,B., Montgomery,P., Park,D., Pearson,M., Richards,J., Roberts,A., Sisk,P., Stolte,C., White,J., Alvarado,L., Champion,M., Godfrey,P., Shenoy,N., Yandava,C., Zeng,Q., Vu,H.T., Nguyen,Q.H., Nguyen,Q.T., Duong,P.H., Simmons,C.P., Wills,B., Nguyen,M.D., Tran,V.N., Tran,H.T., Nguyen,L.T.M., Nguyen,L.P.H., Nusbaum,C., Birren,B.",2008,2009-11-11,ssRNA(+)
GU131711,dengue virus type I,Orthoflavivirus denguei,,DENV-1/VN/BID-V3878/2008,10454,complete,Viet Nam: South,Homo sapiens,blood,"Henn,M.R., Young,S., Koehrsen,M., Lennon,N., Erlich,R., Anderson,S., Rizzolo,K., Green,L., Ryan,E., Yu,Q., Berlin,A., Heiman,D., Hepburn,T., Sykes,S., Borenstein,D., Engels,R., Freedman,E., Gellesch,M., Heilman,E., Howarth,C., Jen,D., Larson,L., Lewis,B., Montgomery,P., Park,D., Pearson,M., Richards,J., Roberts,A., Sisk,P., Stolte,C., White,J., Alvarado,L., Champion,M., Godfrey,P., Shenoy,N., Yandava,C., Zeng,Q., Vu,H.T., Nguyen,Q.H., Nguyen,Q.T., Duong,P.H., Simmons,C.P., Wills,B., Nguyen,M.D., Tran,V.N., Tran,H.T., Nguyen,L.T.M., Nguyen,L.P.H., Nusbaum,C., Birren,B.",2008,2009-11-11,ssRNA(+)
GU131712,dengue virus type I,Orthoflavivirus denguei,,DENV-1/VN/BID-V3879/2008,10465,complete,Viet Nam: South,Homo sapiens,blood,"Henn,M.R., Young,S., Koehrsen,M., Lennon,N., Erlich,R., Anderson,S., Rizzolo,K., Green,L., Ryan,E., Yu,Q., Berlin,A., Heiman,D., Hepburn,T., Sykes,S., Borenstein,D., Engels,R., Freedman,E., Gellesch,M., Heilman,E., Howarth,C., Jen,D., Larson,L., Lewis,B., Montgomery,P., Park,D., Pearson,M., Richards,J., Roberts,A., Sisk,P., Stolte,C., White,J., Alvarado,L., Champion,M., Godfrey,P., Shenoy,N., Yandava,C., Zeng,Q., Vu,H.T., Nguyen,Q.H., Nguyen,Q.T., Duong,P.H., Simmons,C.P., Wills,B., Nguyen,M.D., Tran,V.N., Tran,H.T., Nguyen,L.T.M., Nguyen,L.P.H., Nusbaum,C., Birren,B.",2008,2009-11-11,ssRNA(+)
GU131713,dengue virus type I,Orthoflavivirus denguei,,DENV-1/VN/BID-V3881/2008,10462,complete,Viet Nam: South,Homo sapiens,blood,"Henn,M.R., Young,S., Koehrsen,M., Lennon,N., Erlich,R., Anderson,S., Rizzolo,K., Green,L., Ryan,E., Yu,Q., Berlin,A., Heiman,D., Hepburn,T., Sykes,S., Borenstein,D., Engels,R., Freedman,E., Gellesch,M., Heilman,E., Howarth,C., Jen,D., Larson,L., Lewis,B., Montgomery,P., Park,D., Pearson,M., Richards,J., Roberts,A., Sisk,P., Stolte,C., White,J., Alvarado,L., Champion,M., Godfrey,P., Shenoy,N., Yandava,C., Zeng,Q., Vu,H.T., Nguyen,Q.H., Nguyen,Q.T., Duong,P.H., Simmons,C.P., Wills,B., Nguyen,M.D., Tran,V.N., Tran,H.T., Nguyen,L.T.M., Nguyen,L.P.H., Nusbaum,C., Birren,B.",2008,2009-11-11,ssRNA(+)
GU131714,dengue virus type I,Orthoflavivirus denguei,,DENV-1/VN/BID-V3883/2008,10457,complete,Viet Nam: South,Homo sapiens,blood,"Henn,M.R., Young,S., Koehrsen,M., Lennon,N., Erlich,R., Anderson,S., Rizzolo,K., Green,L., Ryan,E., Yu,Q., Berlin,A., Heiman,D., Hepburn,T., Sykes,S., Borenstein,D., Engels,R., Freedman,E., Gellesch,M., Heilman,E., Howarth,C., Jen,D., Larson,L., Lewis,B., Montgomery,P., Park,D., Pearson,M., Richards,J., Roberts,A., Sisk,P., Stolte,C., White,J., Alvarado,L., Champion,M., Godfrey,P., Shenoy,N., Yandava,C., Zeng,Q., Vu,H.T., Nguyen,Q.H., Nguyen,Q.T., Duong,P.H., Simmons,C.P., Wills,B., Nguyen,M.D., Tran,V.N., Tran,H.T., Nguyen,L.T.M., Nguyen,L.P.H., Nusbaum,C., Birren,B.",2008,2009-11-11,ssRNA(+)
GU131715,dengue virus type I,Orthoflavivirus denguei,,DENV-1/VN/BID-V3885/2008,10473,complete,Viet Nam: South,Homo sapiens,blood,"Henn,M.R., Young,S., Koehrsen,M., Lennon,N., Erlich,R., Anderson,S., Rizzolo,K., Green,L., Ryan,E., Yu,Q., Berlin,A., Heiman,D., Hepburn,T., Sykes,S., Borenstein,D., Engels,R., Freedman,E., Gellesch,M., Heilman,E., Howarth,C., Jen,D., Larson,L., Lewis,B., Montgomery,P., Park,D., Pearson,M., Richards,J., Roberts,A., Sisk,P., Stolte,C., White,J., Alvarado,L., Champion,M., Godfrey,P., Shenoy,N., Yandava,C., Zeng,Q., Vu,H.T., Nguyen,Q.H., Nguyen,Q.T., Duong,P.H., Simmons,C.P., Wills,B., Nguyen,M.D., Tran,V.N., Tran,H.T., Nguyen,L.T.M., Nguyen,L.P.H., Nusbaum,C., Birren,B.",2008,2009-11-11,ssRNA(+)
GU131716,dengue virus type I,Orthoflavivirus denguei,,DENV-1/VN/BID-V3886/2008,10472,complete,Viet Nam: South,Homo sapiens,blood,"Henn,M.R., Young,S., Koehrsen,M., Lennon,N., Erlich,R., Anderson,S., Rizzolo,K., Green,L., Ryan,E., Yu,Q., Berlin,A., Heiman,D., Hepburn,T., Sykes,S., Borenstein,D., Engels,R., Freedman,E., Gellesch,M., Heilman,E., Howarth,C., Jen,D., Larson,L., Lewis,B., Montgomery,P., Park,D., Pearson,M., Richards,J., Roberts,A., Sisk,P., Stolte,C., White,J., Alvarado,L., Champion,M., Godfrey,P., Shenoy,N., Yandava,C., Zeng,Q., Vu,H.T., Nguyen,Q.H., Nguyen,Q.T., Duong,P.H., Simmons,C.P., Wills,B., Nguyen,M.D., Tran,V.N., Tran,H.T., Nguyen,L.T.M., Nguyen,L.P.H., Nusbaum,C., Birren,B.",2008,2009-11-11,ssRNA(+)
GU131717,dengue virus type I,Orthoflavivirus denguei,,DENV-1/VN/BID-V3887/2008,10470,complete,Viet Nam: South,Homo sapiens,blood,"Henn,M.R., Young,S., Koehrsen,M., Lennon,N., Erlich,R., Anderson,S., Rizzolo,K., Green,L., Ryan,E., Yu,Q., Berlin,A., Heiman,D., Hepburn,T., Sykes,S., Borenstein,D., Engels,R., Freedman,E., Gellesch,M., Heilman,E., Howarth,C., Jen,D., Larson,L., Lewis,B., Montgomery,P., Park,D., Pearson,M., Richards,J., Roberts,A., Sisk,P., Stolte,C., White,J., Alvarado,L., Champion,M., Godfrey,P., Shenoy,N., Yandava,C., Zeng,Q., Vu,H.T., Nguyen,Q.H., Nguyen,Q.T., Duong,P.H., Simmons,C.P., Wills,B., Nguyen,M.D., Tran,V.N., Tran,H.T., Nguyen,L.T.M., Nguyen,L.P.H., Nusbaum,C., Birren,B.",2008,2009-11-11,ssRNA(+)
GU131718,dengue virus type I,Orthoflavivirus denguei,,DENV-1/VN/BID-V3888/2008,10476,complete,Viet Nam: South,Homo sapiens,blood,"Henn,M.R., Young,S., Koehrsen,M., Lennon,N., Erlich,R., Anderson,S., Rizzolo,K., Green,L., Ryan,E., Yu,Q., Berlin,A., Heiman,D., Hepburn,T., Sykes,S., Borenstein,D., Engels,R., Freedman,E., Gellesch,M., Heilman,E., Howarth,C., Jen,D., Larson,L., Lewis,B., Montgomery,P., Park,D., Pearson,M., Richards,J., Roberts,A., Sisk,P., Stolte,C., White,J., Alvarado,L., Champion,M., Godfrey,P., Shenoy,N., Yandava,C., Zeng,Q., Vu,H.T., Nguyen,Q.H., Nguyen,Q.T., Duong,P.H., Simmons,C.P., Wills,B., Nguyen,M.D., Tran,V.N., Tran,H.T., Nguyen,L.T.M., Nguyen,L.P.H., Nusbaum,C., Birren,B.",2008,2009-11-11,ssRNA(+)
GU131719,dengue virus type I,Orthoflavivirus denguei,,DENV-1/VN/BID-V3889/2008,10462,complete,Viet Nam: South,Homo sapiens,blood,"Henn,M.R., Young,S., Koehrsen,M., Lennon,N., Erlich,R., Anderson,S., Rizzolo,K., Green,L., Ryan,E., Yu,Q., Berlin,A., Heiman,D., Hepburn,T., Sykes,S., Borenstein,D., Engels,R., Freedman,E., Gellesch,M., Heilman,E., Howarth,C., Jen,D., Larson,L., Lewis,B., Montgomery,P., Park,D., Pearson,M., Richards,J., Roberts,A., Sisk,P., Stolte,C., White,J., Alvarado,L., Champion,M., Godfrey,P., Shenoy,N., Yandava,C., Zeng,Q., Vu,H.T., Nguyen,Q.H., Nguyen,Q.T., Duong,P.H., Simmons,C.P., Wills,B., Nguyen,M.D., Tran,V.N., Tran,H.T., Nguyen,L.T.M., Nguyen,L.P.H., Nusbaum,C., Birren,B.",2008,2009-11-11,ssRNA(+)
GU131720,dengue virus type I,Orthoflavivirus denguei,,DENV-1/VN/BID-V3890/2008,10472,complete,Viet Nam: South,Homo sapiens,blood,"Henn,M.R., Young,S., Koehrsen,M., Lennon,N., Erlich,R., Anderson,S., Rizzolo,K., Green,L., Ryan,E., Yu,Q., Berlin,A., Heiman,D., Hepburn,T., Sykes,S., Borenstein,D., Engels,R., Freedman,E., Gellesch,M., Heilman,E., Howarth,C., Jen,D., Larson,L., Lewis,B., Montgomery,P., Park,D., Pearson,M., Richards,J., Roberts,A., Sisk,P., Stolte,C., White,J., Alvarado,L., Champion,M., Godfrey,P., Shenoy,N., Yandava,C., Zeng,Q., Vu,H.T., Nguyen,Q.H., Nguyen,Q.T., Duong,P.H., Simmons,C.P., Wills,B., Nguyen,M.D., Tran,V.N., Tran,H.T., Nguyen,L.T.M., Nguyen,L.P.H., Nusbaum,C., Birren,B.",2008,2009-11-11,ssRNA(+)
GU131721,dengue virus type I,Orthoflavivirus denguei,,DENV-1/VN/BID-V3898/2008,10676,complete,Viet Nam: South,Homo sapiens,blood,"Henn,M.R., Young,S., Koehrsen,M., Lennon,N., Erlich,R., Anderson,S., Rizzolo,K., Green,L., Ryan,E., Yu,Q., Berlin,A., Heiman,D., Hepburn,T., Sykes,S., Borenstein,D., Engels,R., Freedman,E., Gellesch,M., Heilman,E., Howarth,C., Jen,D., Larson,L., Lewis,B., Montgomery,P., Park,D., Pearson,M., Richards,J., Roberts,A., Sisk,P., Stolte,C., White,J., Alvarado,L., Champion,M., Godfrey,P., Shenoy,N., Yandava,C., Zeng,Q., Vu,H.T., Nguyen,Q.H., Nguyen,Q.T., Duong,P.H., Simmons,C.P., Wills,B., Nguyen,M.D., Tran,V.N., Tran,H.T., Nguyen,L.T.M., Nguyen,L.P.H., Nusbaum,C., Birren,B.",2008,2009-11-11,ssRNA(+)
GU131722,dengue virus type I,Orthoflavivirus denguei,,DENV-1/VN/BID-V3899/2008,10486,complete,Viet Nam: South,Homo sapiens,blood,"Henn,M.R., Young,S., Koehrsen,M., Lennon,N., Erlich,R., Anderson,S., Rizzolo,K., Green,L., Ryan,E., Yu,Q., Berlin,A., Heiman,D., Hepburn,T., Sykes,S., Borenstein,D., Engels,R., Freedman,E., Gellesch,M., Heilman,E., Howarth,C., Jen,D., Larson,L., Lewis,B., Montgomery,P., Park,D., Pearson,M., Richards,J., Roberts,A., Sisk,P., Stolte,C., White,J., Alvarado,L., Champion,M., Godfrey,P., Shenoy,N., Yandava,C., Zeng,Q., Vu,H.T., Nguyen,Q.H., Nguyen,Q.T., Duong,P.H., Simmons,C.P., Wills,B., Nguyen,M.D., Tran,V.N., Tran,H.T., Nguyen,L.T.M., Nguyen,L.P.H., Nusbaum,C., Birren,B.",2008,2009-11-11,ssRNA(+)
GU131723,dengue virus type I,Orthoflavivirus denguei,,DENV-1/VN/BID-V3900/2008,10472,complete,Viet Nam: South,Homo sapiens,blood,"Henn,M.R., Young,S., Koehrsen,M., Lennon,N., Erlich,R., Anderson,S., Rizzolo,K., Green,L., Ryan,E., Yu,Q., Berlin,A., Heiman,D., Hepburn,T., Sykes,S., Borenstein,D., Engels,R., Freedman,E., Gellesch,M., Heilman,E., Howarth,C., Jen,D., Larson,L., Lewis,B., Montgomery,P., Park,D., Pearson,M., Richards,J., Roberts,A., Sisk,P., Stolte,C., White,J., Alvarado,L., Champion,M., Godfrey,P., Shenoy,N., Yandava,C., Zeng,Q., Vu,H.T., Nguyen,Q.H., Nguyen,Q.T., Duong,P.H., Simmons,C.P., Wills,B., Nguyen,M.D., Tran,V.N., Tran,H.T., Nguyen,L.T.M., Nguyen,L.P.H., Nusbaum,C., Birren,B.",2008,2009-11-11,ssRNA(+)
GU131724,dengue virus type I,Orthoflavivirus denguei,,DENV-1/VN/BID-V3902/2008,10475,complete,Viet Nam: South,Homo sapiens,blood,"Henn,M.R., Young,S., Koehrsen,M., Lennon,N., Erlich,R., Anderson,S., Rizzolo,K., Green,L., Ryan,E., Yu,Q., Berlin,A., Heiman,D., Hepburn,T., Sykes,S., Borenstein,D., Engels,R., Freedman,E., Gellesch,M., Heilman,E., Howarth,C., Jen,D., Larson,L., Lewis,B., Montgomery,P., Park,D., Pearson,M., Richards,J., Roberts,A., Sisk,P., Stolte,C., White,J., Alvarado,L., Champion,M., Godfrey,P., Shenoy,N., Yandava,C., Zeng,Q., Vu,H.T., Nguyen,Q.H., Nguyen,Q.T., Duong,P.H., Simmons,C.P., Wills,B., Nguyen,M.D., Tran,V.N., Tran,H.T., Nguyen,L.T.M., Nguyen,L.P.H., Nusbaum,C., Birren,B.",2008,2009-11-11,ssRNA(+)
GU131725,dengue virus type I,Orthoflavivirus denguei,,DENV-1/VN/BID-V3903/2008,10511,complete,Viet Nam: South,Homo sapiens,blood,"Henn,M.R., Young,S., Koehrsen,M., Lennon,N., Erlich,R., Anderson,S., Rizzolo,K., Green,L., Ryan,E., Yu,Q., Berlin,A., Heiman,D., Hepburn,T., Sykes,S., Borenstein,D., Engels,R., Freedman,E., Gellesch,M., Heilman,E., Howarth,C., Jen,D., Larson,L., Lewis,B., Montgomery,P., Park,D., Pearson,M., Richards,J., Roberts,A., Sisk,P., Stolte,C., White,J., Alvarado,L., Champion,M., Godfrey,P., Shenoy,N., Yandava,C., Zeng,Q., Vu,H.T., Nguyen,Q.H., Nguyen,Q.T., Duong,P.H., Simmons,C.P., Wills,B., Nguyen,M.D., Tran,V.N., Tran,H.T., Nguyen,L.T.M., Nguyen,L.P.H., Nusbaum,C., Birren,B.",2008,2009-11-11,ssRNA(+)
GU131726,dengue virus type I,Orthoflavivirus denguei,,DENV-1/VN/BID-V3904/2008,10418,complete,Viet Nam: South,Homo sapiens,blood,"Henn,M.R., Young,S., Koehrsen,M., Lennon,N., Erlich,R., Anderson,S., Rizzolo,K., Green,L., Ryan,E., Yu,Q., Berlin,A., Heiman,D., Hepburn,T., Sykes,S., Borenstein,D., Engels,R., Freedman,E., Gellesch,M., Heilman,E., Howarth,C., Jen,D., Larson,L., Lewis,B., Montgomery,P., Park,D., Pearson,M., Richards,J., Roberts,A., Sisk,P., Stolte,C., White,J., Alvarado,L., Champion,M., Godfrey,P., Shenoy,N., Yandava,C., Zeng,Q., Vu,H.T., Nguyen,Q.H., Nguyen,Q.T., Duong,P.H., Simmons,C.P., Wills,B., Nguyen,M.D., Tran,V.N., Tran,H.T., Nguyen,L.T.M., Nguyen,L.P.H., Nusbaum,C., Birren,B.",2008,2009-11-11,ssRNA(+)
GU131727,dengue virus type I,Orthoflavivirus denguei,,DENV-1/VN/BID-V3905/2008,10486,complete,Viet Nam: South,Homo sapiens,blood,"Henn,M.R., Young,S., Koehrsen,M., Lennon,N., Erlich,R., Anderson,S., Rizzolo,K., Green,L., Ryan,E., Yu,Q., Berlin,A., Heiman,D., Hepburn,T., Sykes,S., Borenstein,D., Engels,R., Freedman,E., Gellesch,M., Heilman,E., Howarth,C., Jen,D., Larson,L., Lewis,B., Montgomery,P., Park,D., Pearson,M., Richards,J., Roberts,A., Sisk,P., Stolte,C., White,J., Alvarado,L., Champion,M., Godfrey,P., Shenoy,N., Yandava,C., Zeng,Q., Vu,H.T., Nguyen,Q.H., Nguyen,Q.T., Duong,P.H., Simmons,C.P., Wills,B., Nguyen,M.D., Tran,V.N., Tran,H.T., Nguyen,L.T.M., Nguyen,L.P.H., Nusbaum,C., Birren,B.",2008,2009-11-11,ssRNA(+)
GU131728,dengue virus type I,Orthoflavivirus denguei,,DENV-1/VN/BID-V3907/2008,10472,complete,Viet Nam: South,Homo sapiens,blood,"Henn,M.R., Young,S., Koehrsen,M., Lennon,N., Erlich,R., Anderson,S., Rizzolo,K., Green,L., Ryan,E., Yu,Q., Berlin,A., Heiman,D., Hepburn,T., Sykes,S., Borenstein,D., Engels,R., Freedman,E., Gellesch,M., Heilman,E., Howarth,C., Jen,D., Larson,L., Lewis,B., Montgomery,P., Park,D., Pearson,M., Richards,J., Roberts,A., Sisk,P., Stolte,C., White,J., Alvarado,L., Champion,M., Godfrey,P., Shenoy,N., Yandava,C., Zeng,Q., Vu,H.T., Nguyen,Q.H., Nguyen,Q.T., Duong,P.H., Simmons,C.P., Wills,B., Nguyen,M.D., Tran,V.N., Tran,H.T., Nguyen,L.T.M., Nguyen,L.P.H., Nusbaum,C., Birren,B.",2008,2009-11-11,ssRNA(+)
GU131729,dengue virus type I,Orthoflavivirus denguei,,DENV-1/VN/BID-V3933/2008,10466,complete,Viet Nam: South,Homo sapiens,blood,"Henn,M.R., Young,S., Koehrsen,M., Lennon,N., Erlich,R., Anderson,S., Rizzolo,K., Green,L., Ryan,E., Yu,Q., Berlin,A., Heiman,D., Hepburn,T., Sykes,S., Borenstein,D., Engels,R., Freedman,E., Gellesch,M., Heilman,E., Howarth,C., Jen,D., Larson,L., Lewis,B., Montgomery,P., Park,D., Pearson,M., Richards,J., Roberts,A., Sisk,P., Stolte,C., White,J., Alvarado,L., Champion,M., Godfrey,P., Shenoy,N., Yandava,C., Zeng,Q., Vu,H.T., Nguyen,Q.H., Nguyen,Q.T., Duong,P.H., Simmons,C.P., Wills,B., Nguyen,M.D., Tran,V.N., Tran,H.T., Nguyen,L.T.M., Nguyen,L.P.H., Nusbaum,C., Birren,B.",2008,2009-11-11,ssRNA(+)
GU131730,dengue virus type I,Orthoflavivirus denguei,,DENV-1/VN/BID-V3934/2008,10446,complete,Viet Nam: South,Homo sapiens,blood,"Henn,M.R., Young,S., Koehrsen,M., Lennon,N., Erlich,R., Anderson,S., Rizzolo,K., Green,L., Ryan,E., Yu,Q., Berlin,A., Heiman,D., Hepburn,T., Sykes,S., Borenstein,D., Engels,R., Freedman,E., Gellesch,M., Heilman,E., Howarth,C., Jen,D., Larson,L., Lewis,B., Montgomery,P., Park,D., Pearson,M., Richards,J., Roberts,A., Sisk,P., Stolte,C., White,J., Alvarado,L., Champion,M., Godfrey,P., Shenoy,N., Yandava,C., Zeng,Q., Vu,H.T., Nguyen,Q.H., Nguyen,Q.T., Duong,P.H., Simmons,C.P., Wills,B., Nguyen,M.D., Tran,V.N., Tran,H.T., Nguyen,L.T.M., Nguyen,L.P.H., Nusbaum,C., Birren,B.",2008,2009-11-11,ssRNA(+)
GU131731,dengue virus type I,Orthoflavivirus denguei,,DENV-1/VN/BID-V3935/2008,10660,complete,Viet Nam: South,Homo sapiens,blood,"Henn,M.R., Young,S., Koehrsen,M., Lennon,N., Erlich,R., Anderson,S., Rizzolo,K., Green,L., Ryan,E., Yu,Q., Berlin,A., Heiman,D., Hepburn,T., Sykes,S., Borenstein,D., Engels,R., Freedman,E., Gellesch,M., Heilman,E., Howarth,C., Jen,D., Larson,L., Lewis,B., Montgomery,P., Park,D., Pearson,M., Richards,J., Roberts,A., Sisk,P., Stolte,C., White,J., Alvarado,L., Champion,M., Godfrey,P., Shenoy,N., Yandava,C., Zeng,Q., Vu,H.T., Nguyen,Q.H., Nguyen,Q.T., Duong,P.H., Simmons,C.P., Wills,B., Nguyen,M.D., Tran,V.N., Tran,H.T., Nguyen,L.T.M., Nguyen,L.P.H., Nusbaum,C., Birren,B.",2008,2009-11-11,ssRNA(+)
GU131732,dengue virus type I,Orthoflavivirus denguei,,DENV-1/VN/BID-V3937/2008,10680,complete,Viet Nam: South,Homo sapiens,blood,"Henn,M.R., Young,S., Koehrsen,M., Lennon,N., Erlich,R., Anderson,S., Rizzolo,K., Green,L., Ryan,E., Yu,Q., Berlin,A., Heiman,D., Hepburn,T., Sykes,S., Borenstein,D., Engels,R., Freedman,E., Gellesch,M., Heilman,E., Howarth,C., Jen,D., Larson,L., Lewis,B., Montgomery,P., Park,D., Pearson,M., Richards,J., Roberts,A., Sisk,P., Stolte,C., White,J., Alvarado,L., Champion,M., Godfrey,P., Shenoy,N., Yandava,C., Zeng,Q., Vu,H.T., Nguyen,Q.H., Nguyen,Q.T., Duong,P.H., Simmons,C.P., Wills,B., Nguyen,M.D., Tran,V.N., Tran,H.T., Nguyen,L.T.M., Nguyen,L.P.H., Nusbaum,C., Birren,B.",2008,2009-11-11,ssRNA(+)
GU131733,dengue virus type I,Orthoflavivirus denguei,,DENV-1/VN/BID-V3938/2008,10486,complete,Viet Nam: South,Homo sapiens,blood,"Henn,M.R., Young,S., Koehrsen,M., Lennon,N., Erlich,R., Anderson,S., Rizzolo,K., Green,L., Ryan,E., Yu,Q., Berlin,A., Heiman,D., Hepburn,T., Sykes,S., Borenstein,D., Engels,R., Freedman,E., Gellesch,M., Heilman,E., Howarth,C., Jen,D., Larson,L., Lewis,B., Montgomery,P., Park,D., Pearson,M., Richards,J., Roberts,A., Sisk,P., Stolte,C., White,J., Alvarado,L., Champion,M., Godfrey,P., Shenoy,N., Yandava,C., Zeng,Q., Vu,H.T., Nguyen,Q.H., Nguyen,Q.T., Duong,P.H., Simmons,C.P., Wills,B., Nguyen,M.D., Tran,V.N., Tran,H.T., Nguyen,L.T.M., Nguyen,L.P.H., Nusbaum,C., Birren,B.",2008,2009-11-11,ssRNA(+)
GU131734,dengue virus type I,Orthoflavivirus denguei,,DENV-1/VN/BID-V3940/2008,10400,complete,Viet Nam: South,Homo sapiens,blood,"Henn,M.R., Young,S., Koehrsen,M., Lennon,N., Erlich,R., Anderson,S., Rizzolo,K., Green,L., Ryan,E., Yu,Q., Berlin,A., Heiman,D., Hepburn,T., Sykes,S., Borenstein,D., Engels,R., Freedman,E., Gellesch,M., Heilman,E., Howarth,C., Jen,D., Larson,L., Lewis,B., Montgomery,P., Park,D., Pearson,M., Richards,J., Roberts,A., Sisk,P., Stolte,C., White,J., Alvarado,L., Champion,M., Godfrey,P., Shenoy,N., Yandava,C., Zeng,Q., Vu,H.T., Nguyen,Q.H., Nguyen,Q.T., Duong,P.H., Simmons,C.P., Wills,B., Nguyen,M.D., Tran,V.N., Tran,H.T., Nguyen,L.T.M., Nguyen,L.P.H., Nusbaum,C., Birren,B.",2008,2009-11-11,ssRNA(+)
GU131735,dengue virus type I,Orthoflavivirus denguei,,DENV-1/VN/BID-V3941/2008,10476,complete,Viet Nam: South,Homo sapiens,blood,"Henn,M.R., Young,S., Koehrsen,M., Lennon,N., Erlich,R., Anderson,S., Rizzolo,K., Green,L., Ryan,E., Yu,Q., Berlin,A., Heiman,D., Hepburn,T., Sykes,S., Borenstein,D., Engels,R., Freedman,E., Gellesch,M., Heilman,E., Howarth,C., Jen,D., Larson,L., Lewis,B., Montgomery,P., Park,D., Pearson,M., Richards,J., Roberts,A., Sisk,P., Stolte,C., White,J., Alvarado,L., Champion,M., Godfrey,P., Shenoy,N., Yandava,C., Zeng,Q., Vu,H.T., Nguyen,Q.H., Nguyen,Q.T., Duong,P.H., Simmons,C.P., Wills,B., Nguyen,M.D., Tran,V.N., Tran,H.T., Nguyen,L.T.M., Nguyen,L.P.H., Nusbaum,C., Birren,B.",2008,2009-11-11,ssRNA(+)
GU131736,dengue virus type I,Orthoflavivirus denguei,,DENV-1/VN/BID-V3943/2008,10472,complete,Viet Nam: South,Homo sapiens,blood,"Henn,M.R., Young,S., Koehrsen,M., Lennon,N., Erlich,R., Anderson,S., Rizzolo,K., Green,L., Ryan,E., Yu,Q., Berlin,A., Heiman,D., Hepburn,T., Sykes,S., Borenstein,D., Engels,R., Freedman,E., Gellesch,M., Heilman,E., Howarth,C., Jen,D., Larson,L., Lewis,B., Montgomery,P., Park,D., Pearson,M., Richards,J., Roberts,A., Sisk,P., Stolte,C., White,J., Alvarado,L., Champion,M., Godfrey,P., Shenoy,N., Yandava,C., Zeng,Q., Vu,H.T., Nguyen,Q.H., Nguyen,Q.T., Duong,P.H., Simmons,C.P., Wills,B., Nguyen,M.D., Tran,V.N., Tran,H.T., Nguyen,L.T.M., Nguyen,L.P.H., Nusbaum,C., Birren,B.",2008,2009-11-11,ssRNA(+)
GU131737,dengue virus type I,Orthoflavivirus denguei,,DENV-1/VN/BID-V3945/2008,10472,complete,Viet Nam: South,Homo sapiens,blood,"Henn,M.R., Young,S., Koehrsen,M., Lennon,N., Erlich,R., Anderson,S., Rizzolo,K., Green,L., Ryan,E., Yu,Q., Berlin,A., Heiman,D., Hepburn,T., Sykes,S., Borenstein,D., Engels,R., Freedman,E., Gellesch,M., Heilman,E., Howarth,C., Jen,D., Larson,L., Lewis,B., Montgomery,P., Park,D., Pearson,M., Richards,J., Roberts,A., Sisk,P., Stolte,C., White,J., Alvarado,L., Champion,M., Godfrey,P., Shenoy,N., Yandava,C., Zeng,Q., Vu,H.T., Nguyen,Q.H., Nguyen,Q.T., Duong,P.H., Simmons,C.P., Wills,B., Nguyen,M.D., Tran,V.N., Tran,H.T., Nguyen,L.T.M., Nguyen,L.P.H., Nusbaum,C., Birren,B.",2008,2009-11-11,ssRNA(+)
GU131738,dengue virus type I,Orthoflavivirus denguei,,DENV-1/VN/BID-V3947/2008,10486,complete,Viet Nam: South,Homo sapiens,blood,"Henn,M.R., Young,S., Koehrsen,M., Lennon,N., Erlich,R., Anderson,S., Rizzolo,K., Green,L., Ryan,E., Yu,Q., Berlin,A., Heiman,D., Hepburn,T., Sykes,S., Borenstein,D., Engels,R., Freedman,E., Gellesch,M., Heilman,E., Howarth,C., Jen,D., Larson,L., Lewis,B., Montgomery,P., Park,D., Pearson,M., Richards,J., Roberts,A., Sisk,P., Stolte,C., White,J., Alvarado,L., Champion,M., Godfrey,P., Shenoy,N., Yandava,C., Zeng,Q., Vu,H.T., Nguyen,Q.H., Nguyen,Q.T., Duong,P.H., Simmons,C.P., Wills,B., Nguyen,M.D., Tran,V.N., Tran,H.T., Nguyen,L.T.M., Nguyen,L.P.H., Nusbaum,C., Birren,B.",2008,2009-11-11,ssRNA(+)
GU131739,dengue virus type I,Orthoflavivirus denguei,,DENV-1/VN/BID-V3959/2008,10684,complete,Viet Nam: South,Homo sapiens,blood,"Henn,M.R., Young,S., Koehrsen,M., Lennon,N., Erlich,R., Anderson,S., Rizzolo,K., Green,L., Ryan,E., Yu,Q., Berlin,A., Heiman,D., Hepburn,T., Sykes,S., Borenstein,D., Engels,R., Freedman,E., Gellesch,M., Heilman,E., Howarth,C., Jen,D., Larson,L., Lewis,B., Montgomery,P., Park,D., Pearson,M., Richards,J., Roberts,A., Sisk,P., Stolte,C., White,J., Alvarado,L., Champion,M., Godfrey,P., Shenoy,N., Yandava,C., Zeng,Q., Vu,H.T., Nguyen,Q.H., Nguyen,Q.T., Duong,P.H., Simmons,C.P., Wills,B., Nguyen,M.D., Tran,V.N., Tran,H.T., Nguyen,L.T.M., Nguyen,L.P.H., Nusbaum,C., Birren,B.",2008,2009-11-11,ssRNA(+)
GU131740,dengue virus type I,Orthoflavivirus denguei,,DENV-1/VN/BID-V3960/2008,10418,complete,Viet Nam: South,Homo sapiens,blood,"Henn,M.R., Young,S., Koehrsen,M., Lennon,N., Erlich,R., Anderson,S., Rizzolo,K., Green,L., Ryan,E., Yu,Q., Berlin,A., Heiman,D., Hepburn,T., Sykes,S., Borenstein,D., Engels,R., Freedman,E., Gellesch,M., Heilman,E., Howarth,C., Jen,D., Larson,L., Lewis,B., Montgomery,P., Park,D., Pearson,M., Richards,J., Roberts,A., Sisk,P., Stolte,C., White,J., Alvarado,L., Champion,M., Godfrey,P., Shenoy,N., Yandava,C., Zeng,Q., Vu,H.T., Nguyen,Q.H., Nguyen,Q.T., Duong,P.H., Simmons,C.P., Wills,B., Nguyen,M.D., Tran,V.N., Tran,H.T., Nguyen,L.T.M., Nguyen,L.P.H., Nusbaum,C., Birren,B.",2008,2009-11-11,ssRNA(+)
GU131741,dengue virus type I,Orthoflavivirus denguei,,DENV-1/VN/BID-V3961/2008,10396,complete,Viet Nam: South,Homo sapiens,blood,"Henn,M.R., Young,S., Koehrsen,M., Lennon,N., Erlich,R., Anderson,S., Rizzolo,K., Green,L., Ryan,E., Yu,Q., Berlin,A., Heiman,D., Hepburn,T., Sykes,S., Borenstein,D., Engels,R., Freedman,E., Gellesch,M., Heilman,E., Howarth,C., Jen,D., Larson,L., Lewis,B., Montgomery,P., Park,D., Pearson,M., Richards,J., Roberts,A., Sisk,P., Stolte,C., White,J., Alvarado,L., Champion,M., Godfrey,P., Shenoy,N., Yandava,C., Zeng,Q., Vu,H.T., Nguyen,Q.H., Nguyen,Q.T., Duong,P.H., Simmons,C.P., Wills,B., Nguyen,M.D., Tran,V.N., Tran,H.T., Nguyen,L.T.M., Nguyen,L.P.H., Nusbaum,C., Birren,B.",2008,2009-11-11,ssRNA(+)
GU131742,dengue virus type I,Orthoflavivirus denguei,,DENV-1/VN/BID-V3962/2008,10460,complete,Viet Nam: South,Homo sapiens,blood,"Henn,M.R., Young,S., Koehrsen,M., Lennon,N., Erlich,R., Anderson,S., Rizzolo,K., Green,L., Ryan,E., Yu,Q., Berlin,A., Heiman,D., Hepburn,T., Sykes,S., Borenstein,D., Engels,R., Freedman,E., Gellesch,M., Heilman,E., Howarth,C., Jen,D., Larson,L., Lewis,B., Montgomery,P., Park,D., Pearson,M., Richards,J., Roberts,A., Sisk,P., Stolte,C., White,J., Alvarado,L., Champion,M., Godfrey,P., Shenoy,N., Yandava,C., Zeng,Q., Vu,H.T., Nguyen,Q.H., Nguyen,Q.T., Duong,P.H., Simmons,C.P., Wills,B., Nguyen,M.D., Tran,V.N., Tran,H.T., Nguyen,L.T.M., Nguyen,L.P.H., Nusbaum,C., Birren,B.",2008,2009-11-11,ssRNA(+)
GU131743,dengue virus type I,Orthoflavivirus denguei,,DENV-1/VN/BID-V3963/2008,10468,complete,Viet Nam: South,Homo sapiens,blood,"Henn,M.R., Young,S., Koehrsen,M., Lennon,N., Erlich,R., Anderson,S., Rizzolo,K., Green,L., Ryan,E., Yu,Q., Berlin,A., Heiman,D., Hepburn,T., Sykes,S., Borenstein,D., Engels,R., Freedman,E., Gellesch,M., Heilman,E., Howarth,C., Jen,D., Larson,L., Lewis,B., Montgomery,P., Park,D., Pearson,M., Richards,J., Roberts,A., Sisk,P., Stolte,C., White,J., Alvarado,L., Champion,M., Godfrey,P., Shenoy,N., Yandava,C., Zeng,Q., Vu,H.T., Nguyen,Q.H., Nguyen,Q.T., Duong,P.H., Simmons,C.P., Wills,B., Nguyen,M.D., Tran,V.N., Tran,H.T., Nguyen,L.T.M., Nguyen,L.P.H., Nusbaum,C., Birren,B.",2008,2009-11-11,ssRNA(+)
GU131744,dengue virus type I,Orthoflavivirus denguei,,DENV-1/VN/BID-V3964/2008,10480,complete,Viet Nam: South,Homo sapiens,blood,"Henn,M.R., Young,S., Koehrsen,M., Lennon,N., Erlich,R., Anderson,S., Rizzolo,K., Green,L., Ryan,E., Yu,Q., Berlin,A., Heiman,D., Hepburn,T., Sykes,S., Borenstein,D., Engels,R., Freedman,E., Gellesch,M., Heilman,E., Howarth,C., Jen,D., Larson,L., Lewis,B., Montgomery,P., Park,D., Pearson,M., Richards,J., Roberts,A., Sisk,P., Stolte,C., White,J., Alvarado,L., Champion,M., Godfrey,P., Shenoy,N., Yandava,C., Zeng,Q., Vu,H.T., Nguyen,Q.H., Nguyen,Q.T., Duong,P.H., Simmons,C.P., Wills,B., Nguyen,M.D., Tran,V.N., Tran,H.T., Nguyen,L.T.M., Nguyen,L.P.H., Nusbaum,C., Birren,B.",2008,2009-11-11,ssRNA(+)
GU131745,dengue virus type I,Orthoflavivirus denguei,,DENV-1/VN/BID-V3965/2008,10482,complete,Viet Nam: South,Homo sapiens,blood,"Henn,M.R., Young,S., Koehrsen,M., Lennon,N., Erlich,R., Anderson,S., Rizzolo,K., Green,L., Ryan,E., Yu,Q., Berlin,A., Heiman,D., Hepburn,T., Sykes,S., Borenstein,D., Engels,R., Freedman,E., Gellesch,M., Heilman,E., Howarth,C., Jen,D., Larson,L., Lewis,B., Montgomery,P., Park,D., Pearson,M., Richards,J., Roberts,A., Sisk,P., Stolte,C., White,J., Alvarado,L., Champion,M., Godfrey,P., Shenoy,N., Yandava,C., Zeng,Q., Vu,H.T., Nguyen,Q.H., Nguyen,Q.T., Duong,P.H., Simmons,C.P., Wills,B., Nguyen,M.D., Tran,V.N., Tran,H.T., Nguyen,L.T.M., Nguyen,L.P.H., Nusbaum,C., Birren,B.",2008,2009-11-11,ssRNA(+)
GU131746,dengue virus type I,Orthoflavivirus denguei,,DENV-1/VN/BID-V3968/2008,10472,complete,Viet Nam: South,Homo sapiens,blood,"Henn,M.R., Young,S., Koehrsen,M., Lennon,N., Erlich,R., Anderson,S., Rizzolo,K., Green,L., Ryan,E., Yu,Q., Berlin,A., Heiman,D., Hepburn,T., Sykes,S., Borenstein,D., Engels,R., Freedman,E., Gellesch,M., Heilman,E., Howarth,C., Jen,D., Larson,L., Lewis,B., Montgomery,P., Park,D., Pearson,M., Richards,J., Roberts,A., Sisk,P., Stolte,C., White,J., Alvarado,L., Champion,M., Godfrey,P., Shenoy,N., Yandava,C., Zeng,Q., Vu,H.T., Nguyen,Q.H., Nguyen,Q.T., Duong,P.H., Simmons,C.P., Wills,B., Nguyen,M.D., Tran,V.N., Tran,H.T., Nguyen,L.T.M., Nguyen,L.P.H., Nusbaum,C., Birren,B.",2008,2009-11-11,ssRNA(+)
GU131747,dengue virus type I,Orthoflavivirus denguei,,DENV-1/VN/BID-V3973/2008,10486,complete,Viet Nam: South,Homo sapiens,blood,"Henn,M.R., Young,S., Koehrsen,M., Lennon,N., Erlich,R., Anderson,S., Rizzolo,K., Green,L., Ryan,E., Yu,Q., Berlin,A., Heiman,D., Hepburn,T., Sykes,S., Borenstein,D., Engels,R., Freedman,E., Gellesch,M., Heilman,E., Howarth,C., Jen,D., Larson,L., Lewis,B., Montgomery,P., Park,D., Pearson,M., Richards,J., Roberts,A., Sisk,P., Stolte,C., White,J., Alvarado,L., Champion,M., Godfrey,P., Shenoy,N., Yandava,C., Zeng,Q., Vu,H.T., Nguyen,Q.H., Nguyen,Q.T., Duong,P.H., Simmons,C.P., Wills,B., Nguyen,M.D., Tran,V.N., Tran,H.T., Nguyen,L.T.M., Nguyen,L.P.H., Nusbaum,C., Birren,B.",2008,2009-11-11,ssRNA(+)
GU131748,dengue virus type I,Orthoflavivirus denguei,,DENV-1/VN/BID-V3974/2008,10418,complete,Viet Nam: South,Homo sapiens,blood,"Henn,M.R., Young,S., Koehrsen,M., Lennon,N., Erlich,R., Anderson,S., Rizzolo,K., Green,L., Ryan,E., Yu,Q., Berlin,A., Heiman,D., Hepburn,T., Sykes,S., Borenstein,D., Engels,R., Freedman,E., Gellesch,M., Heilman,E., Howarth,C., Jen,D., Larson,L., Lewis,B., Montgomery,P., Park,D., Pearson,M., Richards,J., Roberts,A., Sisk,P., Stolte,C., White,J., Alvarado,L., Champion,M., Godfrey,P., Shenoy,N., Yandava,C., Zeng,Q., Vu,H.T., Nguyen,Q.H., Nguyen,Q.T., Duong,P.H., Simmons,C.P., Wills,B., Nguyen,M.D., Tran,V.N., Tran,H.T., Nguyen,L.T.M., Nguyen,L.P.H., Nusbaum,C., Birren,B.",2008,2009-11-11,ssRNA(+)
GU131749,dengue virus type I,Orthoflavivirus denguei,,DENV-1/VN/BID-V3976/2008,10486,complete,Viet Nam: South,Homo sapiens,blood,"Henn,M.R., Young,S., Koehrsen,M., Lennon,N., Erlich,R., Anderson,S., Rizzolo,K., Green,L., Ryan,E., Yu,Q., Berlin,A., Heiman,D., Hepburn,T., Sykes,S., Borenstein,D., Engels,R., Freedman,E., Gellesch,M., Heilman,E., Howarth,C., Jen,D., Larson,L., Lewis,B., Montgomery,P., Park,D., Pearson,M., Richards,J., Roberts,A., Sisk,P., Stolte,C., White,J., Alvarado,L., Champion,M., Godfrey,P., Shenoy,N., Yandava,C., Zeng,Q., Vu,H.T., Nguyen,Q.H., Nguyen,Q.T., Duong,P.H., Simmons,C.P., Wills,B., Nguyen,M.D., Tran,V.N., Tran,H.T., Nguyen,L.T.M., Nguyen,L.P.H., Nusbaum,C., Birren,B.",2008,2009-11-11,ssRNA(+)
GU131750,dengue virus type I,Orthoflavivirus denguei,,DENV-1/VN/BID-V3977/2008,10675,complete,Viet Nam: South,Homo sapiens,blood,"Henn,M.R., Young,S., Koehrsen,M., Lennon,N., Erlich,R., Anderson,S., Rizzolo,K., Green,L., Ryan,E., Yu,Q., Berlin,A., Heiman,D., Hepburn,T., Sykes,S., Borenstein,D., Engels,R., Freedman,E., Gellesch,M., Heilman,E., Howarth,C., Jen,D., Larson,L., Lewis,B., Montgomery,P., Park,D., Pearson,M., Richards,J., Roberts,A., Sisk,P., Stolte,C., White,J., Alvarado,L., Champion,M., Godfrey,P., Shenoy,N., Yandava,C., Zeng,Q., Vu,H.T., Nguyen,Q.H., Nguyen,Q.T., Duong,P.H., Simmons,C.P., Wills,B., Nguyen,M.D., Tran,V.N., Tran,H.T., Nguyen,L.T.M., Nguyen,L.P.H., Nusbaum,C., Birren,B.",2008,2009-11-11,ssRNA(+)
GU131751,dengue virus type I,Orthoflavivirus denguei,,DENV-1/VN/BID-V3978/2008,10385,complete,Viet Nam: South,Homo sapiens,blood,"Henn,M.R., Young,S., Koehrsen,M., Lennon,N., Erlich,R., Anderson,S., Rizzolo,K., Green,L., Ryan,E., Yu,Q., Berlin,A., Heiman,D., Hepburn,T., Sykes,S., Borenstein,D., Engels,R., Freedman,E., Gellesch,M., Heilman,E., Howarth,C., Jen,D., Larson,L., Lewis,B., Montgomery,P., Park,D., Pearson,M., Richards,J., Roberts,A., Sisk,P., Stolte,C., White,J., Alvarado,L., Champion,M., Godfrey,P., Shenoy,N., Yandava,C., Zeng,Q., Vu,H.T., Nguyen,Q.H., Nguyen,Q.T., Duong,P.H., Simmons,C.P., Wills,B., Nguyen,M.D., Tran,V.N., Tran,H.T., Nguyen,L.T.M., Nguyen,L.P.H., Nusbaum,C., Birren,B.",2008,2009-11-11,ssRNA(+)
GU131752,dengue virus type I,Orthoflavivirus denguei,,DENV-1/VN/BID-V3979/2008,10470,complete,Viet Nam: South,Homo sapiens,blood,"Henn,M.R., Young,S., Koehrsen,M., Lennon,N., Erlich,R., Anderson,S., Rizzolo,K., Green,L., Ryan,E., Yu,Q., Berlin,A., Heiman,D., Hepburn,T., Sykes,S., Borenstein,D., Engels,R., Freedman,E., Gellesch,M., Heilman,E., Howarth,C., Jen,D., Larson,L., Lewis,B., Montgomery,P., Park,D., Pearson,M., Richards,J., Roberts,A., Sisk,P., Stolte,C., White,J., Alvarado,L., Champion,M., Godfrey,P., Shenoy,N., Yandava,C., Zeng,Q., Vu,H.T., Nguyen,Q.H., Nguyen,Q.T., Duong,P.H., Simmons,C.P., Wills,B., Nguyen,M.D., Tran,V.N., Tran,H.T., Nguyen,L.T.M., Nguyen,L.P.H., Nusbaum,C., Birren,B.",2008,2009-11-11,ssRNA(+)
GU131753,dengue virus type I,Orthoflavivirus denguei,,DENV-1/VN/BID-V3980/2008,10461,complete,Viet Nam: South,Homo sapiens,blood,"Henn,M.R., Young,S., Koehrsen,M., Lennon,N., Erlich,R., Anderson,S., Rizzolo,K., Green,L., Ryan,E., Yu,Q., Berlin,A., Heiman,D., Hepburn,T., Sykes,S., Borenstein,D., Engels,R., Freedman,E., Gellesch,M., Heilman,E., Howarth,C., Jen,D., Larson,L., Lewis,B., Montgomery,P., Park,D., Pearson,M., Richards,J., Roberts,A., Sisk,P., Stolte,C., White,J., Alvarado,L., Champion,M., Godfrey,P., Shenoy,N., Yandava,C., Zeng,Q., Vu,H.T., Nguyen,Q.H., Nguyen,Q.T., Duong,P.H., Simmons,C.P., Wills,B., Nguyen,M.D., Tran,V.N., Tran,H.T., Nguyen,L.T.M., Nguyen,L.P.H., Nusbaum,C., Birren,B.",2008,2009-11-11,ssRNA(+)
GU131754,dengue virus type I,Orthoflavivirus denguei,,DENV-1/VN/BID-V3981/2008,10482,complete,Viet Nam: South,Homo sapiens,blood,"Henn,M.R., Young,S., Koehrsen,M., Lennon,N., Erlich,R., Anderson,S., Rizzolo,K., Green,L., Ryan,E., Yu,Q., Berlin,A., Heiman,D., Hepburn,T., Sykes,S., Borenstein,D., Engels,R., Freedman,E., Gellesch,M., Heilman,E., Howarth,C., Jen,D., Larson,L., Lewis,B., Montgomery,P., Park,D., Pearson,M., Richards,J., Roberts,A., Sisk,P., Stolte,C., White,J., Alvarado,L., Champion,M., Godfrey,P., Shenoy,N., Yandava,C., Zeng,Q., Vu,H.T., Nguyen,Q.H., Nguyen,Q.T., Duong,P.H., Simmons,C.P., Wills,B., Nguyen,M.D., Tran,V.N., Tran,H.T., Nguyen,L.T.M., Nguyen,L.P.H., Nusbaum,C., Birren,B.",2008,2009-11-11,ssRNA(+)
GU131755,dengue virus type I,Orthoflavivirus denguei,,DENV-1/VN/BID-V3982/2008,10476,complete,Viet Nam: South,Homo sapiens,blood,"Henn,M.R., Young,S., Koehrsen,M., Lennon,N., Erlich,R., Anderson,S., Rizzolo,K., Green,L., Ryan,E., Yu,Q., Berlin,A., Heiman,D., Hepburn,T., Sykes,S., Borenstein,D., Engels,R., Freedman,E., Gellesch,M., Heilman,E., Howarth,C., Jen,D., Larson,L., Lewis,B., Montgomery,P., Park,D., Pearson,M., Richards,J., Roberts,A., Sisk,P., Stolte,C., White,J., Alvarado,L., Champion,M., Godfrey,P., Shenoy,N., Yandava,C., Zeng,Q., Vu,H.T., Nguyen,Q.H., Nguyen,Q.T., Duong,P.H., Simmons,C.P., Wills,B., Nguyen,M.D., Tran,V.N., Tran,H.T., Nguyen,L.T.M., Nguyen,L.P.H., Nusbaum,C., Birren,B.",2008,2009-11-11,ssRNA(+)
GU131756,dengue virus type I,Orthoflavivirus denguei,,DENV-1/VN/BID-V3983/2008,10474,complete,Viet Nam: South,Homo sapiens,blood,"Henn,M.R., Young,S., Koehrsen,M., Lennon,N., Erlich,R., Anderson,S., Rizzolo,K., Green,L., Ryan,E., Yu,Q., Berlin,A., Heiman,D., Hepburn,T., Sykes,S., Borenstein,D., Engels,R., Freedman,E., Gellesch,M., Heilman,E., Howarth,C., Jen,D., Larson,L., Lewis,B., Montgomery,P., Park,D., Pearson,M., Richards,J., Roberts,A., Sisk,P., Stolte,C., White,J., Alvarado,L., Champion,M., Godfrey,P., Shenoy,N., Yandava,C., Zeng,Q., Vu,H.T., Nguyen,Q.H., Nguyen,Q.T., Duong,P.H., Simmons,C.P., Wills,B., Nguyen,M.D., Tran,V.N., Tran,H.T., Nguyen,L.T.M., Nguyen,L.P.H., Nusbaum,C., Birren,B.",2008,2009-11-11,ssRNA(+)
GU131757,dengue virus type I,Orthoflavivirus denguei,,DENV-1/VN/BID-V3984/2008,10471,complete,Viet Nam: South,Homo sapiens,blood,"Henn,M.R., Young,S., Koehrsen,M., Lennon,N., Erlich,R., Anderson,S., Rizzolo,K., Green,L., Ryan,E., Yu,Q., Berlin,A., Heiman,D., Hepburn,T., Sykes,S., Borenstein,D., Engels,R., Freedman,E., Gellesch,M., Heilman,E., Howarth,C., Jen,D., Larson,L., Lewis,B., Montgomery,P., Park,D., Pearson,M., Richards,J., Roberts,A., Sisk,P., Stolte,C., White,J., Alvarado,L., Champion,M., Godfrey,P., Shenoy,N., Yandava,C., Zeng,Q., Vu,H.T., Nguyen,Q.H., Nguyen,Q.T., Duong,P.H., Simmons,C.P., Wills,B., Nguyen,M.D., Tran,V.N., Tran,H.T., Nguyen,L.T.M., Nguyen,L.P.H., Nusbaum,C., Birren,B.",2008,2009-11-11,ssRNA(+)
GU131758,dengue virus type I,Orthoflavivirus denguei,,DENV-1/VN/BID-V3985/2008,10486,complete,Viet Nam: South,Homo sapiens,blood,"Henn,M.R., Young,S., Koehrsen,M., Lennon,N., Erlich,R., Anderson,S., Rizzolo,K., Green,L., Ryan,E., Yu,Q., Berlin,A., Heiman,D., Hepburn,T., Sykes,S., Borenstein,D., Engels,R., Freedman,E., Gellesch,M., Heilman,E., Howarth,C., Jen,D., Larson,L., Lewis,B., Montgomery,P., Park,D., Pearson,M., Richards,J., Roberts,A., Sisk,P., Stolte,C., White,J., Alvarado,L., Champion,M., Godfrey,P., Shenoy,N., Yandava,C., Zeng,Q., Vu,H.T., Nguyen,Q.H., Nguyen,Q.T., Duong,P.H., Simmons,C.P., Wills,B., Nguyen,M.D., Tran,V.N., Tran,H.T., Nguyen,L.T.M., Nguyen,L.P.H., Nusbaum,C., Birren,B.",2008,2009-11-11,ssRNA(+)
GU131759,dengue virus type I,Orthoflavivirus denguei,,DENV-1/VN/BID-V3986/2008,10676,complete,Viet Nam: South,Homo sapiens,blood,"Henn,M.R., Young,S., Koehrsen,M., Lennon,N., Erlich,R., Anderson,S., Rizzolo,K., Green,L., Ryan,E., Yu,Q., Berlin,A., Heiman,D., Hepburn,T., Sykes,S., Borenstein,D., Engels,R., Freedman,E., Gellesch,M., Heilman,E., Howarth,C., Jen,D., Larson,L., Lewis,B., Montgomery,P., Park,D., Pearson,M., Richards,J., Roberts,A., Sisk,P., Stolte,C., White,J., Alvarado,L., Champion,M., Godfrey,P., Shenoy,N., Yandava,C., Zeng,Q., Vu,H.T., Nguyen,Q.H., Nguyen,Q.T., Duong,P.H., Simmons,C.P., Wills,B., Nguyen,M.D., Tran,V.N., Tran,H.T., Nguyen,L.T.M., Nguyen,L.P.H., Nusbaum,C., Birren,B.",2008,2009-11-11,ssRNA(+)
GU131760,dengue virus type I,Orthoflavivirus denguei,,DENV-1/VN/BID-V3987/2008,10474,complete,Viet Nam: South,Homo sapiens,blood,"Henn,M.R., Young,S., Koehrsen,M., Lennon,N., Erlich,R., Anderson,S., Rizzolo,K., Green,L., Ryan,E., Yu,Q., Berlin,A., Heiman,D., Hepburn,T., Sykes,S., Borenstein,D., Engels,R., Freedman,E., Gellesch,M., Heilman,E., Howarth,C., Jen,D., Larson,L., Lewis,B., Montgomery,P., Park,D., Pearson,M., Richards,J., Roberts,A., Sisk,P., Stolte,C., White,J., Alvarado,L., Champion,M., Godfrey,P., Shenoy,N., Yandava,C., Zeng,Q., Vu,H.T., Nguyen,Q.H., Nguyen,Q.T., Duong,P.H., Simmons,C.P., Wills,B., Nguyen,M.D., Tran,V.N., Tran,H.T., Nguyen,L.T.M., Nguyen,L.P.H., Nusbaum,C., Birren,B.",2008,2009-11-11,ssRNA(+)
GU131761,dengue virus type I,Orthoflavivirus denguei,,DENV-1/VN/BID-V3989/2008,10486,complete,Viet Nam: South,Homo sapiens,blood,"Henn,M.R., Young,S., Koehrsen,M., Lennon,N., Erlich,R., Anderson,S., Rizzolo,K., Green,L., Ryan,E., Yu,Q., Berlin,A., Heiman,D., Hepburn,T., Sykes,S., Borenstein,D., Engels,R., Freedman,E., Gellesch,M., Heilman,E., Howarth,C., Jen,D., Larson,L., Lewis,B., Montgomery,P., Park,D., Pearson,M., Richards,J., Roberts,A., Sisk,P., Stolte,C., White,J., Alvarado,L., Champion,M., Godfrey,P., Shenoy,N., Yandava,C., Zeng,Q., Vu,H.T., Nguyen,Q.H., Nguyen,Q.T., Duong,P.H., Simmons,C.P., Wills,B., Nguyen,M.D., Tran,V.N., Tran,H.T., Nguyen,L.T.M., Nguyen,L.P.H., Nusbaum,C., Birren,B.",2008,2009-11-11,ssRNA(+)
GU131762,dengue virus type I,Orthoflavivirus denguei,,DENV-1/VN/BID-V3990/2008,10409,complete,Viet Nam: South,Homo sapiens,blood,"Henn,M.R., Young,S., Koehrsen,M., Lennon,N., Erlich,R., Anderson,S., Rizzolo,K., Green,L., Ryan,E., Yu,Q., Berlin,A., Heiman,D., Hepburn,T., Sykes,S., Borenstein,D., Engels,R., Freedman,E., Gellesch,M., Heilman,E., Howarth,C., Jen,D., Larson,L., Lewis,B., Montgomery,P., Park,D., Pearson,M., Richards,J., Roberts,A., Sisk,P., Stolte,C., White,J., Alvarado,L., Champion,M., Godfrey,P., Shenoy,N., Yandava,C., Zeng,Q., Vu,H.T., Nguyen,Q.H., Nguyen,Q.T., Duong,P.H., Simmons,C.P., Wills,B., Nguyen,M.D., Tran,V.N., Tran,H.T., Nguyen,L.T.M., Nguyen,L.P.H., Nusbaum,C., Birren,B.",2008,2009-11-11,ssRNA(+)
GU131763,dengue virus type I,Orthoflavivirus denguei,,DENV-1/VN/BID-V3991/2008,10474,complete,Viet Nam: South,Homo sapiens,blood,"Henn,M.R., Young,S., Koehrsen,M., Lennon,N., Erlich,R., Anderson,S., Rizzolo,K., Green,L., Ryan,E., Yu,Q., Berlin,A., Heiman,D., Hepburn,T., Sykes,S., Borenstein,D., Engels,R., Freedman,E., Gellesch,M., Heilman,E., Howarth,C., Jen,D., Larson,L., Lewis,B., Montgomery,P., Park,D., Pearson,M., Richards,J., Roberts,A., Sisk,P., Stolte,C., White,J., Alvarado,L., Champion,M., Godfrey,P., Shenoy,N., Yandava,C., Zeng,Q., Vu,H.T., Nguyen,Q.H., Nguyen,Q.T., Duong,P.H., Simmons,C.P., Wills,B., Nguyen,M.D., Tran,V.N., Tran,H.T., Nguyen,L.T.M., Nguyen,L.P.H., Nusbaum,C., Birren,B.",2008,2009-11-11,ssRNA(+)
GU131764,dengue virus type I,Orthoflavivirus denguei,,DENV-1/VN/BID-V3992/2008,10471,complete,Viet Nam: South,Homo sapiens,blood,"Henn,M.R., Young,S., Koehrsen,M., Lennon,N., Erlich,R., Anderson,S., Rizzolo,K., Green,L., Ryan,E., Yu,Q., Berlin,A., Heiman,D., Hepburn,T., Sykes,S., Borenstein,D., Engels,R., Freedman,E., Gellesch,M., Heilman,E., Howarth,C., Jen,D., Larson,L., Lewis,B., Montgomery,P., Park,D., Pearson,M., Richards,J., Roberts,A., Sisk,P., Stolte,C., White,J., Alvarado,L., Champion,M., Godfrey,P., Shenoy,N., Yandava,C., Zeng,Q., Vu,H.T., Nguyen,Q.H., Nguyen,Q.T., Duong,P.H., Simmons,C.P., Wills,B., Nguyen,M.D., Tran,V.N., Tran,H.T., Nguyen,L.T.M., Nguyen,L.P.H., Nusbaum,C., Birren,B.",2008,2009-11-11,ssRNA(+)
GU131765,dengue virus type I,Orthoflavivirus denguei,,DENV-1/VN/BID-V3994/2008,10485,complete,Viet Nam: South,Homo sapiens,blood,"Henn,M.R., Young,S., Koehrsen,M., Lennon,N., Erlich,R., Anderson,S., Rizzolo,K., Green,L., Ryan,E., Yu,Q., Berlin,A., Heiman,D., Hepburn,T., Sykes,S., Borenstein,D., Engels,R., Freedman,E., Gellesch,M., Heilman,E., Howarth,C., Jen,D., Larson,L., Lewis,B., Montgomery,P., Park,D., Pearson,M., Richards,J., Roberts,A., Sisk,P., Stolte,C., White,J., Alvarado,L., Champion,M., Godfrey,P., Shenoy,N., Yandava,C., Zeng,Q., Vu,H.T., Nguyen,Q.H., Nguyen,Q.T., Duong,P.H., Simmons,C.P., Wills,B., Nguyen,M.D., Tran,V.N., Tran,H.T., Nguyen,L.T.M., Nguyen,L.P.H., Nusbaum,C., Birren,B.",2008,2009-11-11,ssRNA(+)
GU131766,dengue virus type I,Orthoflavivirus denguei,,DENV-1/VN/BID-V3995/2008,10486,complete,Viet Nam: South,Homo sapiens,blood,"Henn,M.R., Young,S., Koehrsen,M., Lennon,N., Erlich,R., Anderson,S., Rizzolo,K., Green,L., Ryan,E., Yu,Q., Berlin,A., Heiman,D., Hepburn,T., Sykes,S., Borenstein,D., Engels,R., Freedman,E., Gellesch,M., Heilman,E., Howarth,C., Jen,D., Larson,L., Lewis,B., Montgomery,P., Park,D., Pearson,M., Richards,J., Roberts,A., Sisk,P., Stolte,C., White,J., Alvarado,L., Champion,M., Godfrey,P., Shenoy,N., Yandava,C., Zeng,Q., Vu,H.T., Nguyen,Q.H., Nguyen,Q.T., Duong,P.H., Simmons,C.P., Wills,B., Nguyen,M.D., Tran,V.N., Tran,H.T., Nguyen,L.T.M., Nguyen,L.P.H., Nusbaum,C., Birren,B.",2008,2009-11-11,ssRNA(+)
GU131767,dengue virus type I,Orthoflavivirus denguei,,DENV-1/VN/BID-V3997/2008,10472,complete,Viet Nam: South,Homo sapiens,blood,"Henn,M.R., Young,S., Koehrsen,M., Lennon,N., Erlich,R., Anderson,S., Rizzolo,K., Green,L., Ryan,E., Yu,Q., Berlin,A., Heiman,D., Hepburn,T., Sykes,S., Borenstein,D., Engels,R., Freedman,E., Gellesch,M., Heilman,E., Howarth,C., Jen,D., Larson,L., Lewis,B., Montgomery,P., Park,D., Pearson,M., Richards,J., Roberts,A., Sisk,P., Stolte,C., White,J., Alvarado,L., Champion,M., Godfrey,P., Shenoy,N., Yandava,C., Zeng,Q., Vu,H.T., Nguyen,Q.H., Nguyen,Q.T., Duong,P.H., Simmons,C.P., Wills,B., Nguyen,M.D., Tran,V.N., Tran,H.T., Nguyen,L.T.M., Nguyen,L.P.H., Nusbaum,C., Birren,B.",2008,2009-11-11,ssRNA(+)
GU131768,dengue virus type I,Orthoflavivirus denguei,,DENV-1/VN/BID-V4004/2008,10479,complete,Viet Nam: South,Homo sapiens,blood,"Henn,M.R., Young,S., Koehrsen,M., Lennon,N., Erlich,R., Anderson,S., Rizzolo,K., Green,L., Ryan,E., Yu,Q., Berlin,A., Heiman,D., Hepburn,T., Sykes,S., Borenstein,D., Engels,R., Freedman,E., Gellesch,M., Heilman,E., Howarth,C., Jen,D., Larson,L., Lewis,B., Montgomery,P., Park,D., Pearson,M., Richards,J., Roberts,A., Sisk,P., Stolte,C., White,J., Alvarado,L., Champion,M., Godfrey,P., Shenoy,N., Yandava,C., Zeng,Q., Vu,H.T., Nguyen,Q.H., Nguyen,Q.T., Duong,P.H., Simmons,C.P., Wills,B., Nguyen,M.D., Tran,V.N., Tran,H.T., Nguyen,L.T.M., Nguyen,L.P.H., Nusbaum,C., Birren,B.",2008,2009-11-11,ssRNA(+)
GU131769,dengue virus type I,Orthoflavivirus denguei,,DENV-1/VN/BID-V4005/2008,10462,complete,Viet Nam: South,Homo sapiens,blood,"Henn,M.R., Young,S., Koehrsen,M., Lennon,N., Erlich,R., Anderson,S., Rizzolo,K., Green,L., Ryan,E., Yu,Q., Berlin,A., Heiman,D., Hepburn,T., Sykes,S., Borenstein,D., Engels,R., Freedman,E., Gellesch,M., Heilman,E., Howarth,C., Jen,D., Larson,L., Lewis,B., Montgomery,P., Park,D., Pearson,M., Richards,J., Roberts,A., Sisk,P., Stolte,C., White,J., Alvarado,L., Champion,M., Godfrey,P., Shenoy,N., Yandava,C., Zeng,Q., Vu,H.T., Nguyen,Q.H., Nguyen,Q.T., Duong,P.H., Simmons,C.P., Wills,B., Nguyen,M.D., Tran,V.N., Tran,H.T., Nguyen,L.T.M., Nguyen,L.P.H., Nusbaum,C., Birren,B.",2008,2009-11-11,ssRNA(+)
GU131770,dengue virus type I,Orthoflavivirus denguei,,DENV-1/VN/BID-V4006/2008,10481,complete,Viet Nam: South,Homo sapiens,blood,"Henn,M.R., Young,S., Koehrsen,M., Lennon,N., Erlich,R., Anderson,S., Rizzolo,K., Green,L., Ryan,E., Yu,Q., Berlin,A., Heiman,D., Hepburn,T., Sykes,S., Borenstein,D., Engels,R., Freedman,E., Gellesch,M., Heilman,E., Howarth,C., Jen,D., Larson,L., Lewis,B., Montgomery,P., Park,D., Pearson,M., Richards,J., Roberts,A., Sisk,P., Stolte,C., White,J., Alvarado,L., Champion,M., Godfrey,P., Shenoy,N., Yandava,C., Zeng,Q., Vu,H.T., Nguyen,Q.H., Nguyen,Q.T., Duong,P.H., Simmons,C.P., Wills,B., Nguyen,M.D., Tran,V.N., Tran,H.T., Nguyen,L.T.M., Nguyen,L.P.H., Nusbaum,C., Birren,B.",2008,2009-11-11,ssRNA(+)
GU131771,dengue virus type I,Orthoflavivirus denguei,,DENV-1/VN/BID-V4007/2008,10462,complete,Viet Nam: South,Homo sapiens,blood,"Henn,M.R., Young,S., Koehrsen,M., Lennon,N., Erlich,R., Anderson,S., Rizzolo,K., Green,L., Ryan,E., Yu,Q., Berlin,A., Heiman,D., Hepburn,T., Sykes,S., Borenstein,D., Engels,R., Freedman,E., Gellesch,M., Heilman,E., Howarth,C., Jen,D., Larson,L., Lewis,B., Montgomery,P., Park,D., Pearson,M., Richards,J., Roberts,A., Sisk,P., Stolte,C., White,J., Alvarado,L., Champion,M., Godfrey,P., Shenoy,N., Yandava,C., Zeng,Q., Vu,H.T., Nguyen,Q.H., Nguyen,Q.T., Duong,P.H., Simmons,C.P., Wills,B., Nguyen,M.D., Tran,V.N., Tran,H.T., Nguyen,L.T.M., Nguyen,L.P.H., Nusbaum,C., Birren,B.",2008,2009-11-11,ssRNA(+)
GU131772,dengue virus type I,Orthoflavivirus denguei,,DENV-1/VN/BID-V4008/2008,10464,complete,Viet Nam: South,Homo sapiens,blood,"Henn,M.R., Young,S., Koehrsen,M., Lennon,N., Erlich,R., Anderson,S., Rizzolo,K., Green,L., Ryan,E., Yu,Q., Berlin,A., Heiman,D., Hepburn,T., Sykes,S., Borenstein,D., Engels,R., Freedman,E., Gellesch,M., Heilman,E., Howarth,C., Jen,D., Larson,L., Lewis,B., Montgomery,P., Park,D., Pearson,M., Richards,J., Roberts,A., Sisk,P., Stolte,C., White,J., Alvarado,L., Champion,M., Godfrey,P., Shenoy,N., Yandava,C., Zeng,Q., Vu,H.T., Nguyen,Q.H., Nguyen,Q.T., Duong,P.H., Simmons,C.P., Wills,B., Nguyen,M.D., Tran,V.N., Tran,H.T., Nguyen,L.T.M., Nguyen,L.P.H., Nusbaum,C., Birren,B.",2008,2009-11-11,ssRNA(+)
GU131773,dengue virus type I,Orthoflavivirus denguei,,DENV-1/VN/BID-V4009/2008,10418,complete,Viet Nam: South,Homo sapiens,blood,"Henn,M.R., Young,S., Koehrsen,M., Lennon,N., Erlich,R., Anderson,S., Rizzolo,K., Green,L., Ryan,E., Yu,Q., Berlin,A., Heiman,D., Hepburn,T., Sykes,S., Borenstein,D., Engels,R., Freedman,E., Gellesch,M., Heilman,E., Howarth,C., Jen,D., Larson,L., Lewis,B., Montgomery,P., Park,D., Pearson,M., Richards,J., Roberts,A., Sisk,P., Stolte,C., White,J., Alvarado,L., Champion,M., Godfrey,P., Shenoy,N., Yandava,C., Zeng,Q., Vu,H.T., Nguyen,Q.H., Nguyen,Q.T., Duong,P.H., Simmons,C.P., Wills,B., Nguyen,M.D., Tran,V.N., Tran,H.T., Nguyen,L.T.M., Nguyen,L.P.H., Nusbaum,C., Birren,B.",2008,2009-11-11,ssRNA(+)
GU131774,dengue virus type I,Orthoflavivirus denguei,,DENV-1/VN/BID-V4010/2008,10468,complete,Viet Nam: South,Homo sapiens,blood,"Henn,M.R., Young,S., Koehrsen,M., Lennon,N., Erlich,R., Anderson,S., Rizzolo,K., Green,L., Ryan,E., Yu,Q., Berlin,A., Heiman,D., Hepburn,T., Sykes,S., Borenstein,D., Engels,R., Freedman,E., Gellesch,M., Heilman,E., Howarth,C., Jen,D., Larson,L., Lewis,B., Montgomery,P., Park,D., Pearson,M., Richards,J., Roberts,A., Sisk,P., Stolte,C., White,J., Alvarado,L., Champion,M., Godfrey,P., Shenoy,N., Yandava,C., Zeng,Q., Vu,H.T., Nguyen,Q.H., Nguyen,Q.T., Duong,P.H., Simmons,C.P., Wills,B., Nguyen,M.D., Tran,V.N., Tran,H.T., Nguyen,L.T.M., Nguyen,L.P.H., Nusbaum,C., Birren,B.",2008,2009-11-11,ssRNA(+)
GU131775,dengue virus type I,Orthoflavivirus denguei,,DENV-1/VN/BID-V4013/2008,10486,complete,Viet Nam: South,Homo sapiens,blood,"Henn,M.R., Young,S., Koehrsen,M., Lennon,N., Erlich,R., Anderson,S., Rizzolo,K., Green,L., Ryan,E., Yu,Q., Berlin,A., Heiman,D., Hepburn,T., Sykes,S., Borenstein,D., Engels,R., Freedman,E., Gellesch,M., Heilman,E., Howarth,C., Jen,D., Larson,L., Lewis,B., Montgomery,P., Park,D., Pearson,M., Richards,J., Roberts,A., Sisk,P., Stolte,C., White,J., Alvarado,L., Champion,M., Godfrey,P., Shenoy,N., Yandava,C., Zeng,Q., Vu,H.T., Nguyen,Q.H., Nguyen,Q.T., Duong,P.H., Simmons,C.P., Wills,B., Nguyen,M.D., Tran,V.N., Tran,H.T., Nguyen,L.T.M., Nguyen,L.P.H., Nusbaum,C., Birren,B.",2008,2009-11-11,ssRNA(+)
GU131776,dengue virus type I,Orthoflavivirus denguei,,DENV-1/VN/BID-V4014/2008,10464,complete,Viet Nam: South,Homo sapiens,blood,"Henn,M.R., Young,S., Koehrsen,M., Lennon,N., Erlich,R., Anderson,S., Rizzolo,K., Green,L., Ryan,E., Yu,Q., Berlin,A., Heiman,D., Hepburn,T., Sykes,S., Borenstein,D., Engels,R., Freedman,E., Gellesch,M., Heilman,E., Howarth,C., Jen,D., Larson,L., Lewis,B., Montgomery,P., Park,D., Pearson,M., Richards,J., Roberts,A., Sisk,P., Stolte,C., White,J., Alvarado,L., Champion,M., Godfrey,P., Shenoy,N., Yandava,C., Zeng,Q., Vu,H.T., Nguyen,Q.H., Nguyen,Q.T., Duong,P.H., Simmons,C.P., Wills,B., Nguyen,M.D., Tran,V.N., Tran,H.T., Nguyen,L.T.M., Nguyen,L.P.H., Nusbaum,C., Birren,B.",2008,2009-11-11,ssRNA(+)
GU131777,dengue virus type I,Orthoflavivirus denguei,,DENV-1/VN/BID-V4015/2008,10478,complete,Viet Nam: South,Homo sapiens,blood,"Henn,M.R., Young,S., Koehrsen,M., Lennon,N., Erlich,R., Anderson,S., Rizzolo,K., Green,L., Ryan,E., Yu,Q., Berlin,A., Heiman,D., Hepburn,T., Sykes,S., Borenstein,D., Engels,R., Freedman,E., Gellesch,M., Heilman,E., Howarth,C., Jen,D., Larson,L., Lewis,B., Montgomery,P., Park,D., Pearson,M., Richards,J., Roberts,A., Sisk,P., Stolte,C., White,J., Alvarado,L., Champion,M., Godfrey,P., Shenoy,N., Yandava,C., Zeng,Q., Vu,H.T., Nguyen,Q.H., Nguyen,Q.T., Duong,P.H., Simmons,C.P., Wills,B., Nguyen,M.D., Tran,V.N., Tran,H.T., Nguyen,L.T.M., Nguyen,L.P.H., Nusbaum,C., Birren,B.",2008,2009-11-11,ssRNA(+)
GU131778,dengue virus type I,Orthoflavivirus denguei,,DENV-1/VN/BID-V4016/2008,10599,complete,Viet Nam: South,Homo sapiens,blood,"Henn,M.R., Young,S., Koehrsen,M., Lennon,N., Erlich,R., Anderson,S., Rizzolo,K., Green,L., Ryan,E., Yu,Q., Berlin,A., Heiman,D., Hepburn,T., Sykes,S., Borenstein,D., Engels,R., Freedman,E., Gellesch,M., Heilman,E., Howarth,C., Jen,D., Larson,L., Lewis,B., Montgomery,P., Park,D., Pearson,M., Richards,J., Roberts,A., Sisk,P., Stolte,C., White,J., Alvarado,L., Champion,M., Godfrey,P., Shenoy,N., Yandava,C., Zeng,Q., Vu,H.T., Nguyen,Q.H., Nguyen,Q.T., Duong,P.H., Simmons,C.P., Wills,B., Nguyen,M.D., Tran,V.N., Tran,H.T., Nguyen,L.T.M., Nguyen,L.P.H., Nusbaum,C., Birren,B.",2008,2009-11-11,ssRNA(+)
GU131779,dengue virus type I,Orthoflavivirus denguei,,DENV-1/VN/BID-V4017/2008,10482,complete,Viet Nam: South,Homo sapiens,blood,"Henn,M.R., Young,S., Koehrsen,M., Lennon,N., Erlich,R., Anderson,S., Rizzolo,K., Green,L., Ryan,E., Yu,Q., Berlin,A., Heiman,D., Hepburn,T., Sykes,S., Borenstein,D., Engels,R., Freedman,E., Gellesch,M., Heilman,E., Howarth,C., Jen,D., Larson,L., Lewis,B., Montgomery,P., Park,D., Pearson,M., Richards,J., Roberts,A., Sisk,P., Stolte,C., White,J., Alvarado,L., Champion,M., Godfrey,P., Shenoy,N., Yandava,C., Zeng,Q., Vu,H.T., Nguyen,Q.H., Nguyen,Q.T., Duong,P.H., Simmons,C.P., Wills,B., Nguyen,M.D., Tran,V.N., Tran,H.T., Nguyen,L.T.M., Nguyen,L.P.H., Nusbaum,C., Birren,B.",2008,2009-11-11,ssRNA(+)
GU131780,dengue virus type I,Orthoflavivirus denguei,,DENV-1/VN/BID-V4018/2008,10475,complete,Viet Nam: South,Homo sapiens,blood,"Henn,M.R., Young,S., Koehrsen,M., Lennon,N., Erlich,R., Anderson,S., Rizzolo,K., Green,L., Ryan,E., Yu,Q., Berlin,A., Heiman,D., Hepburn,T., Sykes,S., Borenstein,D., Engels,R., Freedman,E., Gellesch,M., Heilman,E., Howarth,C., Jen,D., Larson,L., Lewis,B., Montgomery,P., Park,D., Pearson,M., Richards,J., Roberts,A., Sisk,P., Stolte,C., White,J., Alvarado,L., Champion,M., Godfrey,P., Shenoy,N., Yandava,C., Zeng,Q., Vu,H.T., Nguyen,Q.H., Nguyen,Q.T., Duong,P.H., Simmons,C.P., Wills,B., Nguyen,M.D., Tran,V.N., Tran,H.T., Nguyen,L.T.M., Nguyen,L.P.H., Nusbaum,C., Birren,B.",2008,2009-11-11,ssRNA(+)
GU131781,dengue virus type I,Orthoflavivirus denguei,,DENV-1/VN/BID-V4019/2008,10468,complete,Viet Nam: South,Homo sapiens,blood,"Henn,M.R., Young,S., Koehrsen,M., Lennon,N., Erlich,R., Anderson,S., Rizzolo,K., Green,L., Ryan,E., Yu,Q., Berlin,A., Heiman,D., Hepburn,T., Sykes,S., Borenstein,D., Engels,R., Freedman,E., Gellesch,M., Heilman,E., Howarth,C., Jen,D., Larson,L., Lewis,B., Montgomery,P., Park,D., Pearson,M., Richards,J., Roberts,A., Sisk,P., Stolte,C., White,J., Alvarado,L., Champion,M., Godfrey,P., Shenoy,N., Yandava,C., Zeng,Q., Vu,H.T., Nguyen,Q.H., Nguyen,Q.T., Duong,P.H., Simmons,C.P., Wills,B., Nguyen,M.D., Tran,V.N., Tran,H.T., Nguyen,L.T.M., Nguyen,L.P.H., Nusbaum,C., Birren,B.",2008,2009-11-11,ssRNA(+)
GU131782,dengue virus type I,Orthoflavivirus denguei,,DENV-1/VN/BID-V4020/2008,10670,complete,Viet Nam: South,Homo sapiens,blood,"Henn,M.R., Young,S., Koehrsen,M., Lennon,N., Erlich,R., Anderson,S., Rizzolo,K., Green,L., Ryan,E., Yu,Q., Berlin,A., Heiman,D., Hepburn,T., Sykes,S., Borenstein,D., Engels,R., Freedman,E., Gellesch,M., Heilman,E., Howarth,C., Jen,D., Larson,L., Lewis,B., Montgomery,P., Park,D., Pearson,M., Richards,J., Roberts,A., Sisk,P., Stolte,C., White,J., Alvarado,L., Champion,M., Godfrey,P., Shenoy,N., Yandava,C., Zeng,Q., Vu,H.T., Nguyen,Q.H., Nguyen,Q.T., Duong,P.H., Simmons,C.P., Wills,B., Nguyen,M.D., Tran,V.N., Tran,H.T., Nguyen,L.T.M., Nguyen,L.P.H., Nusbaum,C., Birren,B.",2008,2009-11-11,ssRNA(+)
GU131783,dengue virus type I,Orthoflavivirus denguei,,DENV-1/VN/BID-V4021/2008,10482,complete,Viet Nam: South,Homo sapiens,blood,"Henn,M.R., Young,S., Koehrsen,M., Lennon,N., Erlich,R., Anderson,S., Rizzolo,K., Green,L., Ryan,E., Yu,Q., Berlin,A., Heiman,D., Hepburn,T., Sykes,S., Borenstein,D., Engels,R., Freedman,E., Gellesch,M., Heilman,E., Howarth,C., Jen,D., Larson,L., Lewis,B., Montgomery,P., Park,D., Pearson,M., Richards,J., Roberts,A., Sisk,P., Stolte,C., White,J., Alvarado,L., Champion,M., Godfrey,P., Shenoy,N., Yandava,C., Zeng,Q., Vu,H.T., Nguyen,Q.H., Nguyen,Q.T., Duong,P.H., Simmons,C.P., Wills,B., Nguyen,M.D., Tran,V.N., Tran,H.T., Nguyen,L.T.M., Nguyen,L.P.H., Nusbaum,C., Birren,B.",2008,2009-11-11,ssRNA(+)
GU131784,dengue virus type I,Orthoflavivirus denguei,,DENV-1/VN/BID-V4022/2008,10476,complete,Viet Nam: South,Homo sapiens,blood,"Henn,M.R., Young,S., Koehrsen,M., Lennon,N., Erlich,R., Anderson,S., Rizzolo,K., Green,L., Ryan,E., Yu,Q., Berlin,A., Heiman,D., Hepburn,T., Sykes,S., Borenstein,D., Engels,R., Freedman,E., Gellesch,M., Heilman,E., Howarth,C., Jen,D., Larson,L., Lewis,B., Montgomery,P., Park,D., Pearson,M., Richards,J., Roberts,A., Sisk,P., Stolte,C., White,J., Alvarado,L., Champion,M., Godfrey,P., Shenoy,N., Yandava,C., Zeng,Q., Vu,H.T., Nguyen,Q.H., Nguyen,Q.T., Duong,P.H., Simmons,C.P., Wills,B., Nguyen,M.D., Tran,V.N., Tran,H.T., Nguyen,L.T.M., Nguyen,L.P.H., Nusbaum,C., Birren,B.",2008,2009-11-11,ssRNA(+)
GU131785,dengue virus type I,Orthoflavivirus denguei,,DENV-1/VN/BID-V4023/2008,10470,complete,Viet Nam: South,Homo sapiens,blood,"Henn,M.R., Young,S., Koehrsen,M., Lennon,N., Erlich,R., Anderson,S., Rizzolo,K., Green,L., Ryan,E., Yu,Q., Berlin,A., Heiman,D., Hepburn,T., Sykes,S., Borenstein,D., Engels,R., Freedman,E., Gellesch,M., Heilman,E., Howarth,C., Jen,D., Larson,L., Lewis,B., Montgomery,P., Park,D., Pearson,M., Richards,J., Roberts,A., Sisk,P., Stolte,C., White,J., Alvarado,L., Champion,M., Godfrey,P., Shenoy,N., Yandava,C., Zeng,Q., Vu,H.T., Nguyen,Q.H., Nguyen,Q.T., Duong,P.H., Simmons,C.P., Wills,B., Nguyen,M.D., Tran,V.N., Tran,H.T., Nguyen,L.T.M., Nguyen,L.P.H., Nusbaum,C., Birren,B.",2008,2009-11-11,ssRNA(+)
GU131786,dengue virus type I,Orthoflavivirus denguei,,DENV-1/VN/BID-V4026/2008,10472,complete,Viet Nam: South,Homo sapiens,blood,"Henn,M.R., Young,S., Koehrsen,M., Lennon,N., Erlich,R., Anderson,S., Rizzolo,K., Green,L., Ryan,E., Yu,Q., Berlin,A., Heiman,D., Hepburn,T., Sykes,S., Borenstein,D., Engels,R., Freedman,E., Gellesch,M., Heilman,E., Howarth,C., Jen,D., Larson,L., Lewis,B., Montgomery,P., Park,D., Pearson,M., Richards,J., Roberts,A., Sisk,P., Stolte,C., White,J., Alvarado,L., Champion,M., Godfrey,P., Shenoy,N., Yandava,C., Zeng,Q., Vu,H.T., Nguyen,Q.H., Nguyen,Q.T., Duong,P.H., Simmons,C.P., Wills,B., Nguyen,M.D., Tran,V.N., Tran,H.T., Nguyen,L.T.M., Nguyen,L.P.H., Nusbaum,C., Birren,B.",2008,2009-11-11,ssRNA(+)
GU131787,dengue virus type I,Orthoflavivirus denguei,,DENV-1/VN/BID-V4027/2008,10467,complete,Viet Nam: South,Homo sapiens,blood,"Henn,M.R., Young,S., Koehrsen,M., Lennon,N., Erlich,R., Anderson,S., Rizzolo,K., Green,L., Ryan,E., Yu,Q., Berlin,A., Heiman,D., Hepburn,T., Sykes,S., Borenstein,D., Engels,R., Freedman,E., Gellesch,M., Heilman,E., Howarth,C., Jen,D., Larson,L., Lewis,B., Montgomery,P., Park,D., Pearson,M., Richards,J., Roberts,A., Sisk,P., Stolte,C., White,J., Alvarado,L., Champion,M., Godfrey,P., Shenoy,N., Yandava,C., Zeng,Q., Vu,H.T., Nguyen,Q.H., Nguyen,Q.T., Duong,P.H., Simmons,C.P., Wills,B., Nguyen,M.D., Tran,V.N., Tran,H.T., Nguyen,L.T.M., Nguyen,L.P.H., Nusbaum,C., Birren,B.",2008,2009-11-11,ssRNA(+)
GU131788,dengue virus type I,Orthoflavivirus denguei,,DENV-1/VN/BID-V4028/2008,10513,complete,Viet Nam: South,Homo sapiens,blood,"Henn,M.R., Young,S., Koehrsen,M., Lennon,N., Erlich,R., Anderson,S., Rizzolo,K., Green,L., Ryan,E., Yu,Q., Berlin,A., Heiman,D., Hepburn,T., Sykes,S., Borenstein,D., Engels,R., Freedman,E., Gellesch,M., Heilman,E., Howarth,C., Jen,D., Larson,L., Lewis,B., Montgomery,P., Park,D., Pearson,M., Richards,J., Roberts,A., Sisk,P., Stolte,C., White,J., Alvarado,L., Champion,M., Godfrey,P., Shenoy,N., Yandava,C., Zeng,Q., Vu,H.T., Nguyen,Q.H., Nguyen,Q.T., Duong,P.H., Simmons,C.P., Wills,B., Nguyen,M.D., Tran,V.N., Tran,H.T., Nguyen,L.T.M., Nguyen,L.P.H., Nusbaum,C., Birren,B.",2008,2009-11-11,ssRNA(+)
GU131789,dengue virus type I,Orthoflavivirus denguei,,DENV-1/VN/BID-V4030/2008,10482,complete,Viet Nam: South,Homo sapiens,blood,"Henn,M.R., Young,S., Koehrsen,M., Lennon,N., Erlich,R., Anderson,S., Rizzolo,K., Green,L., Ryan,E., Yu,Q., Berlin,A., Heiman,D., Hepburn,T., Sykes,S., Borenstein,D., Engels,R., Freedman,E., Gellesch,M., Heilman,E., Howarth,C., Jen,D., Larson,L., Lewis,B., Montgomery,P., Park,D., Pearson,M., Richards,J., Roberts,A., Sisk,P., Stolte,C., White,J., Alvarado,L., Champion,M., Godfrey,P., Shenoy,N., Yandava,C., Zeng,Q., Vu,H.T., Nguyen,Q.H., Nguyen,Q.T., Duong,P.H., Simmons,C.P., Wills,B., Nguyen,M.D., Tran,V.N., Tran,H.T., Nguyen,L.T.M., Nguyen,L.P.H., Nusbaum,C., Birren,B.",2008,2009-11-11,ssRNA(+)
GU131790,dengue virus type I,Orthoflavivirus denguei,,DENV-1/VN/BID-V4031/2008,10515,complete,Viet Nam: South,Homo sapiens,blood,"Henn,M.R., Young,S., Koehrsen,M., Lennon,N., Erlich,R., Anderson,S., Rizzolo,K., Green,L., Ryan,E., Yu,Q., Berlin,A., Heiman,D., Hepburn,T., Sykes,S., Borenstein,D., Engels,R., Freedman,E., Gellesch,M., Heilman,E., Howarth,C., Jen,D., Larson,L., Lewis,B., Montgomery,P., Park,D., Pearson,M., Richards,J., Roberts,A., Sisk,P., Stolte,C., White,J., Alvarado,L., Champion,M., Godfrey,P., Shenoy,N., Yandava,C., Zeng,Q., Vu,H.T., Nguyen,Q.H., Nguyen,Q.T., Duong,P.H., Simmons,C.P., Wills,B., Nguyen,M.D., Tran,V.N., Tran,H.T., Nguyen,L.T.M., Nguyen,L.P.H., Nusbaum,C., Birren,B.",2008,2009-11-11,ssRNA(+)
GU131791,dengue virus type I,Orthoflavivirus denguei,,DENV-1/VN/BID-V4033/2008,10486,complete,Viet Nam: South,Homo sapiens,blood,"Henn,M.R., Young,S., Koehrsen,M., Lennon,N., Erlich,R., Anderson,S., Rizzolo,K., Green,L., Ryan,E., Yu,Q., Berlin,A., Heiman,D., Hepburn,T., Sykes,S., Borenstein,D., Engels,R., Freedman,E., Gellesch,M., Heilman,E., Howarth,C., Jen,D., Larson,L., Lewis,B., Montgomery,P., Park,D., Pearson,M., Richards,J., Roberts,A., Sisk,P., Stolte,C., White,J., Alvarado,L., Champion,M., Godfrey,P., Shenoy,N., Yandava,C., Zeng,Q., Vu,H.T., Nguyen,Q.H., Nguyen,Q.T., Duong,P.H., Simmons,C.P., Wills,B., Nguyen,M.D., Tran,V.N., Tran,H.T., Nguyen,L.T.M., Nguyen,L.P.H., Nusbaum,C., Birren,B.",2008,2009-11-11,ssRNA(+)
GU131792,dengue virus type I,Orthoflavivirus denguei,,DENV-1/VN/BID-V4034/2008,10457,complete,Viet Nam: South,Homo sapiens,blood,"Henn,M.R., Young,S., Koehrsen,M., Lennon,N., Erlich,R., Anderson,S., Rizzolo,K., Green,L., Ryan,E., Yu,Q., Berlin,A., Heiman,D., Hepburn,T., Sykes,S., Borenstein,D., Engels,R., Freedman,E., Gellesch,M., Heilman,E., Howarth,C., Jen,D., Larson,L., Lewis,B., Montgomery,P., Park,D., Pearson,M., Richards,J., Roberts,A., Sisk,P., Stolte,C., White,J., Alvarado,L., Champion,M., Godfrey,P., Shenoy,N., Yandava,C., Zeng,Q., Vu,H.T., Nguyen,Q.H., Nguyen,Q.T., Duong,P.H., Simmons,C.P., Wills,B., Nguyen,M.D., Tran,V.N., Tran,H.T., Nguyen,L.T.M., Nguyen,L.P.H., Nusbaum,C., Birren,B.",2008,2009-11-11,ssRNA(+)
GU131793,dengue virus type I,Orthoflavivirus denguei,,DENV-1/VN/BID-V4036/2008,10472,complete,Viet Nam: South,Homo sapiens,blood,"Henn,M.R., Young,S., Koehrsen,M., Lennon,N., Erlich,R., Anderson,S., Rizzolo,K., Green,L., Ryan,E., Yu,Q., Berlin,A., Heiman,D., Hepburn,T., Sykes,S., Borenstein,D., Engels,R., Freedman,E., Gellesch,M., Heilman,E., Howarth,C., Jen,D., Larson,L., Lewis,B., Montgomery,P., Park,D., Pearson,M., Richards,J., Roberts,A., Sisk,P., Stolte,C., White,J., Alvarado,L., Champion,M., Godfrey,P., Shenoy,N., Yandava,C., Zeng,Q., Vu,H.T., Nguyen,Q.H., Nguyen,Q.T., Duong,P.H., Simmons,C.P., Wills,B., Nguyen,M.D., Tran,V.N., Tran,H.T., Nguyen,L.T.M., Nguyen,L.P.H., Nusbaum,C., Birren,B.",2008,2009-11-11,ssRNA(+)
GU131794,dengue virus type I,Orthoflavivirus denguei,,DENV-1/VN/BID-V4037/2008,10472,complete,Viet Nam: South,Homo sapiens,blood,"Henn,M.R., Young,S., Koehrsen,M., Lennon,N., Erlich,R., Anderson,S., Rizzolo,K., Green,L., Ryan,E., Yu,Q., Berlin,A., Heiman,D., Hepburn,T., Sykes,S., Borenstein,D., Engels,R., Freedman,E., Gellesch,M., Heilman,E., Howarth,C., Jen,D., Larson,L., Lewis,B., Montgomery,P., Park,D., Pearson,M., Richards,J., Roberts,A., Sisk,P., Stolte,C., White,J., Alvarado,L., Champion,M., Godfrey,P., Shenoy,N., Yandava,C., Zeng,Q., Vu,H.T., Nguyen,Q.H., Nguyen,Q.T., Duong,P.H., Simmons,C.P., Wills,B., Nguyen,M.D., Tran,V.N., Tran,H.T., Nguyen,L.T.M., Nguyen,L.P.H., Nusbaum,C., Birren,B.",2008,2009-11-11,ssRNA(+)
GU131795,dengue virus type I,Orthoflavivirus denguei,,DENV-1/VN/BID-V4038/2008,10404,complete,Viet Nam: South,Homo sapiens,blood,"Henn,M.R., Young,S., Koehrsen,M., Lennon,N., Erlich,R., Anderson,S., Rizzolo,K., Green,L., Ryan,E., Yu,Q., Berlin,A., Heiman,D., Hepburn,T., Sykes,S., Borenstein,D., Engels,R., Freedman,E., Gellesch,M., Heilman,E., Howarth,C., Jen,D., Larson,L., Lewis,B., Montgomery,P., Park,D., Pearson,M., Richards,J., Roberts,A., Sisk,P., Stolte,C., White,J., Alvarado,L., Champion,M., Godfrey,P., Shenoy,N., Yandava,C., Zeng,Q., Vu,H.T., Nguyen,Q.H., Nguyen,Q.T., Duong,P.H., Simmons,C.P., Wills,B., Nguyen,M.D., Tran,V.N., Tran,H.T., Nguyen,L.T.M., Nguyen,L.P.H., Nusbaum,C., Birren,B.",2008,2009-11-11,ssRNA(+)
GU131796,dengue virus type I,Orthoflavivirus denguei,,DENV-1/VN/BID-V4039/2008,10467,complete,Viet Nam: South,Homo sapiens,blood,"Henn,M.R., Young,S., Koehrsen,M., Lennon,N., Erlich,R., Anderson,S., Rizzolo,K., Green,L., Ryan,E., Yu,Q., Berlin,A., Heiman,D., Hepburn,T., Sykes,S., Borenstein,D., Engels,R., Freedman,E., Gellesch,M., Heilman,E., Howarth,C., Jen,D., Larson,L., Lewis,B., Montgomery,P., Park,D., Pearson,M., Richards,J., Roberts,A., Sisk,P., Stolte,C., White,J., Alvarado,L., Champion,M., Godfrey,P., Shenoy,N., Yandava,C., Zeng,Q., Vu,H.T., Nguyen,Q.H., Nguyen,Q.T., Duong,P.H., Simmons,C.P., Wills,B., Nguyen,M.D., Tran,V.N., Tran,H.T., Nguyen,L.T.M., Nguyen,L.P.H., Nusbaum,C., Birren,B.",2008,2009-11-11,ssRNA(+)
GU131797,dengue virus type I,Orthoflavivirus denguei,,DENV-1/VN/BID-V4040/2008,10465,complete,Viet Nam: South,Homo sapiens,blood,"Henn,M.R., Young,S., Koehrsen,M., Lennon,N., Erlich,R., Anderson,S., Rizzolo,K., Green,L., Ryan,E., Yu,Q., Berlin,A., Heiman,D., Hepburn,T., Sykes,S., Borenstein,D., Engels,R., Freedman,E., Gellesch,M., Heilman,E., Howarth,C., Jen,D., Larson,L., Lewis,B., Montgomery,P., Park,D., Pearson,M., Richards,J., Roberts,A., Sisk,P., Stolte,C., White,J., Alvarado,L., Champion,M., Godfrey,P., Shenoy,N., Yandava,C., Zeng,Q., Vu,H.T., Nguyen,Q.H., Nguyen,Q.T., Duong,P.H., Simmons,C.P., Wills,B., Nguyen,M.D., Tran,V.N., Tran,H.T., Nguyen,L.T.M., Nguyen,L.P.H., Nusbaum,C., Birren,B.",2008,2009-11-11,ssRNA(+)
GU131798,dengue virus type I,Orthoflavivirus denguei,,DENV-1/VN/BID-V4041/2008,10471,complete,Viet Nam: South,Homo sapiens,blood,"Henn,M.R., Young,S., Koehrsen,M., Lennon,N., Erlich,R., Anderson,S., Rizzolo,K., Green,L., Ryan,E., Yu,Q., Berlin,A., Heiman,D., Hepburn,T., Sykes,S., Borenstein,D., Engels,R., Freedman,E., Gellesch,M., Heilman,E., Howarth,C., Jen,D., Larson,L., Lewis,B., Montgomery,P., Park,D., Pearson,M., Richards,J., Roberts,A., Sisk,P., Stolte,C., White,J., Alvarado,L., Champion,M., Godfrey,P., Shenoy,N., Yandava,C., Zeng,Q., Vu,H.T., Nguyen,Q.H., Nguyen,Q.T., Duong,P.H., Simmons,C.P., Wills,B., Nguyen,M.D., Tran,V.N., Tran,H.T., Nguyen,L.T.M., Nguyen,L.P.H., Nusbaum,C., Birren,B.",2008,2009-11-11,ssRNA(+)
GU131799,dengue virus type I,Orthoflavivirus denguei,,DENV-1/VN/BID-V4042/2008,10404,complete,Viet Nam: South,Homo sapiens,blood,"Henn,M.R., Young,S., Koehrsen,M., Lennon,N., Erlich,R., Anderson,S., Rizzolo,K., Green,L., Ryan,E., Yu,Q., Berlin,A., Heiman,D., Hepburn,T., Sykes,S., Borenstein,D., Engels,R., Freedman,E., Gellesch,M., Heilman,E., Howarth,C., Jen,D., Larson,L., Lewis,B., Montgomery,P., Park,D., Pearson,M., Richards,J., Roberts,A., Sisk,P., Stolte,C., White,J., Alvarado,L., Champion,M., Godfrey,P., Shenoy,N., Yandava,C., Zeng,Q., Vu,H.T., Nguyen,Q.H., Nguyen,Q.T., Duong,P.H., Simmons,C.P., Wills,B., Nguyen,M.D., Tran,V.N., Tran,H.T., Nguyen,L.T.M., Nguyen,L.P.H., Nusbaum,C., Birren,B.",2008,2009-11-11,ssRNA(+)
GU131800,dengue virus type I,Orthoflavivirus denguei,,DENV-1/VN/BID-V4043/2008,10477,complete,Viet Nam: South,Homo sapiens,blood,"Henn,M.R., Young,S., Koehrsen,M., Lennon,N., Erlich,R., Anderson,S., Rizzolo,K., Green,L., Ryan,E., Yu,Q., Berlin,A., Heiman,D., Hepburn,T., Sykes,S., Borenstein,D., Engels,R., Freedman,E., Gellesch,M., Heilman,E., Howarth,C., Jen,D., Larson,L., Lewis,B., Montgomery,P., Park,D., Pearson,M., Richards,J., Roberts,A., Sisk,P., Stolte,C., White,J., Alvarado,L., Champion,M., Godfrey,P., Shenoy,N., Yandava,C., Zeng,Q., Vu,H.T., Nguyen,Q.H., Nguyen,Q.T., Duong,P.H., Simmons,C.P., Wills,B., Nguyen,M.D., Tran,V.N., Tran,H.T., Nguyen,L.T.M., Nguyen,L.P.H., Nusbaum,C., Birren,B.",2008,2009-11-11,ssRNA(+)
GU131801,dengue virus type I,Orthoflavivirus denguei,,DENV-1/VN/BID-V4044/2008,10467,complete,Viet Nam: South,Homo sapiens,blood,"Henn,M.R., Young,S., Koehrsen,M., Lennon,N., Erlich,R., Anderson,S., Rizzolo,K., Green,L., Ryan,E., Yu,Q., Berlin,A., Heiman,D., Hepburn,T., Sykes,S., Borenstein,D., Engels,R., Freedman,E., Gellesch,M., Heilman,E., Howarth,C., Jen,D., Larson,L., Lewis,B., Montgomery,P., Park,D., Pearson,M., Richards,J., Roberts,A., Sisk,P., Stolte,C., White,J., Alvarado,L., Champion,M., Godfrey,P., Shenoy,N., Yandava,C., Zeng,Q., Vu,H.T., Nguyen,Q.H., Nguyen,Q.T., Duong,P.H., Simmons,C.P., Wills,B., Nguyen,M.D., Tran,V.N., Tran,H.T., Nguyen,L.T.M., Nguyen,L.P.H., Nusbaum,C., Birren,B.",2008,2009-11-11,ssRNA(+)
GU131802,dengue virus type I,Orthoflavivirus denguei,,DENV-1/VN/BID-V4048/2008,10486,complete,Viet Nam: South,Homo sapiens,blood,"Henn,M.R., Young,S., Koehrsen,M., Lennon,N., Erlich,R., Anderson,S., Rizzolo,K., Green,L., Ryan,E., Yu,Q., Berlin,A., Heiman,D., Hepburn,T., Sykes,S., Borenstein,D., Engels,R., Freedman,E., Gellesch,M., Heilman,E., Howarth,C., Jen,D., Larson,L., Lewis,B., Montgomery,P., Park,D., Pearson,M., Richards,J., Roberts,A., Sisk,P., Stolte,C., White,J., Alvarado,L., Champion,M., Godfrey,P., Shenoy,N., Yandava,C., Zeng,Q., Vu,H.T., Nguyen,Q.H., Nguyen,Q.T., Duong,P.H., Simmons,C.P., Wills,B., Nguyen,M.D., Tran,V.N., Tran,H.T., Nguyen,L.T.M., Nguyen,L.P.H., Nusbaum,C., Birren,B.",2008,2009-11-11,ssRNA(+)
GU131803,dengue virus type I,Orthoflavivirus denguei,,DENV-1/VN/BID-V4049/2008,10463,complete,Viet Nam: South,Homo sapiens,blood,"Henn,M.R., Young,S., Koehrsen,M., Lennon,N., Erlich,R., Anderson,S., Rizzolo,K., Green,L., Ryan,E., Yu,Q., Berlin,A., Heiman,D., Hepburn,T., Sykes,S., Borenstein,D., Engels,R., Freedman,E., Gellesch,M., Heilman,E., Howarth,C., Jen,D., Larson,L., Lewis,B., Montgomery,P., Park,D., Pearson,M., Richards,J., Roberts,A., Sisk,P., Stolte,C., White,J., Alvarado,L., Champion,M., Godfrey,P., Shenoy,N., Yandava,C., Zeng,Q., Vu,H.T., Nguyen,Q.H., Nguyen,Q.T., Duong,P.H., Simmons,C.P., Wills,B., Nguyen,M.D., Tran,V.N., Tran,H.T., Nguyen,L.T.M., Nguyen,L.P.H., Nusbaum,C., Birren,B.",2008,2009-11-11,ssRNA(+)
GU131804,dengue virus type I,Orthoflavivirus denguei,,DENV-1/VN/BID-V4051/2008,10464,complete,Viet Nam: South,Homo sapiens,blood,"Henn,M.R., Young,S., Koehrsen,M., Lennon,N., Erlich,R., Anderson,S., Rizzolo,K., Green,L., Ryan,E., Yu,Q., Berlin,A., Heiman,D., Hepburn,T., Sykes,S., Borenstein,D., Engels,R., Freedman,E., Gellesch,M., Heilman,E., Howarth,C., Jen,D., Larson,L., Lewis,B., Montgomery,P., Park,D., Pearson,M., Richards,J., Roberts,A., Sisk,P., Stolte,C., White,J., Alvarado,L., Champion,M., Godfrey,P., Shenoy,N., Yandava,C., Zeng,Q., Vu,H.T., Nguyen,Q.H., Nguyen,Q.T., Duong,P.H., Simmons,C.P., Wills,B., Nguyen,M.D., Tran,V.N., Tran,H.T., Nguyen,L.T.M., Nguyen,L.P.H., Nusbaum,C., Birren,B.",2008,2009-11-11,ssRNA(+)
GU131805,dengue virus type I,Orthoflavivirus denguei,,DENV-1/VN/BID-V4052/2008,10451,complete,Viet Nam: South,Homo sapiens,blood,"Henn,M.R., Young,S., Koehrsen,M., Lennon,N., Erlich,R., Anderson,S., Rizzolo,K., Green,L., Ryan,E., Yu,Q., Berlin,A., Heiman,D., Hepburn,T., Sykes,S., Borenstein,D., Engels,R., Freedman,E., Gellesch,M., Heilman,E., Howarth,C., Jen,D., Larson,L., Lewis,B., Montgomery,P., Park,D., Pearson,M., Richards,J., Roberts,A., Sisk,P., Stolte,C., White,J., Alvarado,L., Champion,M., Godfrey,P., Shenoy,N., Yandava,C., Zeng,Q., Vu,H.T., Nguyen,Q.H., Nguyen,Q.T., Duong,P.H., Simmons,C.P., Wills,B., Nguyen,M.D., Tran,V.N., Tran,H.T., Nguyen,L.T.M., Nguyen,L.P.H., Nusbaum,C., Birren,B.",2008,2009-11-11,ssRNA(+)
GU131806,dengue virus type I,Orthoflavivirus denguei,,DENV-1/VN/BID-V4054/2008,10404,complete,Viet Nam: South,Homo sapiens,blood,"Henn,M.R., Young,S., Koehrsen,M., Lennon,N., Erlich,R., Anderson,S., Rizzolo,K., Green,L., Ryan,E., Yu,Q., Berlin,A., Heiman,D., Hepburn,T., Sykes,S., Borenstein,D., Engels,R., Freedman,E., Gellesch,M., Heilman,E., Howarth,C., Jen,D., Larson,L., Lewis,B., Montgomery,P., Park,D., Pearson,M., Richards,J., Roberts,A., Sisk,P., Stolte,C., White,J., Alvarado,L., Champion,M., Godfrey,P., Shenoy,N., Yandava,C., Zeng,Q., Vu,H.T., Nguyen,Q.H., Nguyen,Q.T., Duong,P.H., Simmons,C.P., Wills,B., Nguyen,M.D., Tran,V.N., Tran,H.T., Nguyen,L.T.M., Nguyen,L.P.H., Nusbaum,C., Birren,B.",2008,2009-11-11,ssRNA(+)
GU131807,dengue virus type I,Orthoflavivirus denguei,,DENV-1/VN/BID-V4055/2008,10444,complete,Viet Nam: South,Homo sapiens,blood,"Henn,M.R., Young,S., Koehrsen,M., Lennon,N., Erlich,R., Anderson,S., Rizzolo,K., Green,L., Ryan,E., Yu,Q., Berlin,A., Heiman,D., Hepburn,T., Sykes,S., Borenstein,D., Engels,R., Freedman,E., Gellesch,M., Heilman,E., Howarth,C., Jen,D., Larson,L., Lewis,B., Montgomery,P., Park,D., Pearson,M., Richards,J., Roberts,A., Sisk,P., Stolte,C., White,J., Alvarado,L., Champion,M., Godfrey,P., Shenoy,N., Yandava,C., Zeng,Q., Vu,H.T., Nguyen,Q.H., Nguyen,Q.T., Duong,P.H., Simmons,C.P., Wills,B., Nguyen,M.D., Tran,V.N., Tran,H.T., Nguyen,L.T.M., Nguyen,L.P.H., Nusbaum,C., Birren,B.",2008,2009-11-11,ssRNA(+)
GU131808,dengue virus type I,Orthoflavivirus denguei,,DENV-1/VN/BID-V4056/2008,10476,complete,Viet Nam: South,Homo sapiens,blood,"Henn,M.R., Young,S., Koehrsen,M., Lennon,N., Erlich,R., Anderson,S., Rizzolo,K., Green,L., Ryan,E., Yu,Q., Berlin,A., Heiman,D., Hepburn,T., Sykes,S., Borenstein,D., Engels,R., Freedman,E., Gellesch,M., Heilman,E., Howarth,C., Jen,D., Larson,L., Lewis,B., Montgomery,P., Park,D., Pearson,M., Richards,J., Roberts,A., Sisk,P., Stolte,C., White,J., Alvarado,L., Champion,M., Godfrey,P., Shenoy,N., Yandava,C., Zeng,Q., Vu,H.T., Nguyen,Q.H., Nguyen,Q.T., Duong,P.H., Simmons,C.P., Wills,B., Nguyen,M.D., Tran,V.N., Tran,H.T., Nguyen,L.T.M., Nguyen,L.P.H., Nusbaum,C., Birren,B.",2008,2009-11-11,ssRNA(+)
GU131809,dengue virus type I,Orthoflavivirus denguei,,DENV-1/VN/BID-V4057/2008,10474,complete,Viet Nam: South,Homo sapiens,blood,"Henn,M.R., Young,S., Koehrsen,M., Lennon,N., Erlich,R., Anderson,S., Rizzolo,K., Green,L., Ryan,E., Yu,Q., Berlin,A., Heiman,D., Hepburn,T., Sykes,S., Borenstein,D., Engels,R., Freedman,E., Gellesch,M., Heilman,E., Howarth,C., Jen,D., Larson,L., Lewis,B., Montgomery,P., Park,D., Pearson,M., Richards,J., Roberts,A., Sisk,P., Stolte,C., White,J., Alvarado,L., Champion,M., Godfrey,P., Shenoy,N., Yandava,C., Zeng,Q., Vu,H.T., Nguyen,Q.H., Nguyen,Q.T., Duong,P.H., Simmons,C.P., Wills,B., Nguyen,M.D., Tran,V.N., Tran,H.T., Nguyen,L.T.M., Nguyen,L.P.H., Nusbaum,C., Birren,B.",2008,2009-11-11,ssRNA(+)
GU131810,dengue virus type I,Orthoflavivirus denguei,,DENV-1/VN/BID-V4058/2008,10474,complete,Viet Nam: South,Homo sapiens,blood,"Henn,M.R., Young,S., Koehrsen,M., Lennon,N., Erlich,R., Anderson,S., Rizzolo,K., Green,L., Ryan,E., Yu,Q., Berlin,A., Heiman,D., Hepburn,T., Sykes,S., Borenstein,D., Engels,R., Freedman,E., Gellesch,M., Heilman,E., Howarth,C., Jen,D., Larson,L., Lewis,B., Montgomery,P., Park,D., Pearson,M., Richards,J., Roberts,A., Sisk,P., Stolte,C., White,J., Alvarado,L., Champion,M., Godfrey,P., Shenoy,N., Yandava,C., Zeng,Q., Vu,H.T., Nguyen,Q.H., Nguyen,Q.T., Duong,P.H., Simmons,C.P., Wills,B., Nguyen,M.D., Tran,V.N., Tran,H.T., Nguyen,L.T.M., Nguyen,L.P.H., Nusbaum,C., Birren,B.",2008,2009-11-11,ssRNA(+)
GU131811,dengue virus type I,Orthoflavivirus denguei,,DENV-1/VN/BID-V4059/2008,10465,complete,Viet Nam: South,Homo sapiens,blood,"Henn,M.R., Young,S., Koehrsen,M., Lennon,N., Erlich,R., Anderson,S., Rizzolo,K., Green,L., Ryan,E., Yu,Q., Berlin,A., Heiman,D., Hepburn,T., Sykes,S., Borenstein,D., Engels,R., Freedman,E., Gellesch,M., Heilman,E., Howarth,C., Jen,D., Larson,L., Lewis,B., Montgomery,P., Park,D., Pearson,M., Richards,J., Roberts,A., Sisk,P., Stolte,C., White,J., Alvarado,L., Champion,M., Godfrey,P., Shenoy,N., Yandava,C., Zeng,Q., Vu,H.T., Nguyen,Q.H., Nguyen,Q.T., Duong,P.H., Simmons,C.P., Wills,B., Nguyen,M.D., Tran,V.N., Tran,H.T., Nguyen,L.T.M., Nguyen,L.P.H., Nusbaum,C., Birren,B.",2008,2009-11-11,ssRNA(+)
GU131812,dengue virus type I,Orthoflavivirus denguei,,DENV-1/VN/BID-V4063/2008,10519,complete,Viet Nam: South,Homo sapiens,blood,"Henn,M.R., Young,S., Koehrsen,M., Lennon,N., Erlich,R., Anderson,S., Rizzolo,K., Green,L., Ryan,E., Yu,Q., Berlin,A., Heiman,D., Hepburn,T., Sykes,S., Borenstein,D., Engels,R., Freedman,E., Gellesch,M., Heilman,E., Howarth,C., Jen,D., Larson,L., Lewis,B., Montgomery,P., Park,D., Pearson,M., Richards,J., Roberts,A., Sisk,P., Stolte,C., White,J., Alvarado,L., Champion,M., Godfrey,P., Shenoy,N., Yandava,C., Zeng,Q., Vu,H.T., Nguyen,Q.H., Nguyen,Q.T., Duong,P.H., Simmons,C.P., Wills,B., Nguyen,M.D., Tran,V.N., Tran,H.T., Nguyen,L.T.M., Nguyen,L.P.H., Nusbaum,C., Birren,B.",2008,2009-11-11,ssRNA(+)
GU131813,dengue virus type I,Orthoflavivirus denguei,,DENV-1/VN/BID-V4064/2008,10474,complete,Viet Nam: South,Homo sapiens,blood,"Henn,M.R., Young,S., Koehrsen,M., Lennon,N., Erlich,R., Anderson,S., Rizzolo,K., Green,L., Ryan,E., Yu,Q., Berlin,A., Heiman,D., Hepburn,T., Sykes,S., Borenstein,D., Engels,R., Freedman,E., Gellesch,M., Heilman,E., Howarth,C., Jen,D., Larson,L., Lewis,B., Montgomery,P., Park,D., Pearson,M., Richards,J., Roberts,A., Sisk,P., Stolte,C., White,J., Alvarado,L., Champion,M., Godfrey,P., Shenoy,N., Yandava,C., Zeng,Q., Vu,H.T., Nguyen,Q.H., Nguyen,Q.T., Duong,P.H., Simmons,C.P., Wills,B., Nguyen,M.D., Tran,V.N., Tran,H.T., Nguyen,L.T.M., Nguyen,L.P.H., Nusbaum,C., Birren,B.",2008,2009-11-11,ssRNA(+)
GU131814,dengue virus type I,Orthoflavivirus denguei,,DENV-1/VN/BID-V4065/2008,10468,complete,Viet Nam: South,Homo sapiens,blood,"Henn,M.R., Young,S., Koehrsen,M., Lennon,N., Erlich,R., Anderson,S., Rizzolo,K., Green,L., Ryan,E., Yu,Q., Berlin,A., Heiman,D., Hepburn,T., Sykes,S., Borenstein,D., Engels,R., Freedman,E., Gellesch,M., Heilman,E., Howarth,C., Jen,D., Larson,L., Lewis,B., Montgomery,P., Park,D., Pearson,M., Richards,J., Roberts,A., Sisk,P., Stolte,C., White,J., Alvarado,L., Champion,M., Godfrey,P., Shenoy,N., Yandava,C., Zeng,Q., Vu,H.T., Nguyen,Q.H., Nguyen,Q.T., Duong,P.H., Simmons,C.P., Wills,B., Nguyen,M.D., Tran,V.N., Tran,H.T., Nguyen,L.T.M., Nguyen,L.P.H., Nusbaum,C., Birren,B.",2008,2009-11-11,ssRNA(+)
GU131815,dengue virus type I,Orthoflavivirus denguei,,DENV-1/VN/BID-V4066/2008,10385,complete,Viet Nam: South,Homo sapiens,blood,"Henn,M.R., Young,S., Koehrsen,M., Lennon,N., Erlich,R., Anderson,S., Rizzolo,K., Green,L., Ryan,E., Yu,Q., Berlin,A., Heiman,D., Hepburn,T., Sykes,S., Borenstein,D., Engels,R., Freedman,E., Gellesch,M., Heilman,E., Howarth,C., Jen,D., Larson,L., Lewis,B., Montgomery,P., Park,D., Pearson,M., Richards,J., Roberts,A., Sisk,P., Stolte,C., White,J., Alvarado,L., Champion,M., Godfrey,P., Shenoy,N., Yandava,C., Zeng,Q., Vu,H.T., Nguyen,Q.H., Nguyen,Q.T., Duong,P.H., Simmons,C.P., Wills,B., Nguyen,M.D., Tran,V.N., Tran,H.T., Nguyen,L.T.M., Nguyen,L.P.H., Nusbaum,C., Birren,B.",2008,2009-11-11,ssRNA(+)
GU131816,dengue virus type I,Orthoflavivirus denguei,,DENV-1/VN/BID-V4067/2008,10513,complete,Viet Nam: South,Homo sapiens,blood,"Henn,M.R., Young,S., Koehrsen,M., Lennon,N., Erlich,R., Anderson,S., Rizzolo,K., Green,L., Ryan,E., Yu,Q., Berlin,A., Heiman,D., Hepburn,T., Sykes,S., Borenstein,D., Engels,R., Freedman,E., Gellesch,M., Heilman,E., Howarth,C., Jen,D., Larson,L., Lewis,B., Montgomery,P., Park,D., Pearson,M., Richards,J., Roberts,A., Sisk,P., Stolte,C., White,J., Alvarado,L., Champion,M., Godfrey,P., Shenoy,N., Yandava,C., Zeng,Q., Vu,H.T., Nguyen,Q.H., Nguyen,Q.T., Duong,P.H., Simmons,C.P., Wills,B., Nguyen,M.D., Tran,V.N., Tran,H.T., Nguyen,L.T.M., Nguyen,L.P.H., Nusbaum,C., Birren,B.",2008,2009-11-11,ssRNA(+)
GU131817,dengue virus type I,Orthoflavivirus denguei,,DENV-1/VN/BID-V4068/2008,10418,complete,Viet Nam: South,Homo sapiens,blood,"Henn,M.R., Young,S., Koehrsen,M., Lennon,N., Erlich,R., Anderson,S., Rizzolo,K., Green,L., Ryan,E., Yu,Q., Berlin,A., Heiman,D., Hepburn,T., Sykes,S., Borenstein,D., Engels,R., Freedman,E., Gellesch,M., Heilman,E., Howarth,C., Jen,D., Larson,L., Lewis,B., Montgomery,P., Park,D., Pearson,M., Richards,J., Roberts,A., Sisk,P., Stolte,C., White,J., Alvarado,L., Champion,M., Godfrey,P., Shenoy,N., Yandava,C., Zeng,Q., Vu,H.T., Nguyen,Q.H., Nguyen,Q.T., Duong,P.H., Simmons,C.P., Wills,B., Nguyen,M.D., Tran,V.N., Tran,H.T., Nguyen,L.T.M., Nguyen,L.P.H., Nusbaum,C., Birren,B.",2008,2009-11-11,ssRNA(+)
GU131818,dengue virus type I,Orthoflavivirus denguei,,DENV-1/VN/BID-V4069/2008,10467,complete,Viet Nam: South,Homo sapiens,blood,"Henn,M.R., Young,S., Koehrsen,M., Lennon,N., Erlich,R., Anderson,S., Rizzolo,K., Green,L., Ryan,E., Yu,Q., Berlin,A., Heiman,D., Hepburn,T., Sykes,S., Borenstein,D., Engels,R., Freedman,E., Gellesch,M., Heilman,E., Howarth,C., Jen,D., Larson,L., Lewis,B., Montgomery,P., Park,D., Pearson,M., Richards,J., Roberts,A., Sisk,P., Stolte,C., White,J., Alvarado,L., Champion,M., Godfrey,P., Shenoy,N., Yandava,C., Zeng,Q., Vu,H.T., Nguyen,Q.H., Nguyen,Q.T., Duong,P.H., Simmons,C.P., Wills,B., Nguyen,M.D., Tran,V.N., Tran,H.T., Nguyen,L.T.M., Nguyen,L.P.H., Nusbaum,C., Birren,B.",2008,2009-11-11,ssRNA(+)
GU131819,dengue virus type I,Orthoflavivirus denguei,,DENV-1/VN/BID-V4070/2008,10462,complete,Viet Nam: South,Homo sapiens,blood,"Henn,M.R., Young,S., Koehrsen,M., Lennon,N., Erlich,R., Anderson,S., Rizzolo,K., Green,L., Ryan,E., Yu,Q., Berlin,A., Heiman,D., Hepburn,T., Sykes,S., Borenstein,D., Engels,R., Freedman,E., Gellesch,M., Heilman,E., Howarth,C., Jen,D., Larson,L., Lewis,B., Montgomery,P., Park,D., Pearson,M., Richards,J., Roberts,A., Sisk,P., Stolte,C., White,J., Alvarado,L., Champion,M., Godfrey,P., Shenoy,N., Yandava,C., Zeng,Q., Vu,H.T., Nguyen,Q.H., Nguyen,Q.T., Duong,P.H., Simmons,C.P., Wills,B., Nguyen,M.D., Tran,V.N., Tran,H.T., Nguyen,L.T.M., Nguyen,L.P.H., Nusbaum,C., Birren,B.",2008,2009-11-11,ssRNA(+)
GU131820,dengue virus type I,Orthoflavivirus denguei,,DENV-1/VN/BID-V4071/2008,10405,complete,Viet Nam: South,Homo sapiens,blood,"Henn,M.R., Young,S., Koehrsen,M., Lennon,N., Erlich,R., Anderson,S., Rizzolo,K., Green,L., Ryan,E., Yu,Q., Berlin,A., Heiman,D., Hepburn,T., Sykes,S., Borenstein,D., Engels,R., Freedman,E., Gellesch,M., Heilman,E., Howarth,C., Jen,D., Larson,L., Lewis,B., Montgomery,P., Park,D., Pearson,M., Richards,J., Roberts,A., Sisk,P., Stolte,C., White,J., Alvarado,L., Champion,M., Godfrey,P., Shenoy,N., Yandava,C., Zeng,Q., Vu,H.T., Nguyen,Q.H., Nguyen,Q.T., Duong,P.H., Simmons,C.P., Wills,B., Nguyen,M.D., Tran,V.N., Tran,H.T., Nguyen,L.T.M., Nguyen,L.P.H., Nusbaum,C., Birren,B.",2008,2009-11-11,ssRNA(+)
GU131821,dengue virus type I,Orthoflavivirus denguei,,DENV-1/VN/BID-V4073/2008,10482,complete,Viet Nam: South,Homo sapiens,blood,"Henn,M.R., Young,S., Koehrsen,M., Lennon,N., Erlich,R., Anderson,S., Rizzolo,K., Green,L., Ryan,E., Yu,Q., Berlin,A., Heiman,D., Hepburn,T., Sykes,S., Borenstein,D., Engels,R., Freedman,E., Gellesch,M., Heilman,E., Howarth,C., Jen,D., Larson,L., Lewis,B., Montgomery,P., Park,D., Pearson,M., Richards,J., Roberts,A., Sisk,P., Stolte,C., White,J., Alvarado,L., Champion,M., Godfrey,P., Shenoy,N., Yandava,C., Zeng,Q., Vu,H.T., Nguyen,Q.H., Nguyen,Q.T., Duong,P.H., Simmons,C.P., Wills,B., Nguyen,M.D., Tran,V.N., Tran,H.T., Nguyen,L.T.M., Nguyen,L.P.H., Nusbaum,C., Birren,B.",2008,2009-11-11,ssRNA(+)
GU131822,dengue virus type I,Orthoflavivirus denguei,,DENV-1/VN/BID-V4074/2008,10479,complete,Viet Nam: South,Homo sapiens,blood,"Henn,M.R., Young,S., Koehrsen,M., Lennon,N., Erlich,R., Anderson,S., Rizzolo,K., Green,L., Ryan,E., Yu,Q., Berlin,A., Heiman,D., Hepburn,T., Sykes,S., Borenstein,D., Engels,R., Freedman,E., Gellesch,M., Heilman,E., Howarth,C., Jen,D., Larson,L., Lewis,B., Montgomery,P., Park,D., Pearson,M., Richards,J., Roberts,A., Sisk,P., Stolte,C., White,J., Alvarado,L., Champion,M., Godfrey,P., Shenoy,N., Yandava,C., Zeng,Q., Vu,H.T., Nguyen,Q.H., Nguyen,Q.T., Duong,P.H., Simmons,C.P., Wills,B., Nguyen,M.D., Tran,V.N., Tran,H.T., Nguyen,L.T.M., Nguyen,L.P.H., Nusbaum,C., Birren,B.",2008,2009-11-11,ssRNA(+)
GU131823,dengue virus type I,Orthoflavivirus denguei,,DENV-1/VN/BID-V4075/2008,10486,complete,Viet Nam: South,Homo sapiens,blood,"Henn,M.R., Young,S., Koehrsen,M., Lennon,N., Erlich,R., Anderson,S., Rizzolo,K., Green,L., Ryan,E., Yu,Q., Berlin,A., Heiman,D., Hepburn,T., Sykes,S., Borenstein,D., Engels,R., Freedman,E., Gellesch,M., Heilman,E., Howarth,C., Jen,D., Larson,L., Lewis,B., Montgomery,P., Park,D., Pearson,M., Richards,J., Roberts,A., Sisk,P., Stolte,C., White,J., Alvarado,L., Champion,M., Godfrey,P., Shenoy,N., Yandava,C., Zeng,Q., Vu,H.T., Nguyen,Q.H., Nguyen,Q.T., Duong,P.H., Simmons,C.P., Wills,B., Nguyen,M.D., Tran,V.N., Tran,H.T., Nguyen,L.T.M., Nguyen,L.P.H., Nusbaum,C., Birren,B.",2008,2009-11-11,ssRNA(+)
GU131824,dengue virus type I,Orthoflavivirus denguei,,DENV-1/VN/BID-V4076/2008,10475,complete,Viet Nam: South,Homo sapiens,blood,"Henn,M.R., Young,S., Koehrsen,M., Lennon,N., Erlich,R., Anderson,S., Rizzolo,K., Green,L., Ryan,E., Yu,Q., Berlin,A., Heiman,D., Hepburn,T., Sykes,S., Borenstein,D., Engels,R., Freedman,E., Gellesch,M., Heilman,E., Howarth,C., Jen,D., Larson,L., Lewis,B., Montgomery,P., Park,D., Pearson,M., Richards,J., Roberts,A., Sisk,P., Stolte,C., White,J., Alvarado,L., Champion,M., Godfrey,P., Shenoy,N., Yandava,C., Zeng,Q., Vu,H.T., Nguyen,Q.H., Nguyen,Q.T., Duong,P.H., Simmons,C.P., Wills,B., Nguyen,M.D., Tran,V.N., Tran,H.T., Nguyen,L.T.M., Nguyen,L.P.H., Nusbaum,C., Birren,B.",2008,2009-11-11,ssRNA(+)
GU131825,dengue virus type I,Orthoflavivirus denguei,,DENV-1/VN/BID-V4077/2008,10462,complete,Viet Nam: South,Homo sapiens,blood,"Henn,M.R., Young,S., Koehrsen,M., Lennon,N., Erlich,R., Anderson,S., Rizzolo,K., Green,L., Ryan,E., Yu,Q., Berlin,A., Heiman,D., Hepburn,T., Sykes,S., Borenstein,D., Engels,R., Freedman,E., Gellesch,M., Heilman,E., Howarth,C., Jen,D., Larson,L., Lewis,B., Montgomery,P., Park,D., Pearson,M., Richards,J., Roberts,A., Sisk,P., Stolte,C., White,J., Alvarado,L., Champion,M., Godfrey,P., Shenoy,N., Yandava,C., Zeng,Q., Vu,H.T., Nguyen,Q.H., Nguyen,Q.T., Duong,P.H., Simmons,C.P., Wills,B., Nguyen,M.D., Tran,V.N., Tran,H.T., Nguyen,L.T.M., Nguyen,L.P.H., Nusbaum,C., Birren,B.",2008,2009-11-11,ssRNA(+)
GU131826,dengue virus type I,Orthoflavivirus denguei,,DENV-1/VN/BID-V4078/2008,10471,complete,Viet Nam: South,Homo sapiens,blood,"Henn,M.R., Young,S., Koehrsen,M., Lennon,N., Erlich,R., Anderson,S., Rizzolo,K., Green,L., Ryan,E., Yu,Q., Berlin,A., Heiman,D., Hepburn,T., Sykes,S., Borenstein,D., Engels,R., Freedman,E., Gellesch,M., Heilman,E., Howarth,C., Jen,D., Larson,L., Lewis,B., Montgomery,P., Park,D., Pearson,M., Richards,J., Roberts,A., Sisk,P., Stolte,C., White,J., Alvarado,L., Champion,M., Godfrey,P., Shenoy,N., Yandava,C., Zeng,Q., Vu,H.T., Nguyen,Q.H., Nguyen,Q.T., Duong,P.H., Simmons,C.P., Wills,B., Nguyen,M.D., Tran,V.N., Tran,H.T., Nguyen,L.T.M., Nguyen,L.P.H., Nusbaum,C., Birren,B.",2008,2009-11-11,ssRNA(+)
GU131827,dengue virus type I,Orthoflavivirus denguei,,DENV-1/VN/BID-V4083/2008,10418,complete,Viet Nam: South,Homo sapiens,blood,"Henn,M.R., Young,S., Koehrsen,M., Lennon,N., Erlich,R., Anderson,S., Rizzolo,K., Green,L., Ryan,E., Yu,Q., Berlin,A., Heiman,D., Hepburn,T., Sykes,S., Borenstein,D., Engels,R., Freedman,E., Gellesch,M., Heilman,E., Howarth,C., Jen,D., Larson,L., Lewis,B., Montgomery,P., Park,D., Pearson,M., Richards,J., Roberts,A., Sisk,P., Stolte,C., White,J., Alvarado,L., Champion,M., Godfrey,P., Shenoy,N., Yandava,C., Zeng,Q., Vu,H.T., Nguyen,Q.H., Nguyen,Q.T., Duong,P.H., Simmons,C.P., Wills,B., Nguyen,M.D., Tran,V.N., Tran,H.T., Nguyen,L.T.M., Nguyen,L.P.H., Nusbaum,C., Birren,B.",2008,2009-11-11,ssRNA(+)
GU131828,dengue virus type I,Orthoflavivirus denguei,,DENV-1/VN/BID-V4084/2008,10676,complete,Viet Nam: South,Homo sapiens,blood,"Henn,M.R., Young,S., Koehrsen,M., Lennon,N., Erlich,R., Anderson,S., Rizzolo,K., Green,L., Ryan,E., Yu,Q., Berlin,A., Heiman,D., Hepburn,T., Sykes,S., Borenstein,D., Engels,R., Freedman,E., Gellesch,M., Heilman,E., Howarth,C., Jen,D., Larson,L., Lewis,B., Montgomery,P., Park,D., Pearson,M., Richards,J., Roberts,A., Sisk,P., Stolte,C., White,J., Alvarado,L., Champion,M., Godfrey,P., Shenoy,N., Yandava,C., Zeng,Q., Vu,H.T., Nguyen,Q.H., Nguyen,Q.T., Duong,P.H., Simmons,C.P., Wills,B., Nguyen,M.D., Tran,V.N., Tran,H.T., Nguyen,L.T.M., Nguyen,L.P.H., Nusbaum,C., Birren,B.",2008,2009-11-11,ssRNA(+)
GU131829,dengue virus type I,Orthoflavivirus denguei,,DENV-1/VN/BID-V4085/2008,10476,complete,Viet Nam: South,Homo sapiens,blood,"Henn,M.R., Young,S., Koehrsen,M., Lennon,N., Erlich,R., Anderson,S., Rizzolo,K., Green,L., Ryan,E., Yu,Q., Berlin,A., Heiman,D., Hepburn,T., Sykes,S., Borenstein,D., Engels,R., Freedman,E., Gellesch,M., Heilman,E., Howarth,C., Jen,D., Larson,L., Lewis,B., Montgomery,P., Park,D., Pearson,M., Richards,J., Roberts,A., Sisk,P., Stolte,C., White,J., Alvarado,L., Champion,M., Godfrey,P., Shenoy,N., Yandava,C., Zeng,Q., Vu,H.T., Nguyen,Q.H., Nguyen,Q.T., Duong,P.H., Simmons,C.P., Wills,B., Nguyen,M.D., Tran,V.N., Tran,H.T., Nguyen,L.T.M., Nguyen,L.P.H., Nusbaum,C., Birren,B.",2008,2009-11-11,ssRNA(+)
GU131830,dengue virus type I,Orthoflavivirus denguei,,DENV-1/VN/BID-V4087/2008,10453,complete,Viet Nam: South,Homo sapiens,blood,"Henn,M.R., Young,S., Koehrsen,M., Lennon,N., Erlich,R., Anderson,S., Rizzolo,K., Green,L., Ryan,E., Yu,Q., Berlin,A., Heiman,D., Hepburn,T., Sykes,S., Borenstein,D., Engels,R., Freedman,E., Gellesch,M., Heilman,E., Howarth,C., Jen,D., Larson,L., Lewis,B., Montgomery,P., Park,D., Pearson,M., Richards,J., Roberts,A., Sisk,P., Stolte,C., White,J., Alvarado,L., Champion,M., Godfrey,P., Shenoy,N., Yandava,C., Zeng,Q., Vu,H.T., Nguyen,Q.H., Nguyen,Q.T., Duong,P.H., Simmons,C.P., Wills,B., Nguyen,M.D., Tran,V.N., Tran,H.T., Nguyen,L.T.M., Nguyen,L.P.H., Nusbaum,C., Birren,B.",2008,2009-11-11,ssRNA(+)
GU131831,dengue virus type I,Orthoflavivirus denguei,,DENV-1/VN/BID-V4088/2008,10473,complete,Viet Nam: South,Homo sapiens,blood,"Henn,M.R., Young,S., Koehrsen,M., Lennon,N., Erlich,R., Anderson,S., Rizzolo,K., Green,L., Ryan,E., Yu,Q., Berlin,A., Heiman,D., Hepburn,T., Sykes,S., Borenstein,D., Engels,R., Freedman,E., Gellesch,M., Heilman,E., Howarth,C., Jen,D., Larson,L., Lewis,B., Montgomery,P., Park,D., Pearson,M., Richards,J., Roberts,A., Sisk,P., Stolte,C., White,J., Alvarado,L., Champion,M., Godfrey,P., Shenoy,N., Yandava,C., Zeng,Q., Vu,H.T., Nguyen,Q.H., Nguyen,Q.T., Duong,P.H., Simmons,C.P., Wills,B., Nguyen,M.D., Tran,V.N., Tran,H.T., Nguyen,L.T.M., Nguyen,L.P.H., Nusbaum,C., Birren,B.",2008,2009-11-11,ssRNA(+)
GU131908,Dengue virus type 3,Orthoflavivirus denguei,,DENV-3/IPC/BID-V3820/2006,10511,complete,Cambodia: KCH,Homo sapiens,blood,"Henn,M.R., Levin,J., Malboeuf,C., Casali,M., Russ,C., Lennon,N., Erlich,R., Anderson,S., Rizzolo,K., Green,L., Ryan,E., Yu,Q., Young,S., Berlin,A., Heiman,D., Hepburn,T., Sykes,S., Koehrsen,M., Borenstein,D., Engels,R., Freedman,E., Gellesch,M., Heilman,E., Howarth,C., Jen,D., Larson,L., Lewis,B., Montgomery,P., Park,D., Pearson,M., Richards,J., Roberts,A., Sisk,P., Stolte,C., White,J., Alvarado,L., Champion,M., Godfrey,P., Shenoy,N., Yandava,C., Zeng,Q., Veasna,D., Sivuth,O., Vong,S., Reynes,J.-M., Chantha,N., Socheat,D., Nusbaum,C., Buchy,P., Birren,B.",2006,2009-11-11,ssRNA(+)
GU131922,dengue virus type I,Orthoflavivirus denguei,,DENV-1/IPC/BID-V3917/2008,10486,complete,Cambodia: PHP,Homo sapiens,blood,"Henn,M.R., Levin,J., Malboeuf,C., Casali,M., Russ,C., Lennon,N., Erlich,R., Anderson,S., Rizzolo,K., Green,L., Ryan,E., Yu,Q., Young,S., Berlin,A., Heiman,D., Hepburn,T., Sykes,S., Koehrsen,M., Borenstein,D., Engels,R., Freedman,E., Gellesch,M., Heilman,E., Howarth,C., Jen,D., Larson,L., Lewis,B., Montgomery,P., Park,D., Pearson,M., Richards,J., Roberts,A., Sisk,P., Stolte,C., White,J., Alvarado,L., Champion,M., Godfrey,P., Shenoy,N., Yandava,C., Zeng,Q., Veasna,D., Sivuth,O., Vong,S., Reynes,J.-M., Chantha,N., Socheat,D., Nusbaum,C., Buchy,P., Birren,B.",2008,2009-11-11,ssRNA(+)
GQ868605,dengue virus type I,Orthoflavivirus denguei,,DENV-1/VN/BID-V2707/2006,10690,complete,Viet Nam: South,Homo sapiens,blood,"Henn,M.R., Young,S., Koehrsen,M., Lennon,N., Erlich,R., Anderson,S., Rizzolo,K., Green,L., Ryan,E., Yu,Q., Berlin,A., Heiman,D., Hepburn,T., Sykes,S., Borenstein,D., Engels,R., Freedman,E., Gellesch,M., Heilman,E., Howarth,C., Jen,D., Larson,L., Lewis,B., Montgomery,P., Park,D., Pearson,M., Richards,J., Roberts,A., Sisk,P., Stolte,C., White,J., Alvarado,L., Champion,M., Godfrey,P., Shenoy,N., Yandava,C., Zeng,Q., Vu,H.T., Nguyen,Q.H., Nguyen,Q.T., Duong,P.H., Simmons,C.P., Wills,B., Nguyen,M.D., Tran,V.N., Tran,H.T., Nguyen,L.T.M., Nguyen,L.P.H., Nusbaum,C., Birren,B.",2006,2009-09-30,ssRNA(+)
GQ868606,dengue virus type I,Orthoflavivirus denguei,,DENV-1/VN/BID-V2713/2006,10690,complete,Viet Nam: South,Homo sapiens,blood,"Henn,M.R., Young,S., Koehrsen,M., Lennon,N., Erlich,R., Anderson,S., Rizzolo,K., Green,L., Ryan,E., Yu,Q., Berlin,A., Heiman,D., Hepburn,T., Sykes,S., Borenstein,D., Engels,R., Freedman,E., Gellesch,M., Heilman,E., Howarth,C., Jen,D., Larson,L., Lewis,B., Montgomery,P., Park,D., Pearson,M., Richards,J., Roberts,A., Sisk,P., Stolte,C., White,J., Alvarado,L., Champion,M., Godfrey,P., Shenoy,N., Yandava,C., Zeng,Q., Vu,H.T., Nguyen,Q.H., Nguyen,Q.T., Duong,P.H., Simmons,C.P., Wills,B., Nguyen,M.D., Tran,V.N., Tran,H.T., Nguyen,L.T.M., Nguyen,L.P.H., Nusbaum,C., Birren,B.",2006,2009-09-30,ssRNA(+)
GQ868607,dengue virus type I,Orthoflavivirus denguei,,DENV-1/VN/BID-V2733/2007,10690,complete,Viet Nam: South,Homo sapiens,blood,"Henn,M.R., Young,S., Koehrsen,M., Lennon,N., Erlich,R., Anderson,S., Rizzolo,K., Green,L., Ryan,E., Yu,Q., Berlin,A., Heiman,D., Hepburn,T., Sykes,S., Borenstein,D., Engels,R., Freedman,E., Gellesch,M., Heilman,E., Howarth,C., Jen,D., Larson,L., Lewis,B., Montgomery,P., Park,D., Pearson,M., Richards,J., Roberts,A., Sisk,P., Stolte,C., White,J., Alvarado,L., Champion,M., Godfrey,P., Shenoy,N., Yandava,C., Zeng,Q., Vu,H.T., Nguyen,Q.H., Nguyen,Q.T., Duong,P.H., Simmons,C.P., Wills,B., Nguyen,M.D., Tran,V.N., Tran,H.T., Nguyen,L.T.M., Nguyen,L.P.H., Nusbaum,C., Birren,B.",2007,2009-09-30,ssRNA(+)
GQ868608,dengue virus type I,Orthoflavivirus denguei,,DENV-1/VN/BID-V2745/2007,10690,complete,Viet Nam: South,Homo sapiens,blood,"Henn,M.R., Young,S., Koehrsen,M., Lennon,N., Erlich,R., Anderson,S., Rizzolo,K., Green,L., Ryan,E., Yu,Q., Berlin,A., Heiman,D., Hepburn,T., Sykes,S., Borenstein,D., Engels,R., Freedman,E., Gellesch,M., Heilman,E., Howarth,C., Jen,D., Larson,L., Lewis,B., Montgomery,P., Park,D., Pearson,M., Richards,J., Roberts,A., Sisk,P., Stolte,C., White,J., Alvarado,L., Champion,M., Godfrey,P., Shenoy,N., Yandava,C., Zeng,Q., Vu,H.T., Nguyen,Q.H., Nguyen,Q.T., Duong,P.H., Simmons,C.P., Wills,B., Nguyen,M.D., Tran,V.N., Tran,H.T., Nguyen,L.T.M., Nguyen,L.P.H., Nusbaum,C., Birren,B.",2007,2009-09-30,ssRNA(+)
GQ868609,dengue virus type I,Orthoflavivirus denguei,,DENV-1/VN/BID-V2782/2007,10690,complete,Viet Nam: South,Homo sapiens,blood,"Henn,M.R., Young,S., Koehrsen,M., Lennon,N., Erlich,R., Anderson,S., Rizzolo,K., Green,L., Ryan,E., Yu,Q., Berlin,A., Heiman,D., Hepburn,T., Sykes,S., Borenstein,D., Engels,R., Freedman,E., Gellesch,M., Heilman,E., Howarth,C., Jen,D., Larson,L., Lewis,B., Montgomery,P., Park,D., Pearson,M., Richards,J., Roberts,A., Sisk,P., Stolte,C., White,J., Alvarado,L., Champion,M., Godfrey,P., Shenoy,N., Yandava,C., Zeng,Q., Vu,H.T., Nguyen,Q.H., Nguyen,Q.T., Duong,P.H., Simmons,C.P., Wills,B., Nguyen,M.D., Tran,V.N., Tran,H.T., Nguyen,L.T.M., Nguyen,L.P.H., Nusbaum,C., Birren,B.",2007,2009-09-30,ssRNA(+)
GQ868610,dengue virus type I,Orthoflavivirus denguei,,DENV-1/VN/BID-V2806/2007,10690,complete,Viet Nam: South,Homo sapiens,blood,"Henn,M.R., Young,S., Koehrsen,M., Lennon,N., Erlich,R., Anderson,S., Rizzolo,K., Green,L., Ryan,E., Yu,Q., Berlin,A., Heiman,D., Hepburn,T., Sykes,S., Borenstein,D., Engels,R., Freedman,E., Gellesch,M., Heilman,E., Howarth,C., Jen,D., Larson,L., Lewis,B., Montgomery,P., Park,D., Pearson,M., Richards,J., Roberts,A., Sisk,P., Stolte,C., White,J., Alvarado,L., Champion,M., Godfrey,P., Shenoy,N., Yandava,C., Zeng,Q., Vu,H.T., Nguyen,Q.H., Nguyen,Q.T., Duong,P.H., Simmons,C.P., Wills,B., Nguyen,M.D., Tran,V.N., Tran,H.T., Nguyen,L.T.M., Nguyen,L.P.H., Nusbaum,C., Birren,B.",2007,2009-09-30,ssRNA(+)
GQ868611,dengue virus type I,Orthoflavivirus denguei,,DENV-1/VN/BID-V2807/2007,10690,complete,Viet Nam: South,Homo sapiens,blood,"Henn,M.R., Young,S., Koehrsen,M., Lennon,N., Erlich,R., Anderson,S., Rizzolo,K., Green,L., Ryan,E., Yu,Q., Berlin,A., Heiman,D., Hepburn,T., Sykes,S., Borenstein,D., Engels,R., Freedman,E., Gellesch,M., Heilman,E., Howarth,C., Jen,D., Larson,L., Lewis,B., Montgomery,P., Park,D., Pearson,M., Richards,J., Roberts,A., Sisk,P., Stolte,C., White,J., Alvarado,L., Champion,M., Godfrey,P., Shenoy,N., Yandava,C., Zeng,Q., Vu,H.T., Nguyen,Q.H., Nguyen,Q.T., Duong,P.H., Simmons,C.P., Wills,B., Nguyen,M.D., Tran,V.N., Tran,H.T., Nguyen,L.T.M., Nguyen,L.P.H., Nusbaum,C., Birren,B.",2007,2009-09-30,ssRNA(+)
GQ868612,dengue virus type I,Orthoflavivirus denguei,,DENV-1/VN/BID-V2901/2006,10690,complete,Viet Nam: South,Homo sapiens,blood,"Henn,M.R., Young,S., Koehrsen,M., Lennon,N., Erlich,R., Anderson,S., Rizzolo,K., Green,L., Ryan,E., Yu,Q., Berlin,A., Heiman,D., Hepburn,T., Sykes,S., Borenstein,D., Engels,R., Freedman,E., Gellesch,M., Heilman,E., Howarth,C., Jen,D., Larson,L., Lewis,B., Montgomery,P., Park,D., Pearson,M., Richards,J., Roberts,A., Sisk,P., Stolte,C., White,J., Alvarado,L., Champion,M., Godfrey,P., Shenoy,N., Yandava,C., Zeng,Q., Vu,H.T., Nguyen,Q.H., Nguyen,Q.T., Duong,P.H., Simmons,C.P., Wills,B., Nguyen,M.D., Tran,V.N., Tran,H.T., Nguyen,L.T.M., Nguyen,L.P.H., Nusbaum,C., Birren,B.",2006,2009-09-30,ssRNA(+)
GQ868613,dengue virus type I,Orthoflavivirus denguei,,DENV-1/VN/BID-V2909/2006,10679,complete,Viet Nam: South,Homo sapiens,blood,"Henn,M.R., Young,S., Koehrsen,M., Lennon,N., Erlich,R., Anderson,S., Rizzolo,K., Green,L., Ryan,E., Yu,Q., Berlin,A., Heiman,D., Hepburn,T., Sykes,S., Borenstein,D., Engels,R., Freedman,E., Gellesch,M., Heilman,E., Howarth,C., Jen,D., Larson,L., Lewis,B., Montgomery,P., Park,D., Pearson,M., Richards,J., Roberts,A., Sisk,P., Stolte,C., White,J., Alvarado,L., Champion,M., Godfrey,P., Shenoy,N., Yandava,C., Zeng,Q., Vu,H.T., Nguyen,Q.H., Nguyen,Q.T., Duong,P.H., Simmons,C.P., Wills,B., Nguyen,M.D., Tran,V.N., Tran,H.T., Nguyen,L.T.M., Nguyen,L.P.H., Nusbaum,C., Birren,B.",2006,2009-09-30,ssRNA(+)
GQ868614,dengue virus type I,Orthoflavivirus denguei,,DENV-1/VN/BID-V3849/2008,10684,complete,Viet Nam: South,Homo sapiens,blood,"Henn,M.R., Young,S., Koehrsen,M., Lennon,N., Erlich,R., Anderson,S., Rizzolo,K., Green,L., Ryan,E., Yu,Q., Berlin,A., Heiman,D., Hepburn,T., Sykes,S., Borenstein,D., Engels,R., Freedman,E., Gellesch,M., Heilman,E., Howarth,C., Jen,D., Larson,L., Lewis,B., Montgomery,P., Park,D., Pearson,M., Richards,J., Roberts,A., Sisk,P., Stolte,C., White,J., Alvarado,L., Champion,M., Godfrey,P., Shenoy,N., Yandava,C., Zeng,Q., Vu,H.T., Nguyen,Q.H., Nguyen,Q.T., Duong,P.H., Simmons,C.P., Wills,B., Nguyen,M.D., Tran,V.N., Tran,H.T., Nguyen,L.T.M., Nguyen,L.P.H., Nusbaum,C., Birren,B.",2008,2009-09-30,ssRNA(+)
GQ868615,dengue virus type I,Orthoflavivirus denguei,,DENV-1/VN/BID-V3975/2008,10684,complete,Viet Nam: South,Homo sapiens,blood,"Henn,M.R., Young,S., Koehrsen,M., Lennon,N., Erlich,R., Anderson,S., Rizzolo,K., Green,L., Ryan,E., Yu,Q., Berlin,A., Heiman,D., Hepburn,T., Sykes,S., Borenstein,D., Engels,R., Freedman,E., Gellesch,M., Heilman,E., Howarth,C., Jen,D., Larson,L., Lewis,B., Montgomery,P., Park,D., Pearson,M., Richards,J., Roberts,A., Sisk,P., Stolte,C., White,J., Alvarado,L., Champion,M., Godfrey,P., Shenoy,N., Yandava,C., Zeng,Q., Vu,H.T., Nguyen,Q.H., Nguyen,Q.T., Duong,P.H., Simmons,C.P., Wills,B., Nguyen,M.D., Tran,V.N., Tran,H.T., Nguyen,L.T.M., Nguyen,L.P.H., Nusbaum,C., Birren,B.",2008,2009-09-30,ssRNA(+)
GQ199771,dengue virus type I,Orthoflavivirus denguei,,DENV-1/VN/BID-V2687/2006,10684,complete,Viet Nam: South,Homo sapiens,blood,"Henn,M.R., Young,S., Koehrsen,M., Lennon,N., Erlich,R., Anderson,S., Rizzolo,K., Green,L., Ryan,E., Yu,Q., Berlin,A., Heiman,D., Hepburn,T., Sykes,S., Borenstein,D., Engels,R., Freedman,E., Gellesch,M., Heilman,E., Howarth,C., Jen,D., Larson,L., Lewis,B., Montgomery,P., Park,D., Pearson,M., Richards,J., Roberts,A., Sisk,P., Stolte,C., White,J., Alvarado,L., Champion,M., Godfrey,P., Shenoy,N., Yandava,C., Zeng,Q., Vu,H.T., Nguyen,Q.H., Nguyen,Q.T., Duong,P.H., Simmons,C.P., Wills,B., Nguyen,M.D., Tran,V.N., Tran,H.T., Nguyen,L.T.M., Nguyen,L.P.H., Nusbaum,C., Birren,B.",2006,2009-06-17,ssRNA(+)
GQ199772,dengue virus type I,Orthoflavivirus denguei,,DENV-1/VN/BID-V2718/2006,10690,complete,Viet Nam: South,Homo sapiens,blood,"Henn,M.R., Young,S., Koehrsen,M., Lennon,N., Erlich,R., Anderson,S., Rizzolo,K., Green,L., Ryan,E., Yu,Q., Berlin,A., Heiman,D., Hepburn,T., Sykes,S., Borenstein,D., Engels,R., Freedman,E., Gellesch,M., Heilman,E., Howarth,C., Jen,D., Larson,L., Lewis,B., Montgomery,P., Park,D., Pearson,M., Richards,J., Roberts,A., Sisk,P., Stolte,C., White,J., Alvarado,L., Champion,M., Godfrey,P., Shenoy,N., Yandava,C., Zeng,Q., Vu,H.T., Nguyen,Q.H., Nguyen,Q.T., Duong,P.H., Simmons,C.P., Wills,B., Nguyen,M.D., Tran,V.N., Tran,H.T., Nguyen,L.T.M., Nguyen,L.P.H., Nusbaum,C., Birren,B.",2006,2009-06-17,ssRNA(+)
GQ199773,dengue virus type I,Orthoflavivirus denguei,,DENV-1/VN/BID-V2732/2007,10676,complete,Viet Nam: South,Homo sapiens,blood,"Henn,M.R., Young,S., Koehrsen,M., Lennon,N., Erlich,R., Anderson,S., Rizzolo,K., Green,L., Ryan,E., Yu,Q., Berlin,A., Heiman,D., Hepburn,T., Sykes,S., Borenstein,D., Engels,R., Freedman,E., Gellesch,M., Heilman,E., Howarth,C., Jen,D., Larson,L., Lewis,B., Montgomery,P., Park,D., Pearson,M., Richards,J., Roberts,A., Sisk,P., Stolte,C., White,J., Alvarado,L., Champion,M., Godfrey,P., Shenoy,N., Yandava,C., Zeng,Q., Vu,H.T., Nguyen,Q.H., Nguyen,Q.T., Duong,P.H., Simmons,C.P., Wills,B., Nguyen,M.D., Tran,V.N., Tran,H.T., Nguyen,L.T.M., Nguyen,L.P.H., Nusbaum,C., Birren,B.",2007,2009-06-17,ssRNA(+)
GQ199774,dengue virus type I,Orthoflavivirus denguei,,DENV-1/VN/BID-V2746/2007,10684,complete,Viet Nam: South,Homo sapiens,blood,"Henn,M.R., Young,S., Koehrsen,M., Lennon,N., Erlich,R., Anderson,S., Rizzolo,K., Green,L., Ryan,E., Yu,Q., Berlin,A., Heiman,D., Hepburn,T., Sykes,S., Borenstein,D., Engels,R., Freedman,E., Gellesch,M., Heilman,E., Howarth,C., Jen,D., Larson,L., Lewis,B., Montgomery,P., Park,D., Pearson,M., Richards,J., Roberts,A., Sisk,P., Stolte,C., White,J., Alvarado,L., Champion,M., Godfrey,P., Shenoy,N., Yandava,C., Zeng,Q., Vu,H.T., Nguyen,Q.H., Nguyen,Q.T., Duong,P.H., Simmons,C.P., Wills,B., Nguyen,M.D., Tran,V.N., Tran,H.T., Nguyen,L.T.M., Nguyen,L.P.H., Nusbaum,C., Birren,B.",2007,2009-06-17,ssRNA(+)
GQ199775,dengue virus type I,Orthoflavivirus denguei,,DENV-1/VN/BID-V2747/2007,10690,complete,Viet Nam: South,Homo sapiens,blood,"Henn,M.R., Young,S., Koehrsen,M., Lennon,N., Erlich,R., Anderson,S., Rizzolo,K., Green,L., Ryan,E., Yu,Q., Berlin,A., Heiman,D., Hepburn,T., Sykes,S., Borenstein,D., Engels,R., Freedman,E., Gellesch,M., Heilman,E., Howarth,C., Jen,D., Larson,L., Lewis,B., Montgomery,P., Park,D., Pearson,M., Richards,J., Roberts,A., Sisk,P., Stolte,C., White,J., Alvarado,L., Champion,M., Godfrey,P., Shenoy,N., Yandava,C., Zeng,Q., Vu,H.T., Nguyen,Q.H., Nguyen,Q.T., Duong,P.H., Simmons,C.P., Wills,B., Nguyen,M.D., Tran,V.N., Tran,H.T., Nguyen,L.T.M., Nguyen,L.P.H., Nusbaum,C., Birren,B.",2007,2009-06-17,ssRNA(+)
GQ199776,dengue virus type I,Orthoflavivirus denguei,,DENV-1/VN/BID-V2751/2007,10676,complete,Viet Nam: South,Homo sapiens,blood,"Henn,M.R., Young,S., Koehrsen,M., Lennon,N., Erlich,R., Anderson,S., Rizzolo,K., Green,L., Ryan,E., Yu,Q., Berlin,A., Heiman,D., Hepburn,T., Sykes,S., Borenstein,D., Engels,R., Freedman,E., Gellesch,M., Heilman,E., Howarth,C., Jen,D., Larson,L., Lewis,B., Montgomery,P., Park,D., Pearson,M., Richards,J., Roberts,A., Sisk,P., Stolte,C., White,J., Alvarado,L., Champion,M., Godfrey,P., Shenoy,N., Yandava,C., Zeng,Q., Vu,H.T., Nguyen,Q.H., Nguyen,Q.T., Duong,P.H., Simmons,C.P., Wills,B., Nguyen,M.D., Tran,V.N., Tran,H.T., Nguyen,L.T.M., Nguyen,L.P.H., Nusbaum,C., Birren,B.",2007,2009-06-17,ssRNA(+)
GQ199777,dengue virus type I,Orthoflavivirus denguei,,DENV-1/VN/BID-V2752/2007,10690,complete,Viet Nam: South,Homo sapiens,blood,"Henn,M.R., Young,S., Koehrsen,M., Lennon,N., Erlich,R., Anderson,S., Rizzolo,K., Green,L., Ryan,E., Yu,Q., Berlin,A., Heiman,D., Hepburn,T., Sykes,S., Borenstein,D., Engels,R., Freedman,E., Gellesch,M., Heilman,E., Howarth,C., Jen,D., Larson,L., Lewis,B., Montgomery,P., Park,D., Pearson,M., Richards,J., Roberts,A., Sisk,P., Stolte,C., White,J., Alvarado,L., Champion,M., Godfrey,P., Shenoy,N., Yandava,C., Zeng,Q., Vu,H.T., Nguyen,Q.H., Nguyen,Q.T., Duong,P.H., Simmons,C.P., Wills,B., Nguyen,M.D., Tran,V.N., Tran,H.T., Nguyen,L.T.M., Nguyen,L.P.H., Nusbaum,C., Birren,B.",2007,2009-06-17,ssRNA(+)
GQ199778,dengue virus type I,Orthoflavivirus denguei,,DENV-1/VN/BID-V2754/2007,10690,complete,Viet Nam: South,Homo sapiens,blood,"Henn,M.R., Young,S., Koehrsen,M., Lennon,N., Erlich,R., Anderson,S., Rizzolo,K., Green,L., Ryan,E., Yu,Q., Berlin,A., Heiman,D., Hepburn,T., Sykes,S., Borenstein,D., Engels,R., Freedman,E., Gellesch,M., Heilman,E., Howarth,C., Jen,D., Larson,L., Lewis,B., Montgomery,P., Park,D., Pearson,M., Richards,J., Roberts,A., Sisk,P., Stolte,C., White,J., Alvarado,L., Champion,M., Godfrey,P., Shenoy,N., Yandava,C., Zeng,Q., Vu,H.T., Nguyen,Q.H., Nguyen,Q.T., Duong,P.H., Simmons,C.P., Wills,B., Nguyen,M.D., Tran,V.N., Tran,H.T., Nguyen,L.T.M., Nguyen,L.P.H., Nusbaum,C., Birren,B.",2007,2009-06-17,ssRNA(+)
GQ199779,dengue virus type I,Orthoflavivirus denguei,,DENV-1/VN/BID-V2755/2007,10690,complete,Viet Nam: South,Homo sapiens,blood,"Henn,M.R., Young,S., Koehrsen,M., Lennon,N., Erlich,R., Anderson,S., Rizzolo,K., Green,L., Ryan,E., Yu,Q., Berlin,A., Heiman,D., Hepburn,T., Sykes,S., Borenstein,D., Engels,R., Freedman,E., Gellesch,M., Heilman,E., Howarth,C., Jen,D., Larson,L., Lewis,B., Montgomery,P., Park,D., Pearson,M., Richards,J., Roberts,A., Sisk,P., Stolte,C., White,J., Alvarado,L., Champion,M., Godfrey,P., Shenoy,N., Yandava,C., Zeng,Q., Vu,H.T., Nguyen,Q.H., Nguyen,Q.T., Duong,P.H., Simmons,C.P., Wills,B., Nguyen,M.D., Tran,V.N., Tran,H.T., Nguyen,L.T.M., Nguyen,L.P.H., Nusbaum,C., Birren,B.",2007,2009-06-17,ssRNA(+)
GQ199780,dengue virus type I,Orthoflavivirus denguei,,DENV-1/VN/BID-V2756/2007,10690,complete,Viet Nam: South,Homo sapiens,blood,"Henn,M.R., Young,S., Koehrsen,M., Lennon,N., Erlich,R., Anderson,S., Rizzolo,K., Green,L., Ryan,E., Yu,Q., Berlin,A., Heiman,D., Hepburn,T., Sykes,S., Borenstein,D., Engels,R., Freedman,E., Gellesch,M., Heilman,E., Howarth,C., Jen,D., Larson,L., Lewis,B., Montgomery,P., Park,D., Pearson,M., Richards,J., Roberts,A., Sisk,P., Stolte,C., White,J., Alvarado,L., Champion,M., Godfrey,P., Shenoy,N., Yandava,C., Zeng,Q., Vu,H.T., Nguyen,Q.H., Nguyen,Q.T., Duong,P.H., Simmons,C.P., Wills,B., Nguyen,M.D., Tran,V.N., Tran,H.T., Nguyen,L.T.M., Nguyen,L.P.H., Nusbaum,C., Birren,B.",2007,2009-06-17,ssRNA(+)
GQ199781,dengue virus type I,Orthoflavivirus denguei,,DENV-1/VN/BID-V2757/2007,10690,complete,Viet Nam: South,Homo sapiens,blood,"Henn,M.R., Young,S., Koehrsen,M., Lennon,N., Erlich,R., Anderson,S., Rizzolo,K., Green,L., Ryan,E., Yu,Q., Berlin,A., Heiman,D., Hepburn,T., Sykes,S., Borenstein,D., Engels,R., Freedman,E., Gellesch,M., Heilman,E., Howarth,C., Jen,D., Larson,L., Lewis,B., Montgomery,P., Park,D., Pearson,M., Richards,J., Roberts,A., Sisk,P., Stolte,C., White,J., Alvarado,L., Champion,M., Godfrey,P., Shenoy,N., Yandava,C., Zeng,Q., Vu,H.T., Nguyen,Q.H., Nguyen,Q.T., Duong,P.H., Simmons,C.P., Wills,B., Nguyen,M.D., Tran,V.N., Tran,H.T., Nguyen,L.T.M., Nguyen,L.P.H., Nusbaum,C., Birren,B.",2007,2009-06-17,ssRNA(+)
GQ199782,dengue virus type I,Orthoflavivirus denguei,,DENV-1/VN/BID-V2758/2007,10690,complete,Viet Nam: South,Homo sapiens,blood,"Henn,M.R., Young,S., Koehrsen,M., Lennon,N., Erlich,R., Anderson,S., Rizzolo,K., Green,L., Ryan,E., Yu,Q., Berlin,A., Heiman,D., Hepburn,T., Sykes,S., Borenstein,D., Engels,R., Freedman,E., Gellesch,M., Heilman,E., Howarth,C., Jen,D., Larson,L., Lewis,B., Montgomery,P., Park,D., Pearson,M., Richards,J., Roberts,A., Sisk,P., Stolte,C., White,J., Alvarado,L., Champion,M., Godfrey,P., Shenoy,N., Yandava,C., Zeng,Q., Vu,H.T., Nguyen,Q.H., Nguyen,Q.T., Duong,P.H., Simmons,C.P., Wills,B., Nguyen,M.D., Tran,V.N., Tran,H.T., Nguyen,L.T.M., Nguyen,L.P.H., Nusbaum,C., Birren,B.",2007,2009-06-17,ssRNA(+)
GQ199783,dengue virus type I,Orthoflavivirus denguei,,DENV-1/VN/BID-V2759/2007,10690,complete,Viet Nam: South,Homo sapiens,blood,"Henn,M.R., Young,S., Koehrsen,M., Lennon,N., Erlich,R., Anderson,S., Rizzolo,K., Green,L., Ryan,E., Yu,Q., Berlin,A., Heiman,D., Hepburn,T., Sykes,S., Borenstein,D., Engels,R., Freedman,E., Gellesch,M., Heilman,E., Howarth,C., Jen,D., Larson,L., Lewis,B., Montgomery,P., Park,D., Pearson,M., Richards,J., Roberts,A., Sisk,P., Stolte,C., White,J., Alvarado,L., Champion,M., Godfrey,P., Shenoy,N., Yandava,C., Zeng,Q., Vu,H.T., Nguyen,Q.H., Nguyen,Q.T., Duong,P.H., Simmons,C.P., Wills,B., Nguyen,M.D., Tran,V.N., Tran,H.T., Nguyen,L.T.M., Nguyen,L.P.H., Nusbaum,C., Birren,B.",2007,2009-06-17,ssRNA(+)
GQ199784,dengue virus type I,Orthoflavivirus denguei,,DENV-1/VN/BID-V2760/2007,10689,complete,Viet Nam: South,Homo sapiens,blood,"Henn,M.R., Young,S., Koehrsen,M., Lennon,N., Erlich,R., Anderson,S., Rizzolo,K., Green,L., Ryan,E., Yu,Q., Berlin,A., Heiman,D., Hepburn,T., Sykes,S., Borenstein,D., Engels,R., Freedman,E., Gellesch,M., Heilman,E., Howarth,C., Jen,D., Larson,L., Lewis,B., Montgomery,P., Park,D., Pearson,M., Richards,J., Roberts,A., Sisk,P., Stolte,C., White,J., Alvarado,L., Champion,M., Godfrey,P., Shenoy,N., Yandava,C., Zeng,Q., Vu,H.T., Nguyen,Q.H., Nguyen,Q.T., Duong,P.H., Simmons,C.P., Wills,B., Nguyen,M.D., Tran,V.N., Tran,H.T., Nguyen,L.T.M., Nguyen,L.P.H., Nusbaum,C., Birren,B.",2007,2009-06-17,ssRNA(+)
GQ199785,dengue virus type I,Orthoflavivirus denguei,,DENV-1/VN/BID-V2761/2007,10690,complete,Viet Nam: South,Homo sapiens,blood,"Henn,M.R., Young,S., Koehrsen,M., Lennon,N., Erlich,R., Anderson,S., Rizzolo,K., Green,L., Ryan,E., Yu,Q., Berlin,A., Heiman,D., Hepburn,T., Sykes,S., Borenstein,D., Engels,R., Freedman,E., Gellesch,M., Heilman,E., Howarth,C., Jen,D., Larson,L., Lewis,B., Montgomery,P., Park,D., Pearson,M., Richards,J., Roberts,A., Sisk,P., Stolte,C., White,J., Alvarado,L., Champion,M., Godfrey,P., Shenoy,N., Yandava,C., Zeng,Q., Vu,H.T., Nguyen,Q.H., Nguyen,Q.T., Duong,P.H., Simmons,C.P., Wills,B., Nguyen,M.D., Tran,V.N., Tran,H.T., Nguyen,L.T.M., Nguyen,L.P.H., Nusbaum,C., Birren,B.",2007,2009-06-17,ssRNA(+)
GQ199786,dengue virus type I,Orthoflavivirus denguei,,DENV-1/VN/BID-V2762/2007,10690,complete,Viet Nam: South,Homo sapiens,blood,"Henn,M.R., Young,S., Koehrsen,M., Lennon,N., Erlich,R., Anderson,S., Rizzolo,K., Green,L., Ryan,E., Yu,Q., Berlin,A., Heiman,D., Hepburn,T., Sykes,S., Borenstein,D., Engels,R., Freedman,E., Gellesch,M., Heilman,E., Howarth,C., Jen,D., Larson,L., Lewis,B., Montgomery,P., Park,D., Pearson,M., Richards,J., Roberts,A., Sisk,P., Stolte,C., White,J., Alvarado,L., Champion,M., Godfrey,P., Shenoy,N., Yandava,C., Zeng,Q., Vu,H.T., Nguyen,Q.H., Nguyen,Q.T., Duong,P.H., Simmons,C.P., Wills,B., Nguyen,M.D., Tran,V.N., Tran,H.T., Nguyen,L.T.M., Nguyen,L.P.H., Nusbaum,C., Birren,B.",2007,2009-06-17,ssRNA(+)
GQ199787,dengue virus type I,Orthoflavivirus denguei,,DENV-1/VN/BID-V2763/2007,10690,complete,Viet Nam: South,Homo sapiens,blood,"Henn,M.R., Young,S., Koehrsen,M., Lennon,N., Erlich,R., Anderson,S., Rizzolo,K., Green,L., Ryan,E., Yu,Q., Berlin,A., Heiman,D., Hepburn,T., Sykes,S., Borenstein,D., Engels,R., Freedman,E., Gellesch,M., Heilman,E., Howarth,C., Jen,D., Larson,L., Lewis,B., Montgomery,P., Park,D., Pearson,M., Richards,J., Roberts,A., Sisk,P., Stolte,C., White,J., Alvarado,L., Champion,M., Godfrey,P., Shenoy,N., Yandava,C., Zeng,Q., Vu,H.T., Nguyen,Q.H., Nguyen,Q.T., Duong,P.H., Simmons,C.P., Wills,B., Nguyen,M.D., Tran,V.N., Tran,H.T., Nguyen,L.T.M., Nguyen,L.P.H., Nusbaum,C., Birren,B.",2007,2009-06-17,ssRNA(+)
GQ199788,dengue virus type I,Orthoflavivirus denguei,,DENV-1/VN/BID-V2764/2007,10690,complete,Viet Nam: South,Homo sapiens,blood,"Henn,M.R., Young,S., Koehrsen,M., Lennon,N., Erlich,R., Anderson,S., Rizzolo,K., Green,L., Ryan,E., Yu,Q., Berlin,A., Heiman,D., Hepburn,T., Sykes,S., Borenstein,D., Engels,R., Freedman,E., Gellesch,M., Heilman,E., Howarth,C., Jen,D., Larson,L., Lewis,B., Montgomery,P., Park,D., Pearson,M., Richards,J., Roberts,A., Sisk,P., Stolte,C., White,J., Alvarado,L., Champion,M., Godfrey,P., Shenoy,N., Yandava,C., Zeng,Q., Vu,H.T., Nguyen,Q.H., Nguyen,Q.T., Duong,P.H., Simmons,C.P., Wills,B., Nguyen,M.D., Tran,V.N., Tran,H.T., Nguyen,L.T.M., Nguyen,L.P.H., Nusbaum,C., Birren,B.",2007,2009-06-17,ssRNA(+)
GQ199789,dengue virus type I,Orthoflavivirus denguei,,DENV-1/VN/BID-V2765/2007,10690,complete,Viet Nam: South,Homo sapiens,blood,"Henn,M.R., Young,S., Koehrsen,M., Lennon,N., Erlich,R., Anderson,S., Rizzolo,K., Green,L., Ryan,E., Yu,Q., Berlin,A., Heiman,D., Hepburn,T., Sykes,S., Borenstein,D., Engels,R., Freedman,E., Gellesch,M., Heilman,E., Howarth,C., Jen,D., Larson,L., Lewis,B., Montgomery,P., Park,D., Pearson,M., Richards,J., Roberts,A., Sisk,P., Stolte,C., White,J., Alvarado,L., Champion,M., Godfrey,P., Shenoy,N., Yandava,C., Zeng,Q., Vu,H.T., Nguyen,Q.H., Nguyen,Q.T., Duong,P.H., Simmons,C.P., Wills,B., Nguyen,M.D., Tran,V.N., Tran,H.T., Nguyen,L.T.M., Nguyen,L.P.H., Nusbaum,C., Birren,B.",2007,2009-06-17,ssRNA(+)
GQ199790,dengue virus type I,Orthoflavivirus denguei,,DENV-1/VN/BID-V2766/2007,10689,complete,Viet Nam: South,Homo sapiens,blood,"Henn,M.R., Young,S., Koehrsen,M., Lennon,N., Erlich,R., Anderson,S., Rizzolo,K., Green,L., Ryan,E., Yu,Q., Berlin,A., Heiman,D., Hepburn,T., Sykes,S., Borenstein,D., Engels,R., Freedman,E., Gellesch,M., Heilman,E., Howarth,C., Jen,D., Larson,L., Lewis,B., Montgomery,P., Park,D., Pearson,M., Richards,J., Roberts,A., Sisk,P., Stolte,C., White,J., Alvarado,L., Champion,M., Godfrey,P., Shenoy,N., Yandava,C., Zeng,Q., Vu,H.T., Nguyen,Q.H., Nguyen,Q.T., Duong,P.H., Simmons,C.P., Wills,B., Nguyen,M.D., Tran,V.N., Tran,H.T., Nguyen,L.T.M., Nguyen,L.P.H., Nusbaum,C., Birren,B.",2007,2009-06-17,ssRNA(+)
GQ199791,dengue virus type I,Orthoflavivirus denguei,,DENV-1/VN/BID-V2767/2007,10690,complete,Viet Nam: South,Homo sapiens,blood,"Henn,M.R., Young,S., Koehrsen,M., Lennon,N., Erlich,R., Anderson,S., Rizzolo,K., Green,L., Ryan,E., Yu,Q., Berlin,A., Heiman,D., Hepburn,T., Sykes,S., Borenstein,D., Engels,R., Freedman,E., Gellesch,M., Heilman,E., Howarth,C., Jen,D., Larson,L., Lewis,B., Montgomery,P., Park,D., Pearson,M., Richards,J., Roberts,A., Sisk,P., Stolte,C., White,J., Alvarado,L., Champion,M., Godfrey,P., Shenoy,N., Yandava,C., Zeng,Q., Vu,H.T., Nguyen,Q.H., Nguyen,Q.T., Duong,P.H., Simmons,C.P., Wills,B., Nguyen,M.D., Tran,V.N., Tran,H.T., Nguyen,L.T.M., Nguyen,L.P.H., Nusbaum,C., Birren,B.",2007,2009-06-17,ssRNA(+)
GQ199792,dengue virus type I,Orthoflavivirus denguei,,DENV-1/VN/BID-V2768/2007,10685,complete,Viet Nam: South,Homo sapiens,blood,"Henn,M.R., Young,S., Koehrsen,M., Lennon,N., Erlich,R., Anderson,S., Rizzolo,K., Green,L., Ryan,E., Yu,Q., Berlin,A., Heiman,D., Hepburn,T., Sykes,S., Borenstein,D., Engels,R., Freedman,E., Gellesch,M., Heilman,E., Howarth,C., Jen,D., Larson,L., Lewis,B., Montgomery,P., Park,D., Pearson,M., Richards,J., Roberts,A., Sisk,P., Stolte,C., White,J., Alvarado,L., Champion,M., Godfrey,P., Shenoy,N., Yandava,C., Zeng,Q., Vu,H.T., Nguyen,Q.H., Nguyen,Q.T., Duong,P.H., Simmons,C.P., Wills,B., Nguyen,M.D., Tran,V.N., Tran,H.T., Nguyen,L.T.M., Nguyen,L.P.H., Nusbaum,C., Birren,B.",2007,2009-06-17,ssRNA(+)
GQ199793,dengue virus type I,Orthoflavivirus denguei,,DENV-1/VN/BID-V2769/2007,10684,complete,Viet Nam: South,Homo sapiens,blood,"Henn,M.R., Young,S., Koehrsen,M., Lennon,N., Erlich,R., Anderson,S., Rizzolo,K., Green,L., Ryan,E., Yu,Q., Berlin,A., Heiman,D., Hepburn,T., Sykes,S., Borenstein,D., Engels,R., Freedman,E., Gellesch,M., Heilman,E., Howarth,C., Jen,D., Larson,L., Lewis,B., Montgomery,P., Park,D., Pearson,M., Richards,J., Roberts,A., Sisk,P., Stolte,C., White,J., Alvarado,L., Champion,M., Godfrey,P., Shenoy,N., Yandava,C., Zeng,Q., Vu,H.T., Nguyen,Q.H., Nguyen,Q.T., Duong,P.H., Simmons,C.P., Wills,B., Nguyen,M.D., Tran,V.N., Tran,H.T., Nguyen,L.T.M., Nguyen,L.P.H., Nusbaum,C., Birren,B.",2007,2009-06-17,ssRNA(+)
GQ199794,dengue virus type I,Orthoflavivirus denguei,,DENV-1/VN/BID-V2770/2007,10684,complete,Viet Nam: South,Homo sapiens,blood,"Henn,M.R., Young,S., Koehrsen,M., Lennon,N., Erlich,R., Anderson,S., Rizzolo,K., Green,L., Ryan,E., Yu,Q., Berlin,A., Heiman,D., Hepburn,T., Sykes,S., Borenstein,D., Engels,R., Freedman,E., Gellesch,M., Heilman,E., Howarth,C., Jen,D., Larson,L., Lewis,B., Montgomery,P., Park,D., Pearson,M., Richards,J., Roberts,A., Sisk,P., Stolte,C., White,J., Alvarado,L., Champion,M., Godfrey,P., Shenoy,N., Yandava,C., Zeng,Q., Vu,H.T., Nguyen,Q.H., Nguyen,Q.T., Duong,P.H., Simmons,C.P., Wills,B., Nguyen,M.D., Tran,V.N., Tran,H.T., Nguyen,L.T.M., Nguyen,L.P.H., Nusbaum,C., Birren,B.",2007,2009-06-17,ssRNA(+)
GQ199795,dengue virus type I,Orthoflavivirus denguei,,DENV-1/VN/BID-V2771/2007,10690,complete,Viet Nam: South,Homo sapiens,blood,"Henn,M.R., Young,S., Koehrsen,M., Lennon,N., Erlich,R., Anderson,S., Rizzolo,K., Green,L., Ryan,E., Yu,Q., Berlin,A., Heiman,D., Hepburn,T., Sykes,S., Borenstein,D., Engels,R., Freedman,E., Gellesch,M., Heilman,E., Howarth,C., Jen,D., Larson,L., Lewis,B., Montgomery,P., Park,D., Pearson,M., Richards,J., Roberts,A., Sisk,P., Stolte,C., White,J., Alvarado,L., Champion,M., Godfrey,P., Shenoy,N., Yandava,C., Zeng,Q., Vu,H.T., Nguyen,Q.H., Nguyen,Q.T., Duong,P.H., Simmons,C.P., Wills,B., Nguyen,M.D., Tran,V.N., Tran,H.T., Nguyen,L.T.M., Nguyen,L.P.H., Nusbaum,C., Birren,B.",2007,2009-06-17,ssRNA(+)
GQ199796,dengue virus type I,Orthoflavivirus denguei,,DENV-1/VN/BID-V2773/2007,10690,complete,Viet Nam: South,Homo sapiens,blood,"Henn,M.R., Young,S., Koehrsen,M., Lennon,N., Erlich,R., Anderson,S., Rizzolo,K., Green,L., Ryan,E., Yu,Q., Berlin,A., Heiman,D., Hepburn,T., Sykes,S., Borenstein,D., Engels,R., Freedman,E., Gellesch,M., Heilman,E., Howarth,C., Jen,D., Larson,L., Lewis,B., Montgomery,P., Park,D., Pearson,M., Richards,J., Roberts,A., Sisk,P., Stolte,C., White,J., Alvarado,L., Champion,M., Godfrey,P., Shenoy,N., Yandava,C., Zeng,Q., Vu,H.T., Nguyen,Q.H., Nguyen,Q.T., Duong,P.H., Simmons,C.P., Wills,B., Nguyen,M.D., Tran,V.N., Tran,H.T., Nguyen,L.T.M., Nguyen,L.P.H., Nusbaum,C., Birren,B.",2007,2009-06-17,ssRNA(+)
GQ199797,dengue virus type I,Orthoflavivirus denguei,,DENV-1/VN/BID-V2774/2007,10690,complete,Viet Nam: South,Homo sapiens,blood,"Henn,M.R., Young,S., Koehrsen,M., Lennon,N., Erlich,R., Anderson,S., Rizzolo,K., Green,L., Ryan,E., Yu,Q., Berlin,A., Heiman,D., Hepburn,T., Sykes,S., Borenstein,D., Engels,R., Freedman,E., Gellesch,M., Heilman,E., Howarth,C., Jen,D., Larson,L., Lewis,B., Montgomery,P., Park,D., Pearson,M., Richards,J., Roberts,A., Sisk,P., Stolte,C., White,J., Alvarado,L., Champion,M., Godfrey,P., Shenoy,N., Yandava,C., Zeng,Q., Vu,H.T., Nguyen,Q.H., Nguyen,Q.T., Duong,P.H., Simmons,C.P., Wills,B., Nguyen,M.D., Tran,V.N., Tran,H.T., Nguyen,L.T.M., Nguyen,L.P.H., Nusbaum,C., Birren,B.",2007,2009-06-17,ssRNA(+)
GQ199798,dengue virus type I,Orthoflavivirus denguei,,DENV-1/VN/BID-V2775/2007,10690,complete,Viet Nam: South,Homo sapiens,blood,"Henn,M.R., Young,S., Koehrsen,M., Lennon,N., Erlich,R., Anderson,S., Rizzolo,K., Green,L., Ryan,E., Yu,Q., Berlin,A., Heiman,D., Hepburn,T., Sykes,S., Borenstein,D., Engels,R., Freedman,E., Gellesch,M., Heilman,E., Howarth,C., Jen,D., Larson,L., Lewis,B., Montgomery,P., Park,D., Pearson,M., Richards,J., Roberts,A., Sisk,P., Stolte,C., White,J., Alvarado,L., Champion,M., Godfrey,P., Shenoy,N., Yandava,C., Zeng,Q., Vu,H.T., Nguyen,Q.H., Nguyen,Q.T., Duong,P.H., Simmons,C.P., Wills,B., Nguyen,M.D., Tran,V.N., Tran,H.T., Nguyen,L.T.M., Nguyen,L.P.H., Nusbaum,C., Birren,B.",2007,2009-06-17,ssRNA(+)
GQ199799,dengue virus type I,Orthoflavivirus denguei,,DENV-1/VN/BID-V2776/2007,10690,complete,Viet Nam: South,Homo sapiens,blood,"Henn,M.R., Young,S., Koehrsen,M., Lennon,N., Erlich,R., Anderson,S., Rizzolo,K., Green,L., Ryan,E., Yu,Q., Berlin,A., Heiman,D., Hepburn,T., Sykes,S., Borenstein,D., Engels,R., Freedman,E., Gellesch,M., Heilman,E., Howarth,C., Jen,D., Larson,L., Lewis,B., Montgomery,P., Park,D., Pearson,M., Richards,J., Roberts,A., Sisk,P., Stolte,C., White,J., Alvarado,L., Champion,M., Godfrey,P., Shenoy,N., Yandava,C., Zeng,Q., Vu,H.T., Nguyen,Q.H., Nguyen,Q.T., Duong,P.H., Simmons,C.P., Wills,B., Nguyen,M.D., Tran,V.N., Tran,H.T., Nguyen,L.T.M., Nguyen,L.P.H., Nusbaum,C., Birren,B.",2007,2009-06-17,ssRNA(+)
GQ199800,dengue virus type I,Orthoflavivirus denguei,,DENV-1/VN/BID-V2777/2007,10690,complete,Viet Nam: South,Homo sapiens,blood,"Henn,M.R., Young,S., Koehrsen,M., Lennon,N., Erlich,R., Anderson,S., Rizzolo,K., Green,L., Ryan,E., Yu,Q., Berlin,A., Heiman,D., Hepburn,T., Sykes,S., Borenstein,D., Engels,R., Freedman,E., Gellesch,M., Heilman,E., Howarth,C., Jen,D., Larson,L., Lewis,B., Montgomery,P., Park,D., Pearson,M., Richards,J., Roberts,A., Sisk,P., Stolte,C., White,J., Alvarado,L., Champion,M., Godfrey,P., Shenoy,N., Yandava,C., Zeng,Q., Vu,H.T., Nguyen,Q.H., Nguyen,Q.T., Duong,P.H., Simmons,C.P., Wills,B., Nguyen,M.D., Tran,V.N., Tran,H.T., Nguyen,L.T.M., Nguyen,L.P.H., Nusbaum,C., Birren,B.",2007,2009-06-17,ssRNA(+)
GQ199801,dengue virus type I,Orthoflavivirus denguei,,DENV-1/VN/BID-V2779/2007,10690,complete,Viet Nam: South,Homo sapiens,blood,"Henn,M.R., Young,S., Koehrsen,M., Lennon,N., Erlich,R., Anderson,S., Rizzolo,K., Green,L., Ryan,E., Yu,Q., Berlin,A., Heiman,D., Hepburn,T., Sykes,S., Borenstein,D., Engels,R., Freedman,E., Gellesch,M., Heilman,E., Howarth,C., Jen,D., Larson,L., Lewis,B., Montgomery,P., Park,D., Pearson,M., Richards,J., Roberts,A., Sisk,P., Stolte,C., White,J., Alvarado,L., Champion,M., Godfrey,P., Shenoy,N., Yandava,C., Zeng,Q., Vu,H.T., Nguyen,Q.H., Nguyen,Q.T., Duong,P.H., Simmons,C.P., Wills,B., Nguyen,M.D., Tran,V.N., Tran,H.T., Nguyen,L.T.M., Nguyen,L.P.H., Nusbaum,C., Birren,B.",2007,2009-06-17,ssRNA(+)
GQ199802,dengue virus type I,Orthoflavivirus denguei,,DENV-1/VN/BID-V2780/2007,10690,complete,Viet Nam: South,Homo sapiens,blood,"Henn,M.R., Young,S., Koehrsen,M., Lennon,N., Erlich,R., Anderson,S., Rizzolo,K., Green,L., Ryan,E., Yu,Q., Berlin,A., Heiman,D., Hepburn,T., Sykes,S., Borenstein,D., Engels,R., Freedman,E., Gellesch,M., Heilman,E., Howarth,C., Jen,D., Larson,L., Lewis,B., Montgomery,P., Park,D., Pearson,M., Richards,J., Roberts,A., Sisk,P., Stolte,C., White,J., Alvarado,L., Champion,M., Godfrey,P., Shenoy,N., Yandava,C., Zeng,Q., Vu,H.T., Nguyen,Q.H., Nguyen,Q.T., Duong,P.H., Simmons,C.P., Wills,B., Nguyen,M.D., Tran,V.N., Tran,H.T., Nguyen,L.T.M., Nguyen,L.P.H., Nusbaum,C., Birren,B.",2007,2009-06-17,ssRNA(+)
GQ199803,dengue virus type I,Orthoflavivirus denguei,,DENV-1/VN/BID-V2783/2007,10690,complete,Viet Nam: South,Homo sapiens,blood,"Henn,M.R., Young,S., Koehrsen,M., Lennon,N., Erlich,R., Anderson,S., Rizzolo,K., Green,L., Ryan,E., Yu,Q., Berlin,A., Heiman,D., Hepburn,T., Sykes,S., Borenstein,D., Engels,R., Freedman,E., Gellesch,M., Heilman,E., Howarth,C., Jen,D., Larson,L., Lewis,B., Montgomery,P., Park,D., Pearson,M., Richards,J., Roberts,A., Sisk,P., Stolte,C., White,J., Alvarado,L., Champion,M., Godfrey,P., Shenoy,N., Yandava,C., Zeng,Q., Vu,H.T., Nguyen,Q.H., Nguyen,Q.T., Duong,P.H., Simmons,C.P., Wills,B., Nguyen,M.D., Tran,V.N., Tran,H.T., Nguyen,L.T.M., Nguyen,L.P.H., Nusbaum,C., Birren,B.",2007,2009-06-17,ssRNA(+)
GQ199804,dengue virus type I,Orthoflavivirus denguei,,DENV-1/VN/BID-V2784/2007,10679,complete,Viet Nam: South,Homo sapiens,blood,"Henn,M.R., Young,S., Koehrsen,M., Lennon,N., Erlich,R., Anderson,S., Rizzolo,K., Green,L., Ryan,E., Yu,Q., Berlin,A., Heiman,D., Hepburn,T., Sykes,S., Borenstein,D., Engels,R., Freedman,E., Gellesch,M., Heilman,E., Howarth,C., Jen,D., Larson,L., Lewis,B., Montgomery,P., Park,D., Pearson,M., Richards,J., Roberts,A., Sisk,P., Stolte,C., White,J., Alvarado,L., Champion,M., Godfrey,P., Shenoy,N., Yandava,C., Zeng,Q., Vu,H.T., Nguyen,Q.H., Nguyen,Q.T., Duong,P.H., Simmons,C.P., Wills,B., Nguyen,M.D., Tran,V.N., Tran,H.T., Nguyen,L.T.M., Nguyen,L.P.H., Nusbaum,C., Birren,B.",2007,2009-06-17,ssRNA(+)
GQ199805,dengue virus type I,Orthoflavivirus denguei,,DENV-1/VN/BID-V2785/2007,10689,complete,Viet Nam: South,Homo sapiens,blood,"Henn,M.R., Young,S., Koehrsen,M., Lennon,N., Erlich,R., Anderson,S., Rizzolo,K., Green,L., Ryan,E., Yu,Q., Berlin,A., Heiman,D., Hepburn,T., Sykes,S., Borenstein,D., Engels,R., Freedman,E., Gellesch,M., Heilman,E., Howarth,C., Jen,D., Larson,L., Lewis,B., Montgomery,P., Park,D., Pearson,M., Richards,J., Roberts,A., Sisk,P., Stolte,C., White,J., Alvarado,L., Champion,M., Godfrey,P., Shenoy,N., Yandava,C., Zeng,Q., Vu,H.T., Nguyen,Q.H., Nguyen,Q.T., Duong,P.H., Simmons,C.P., Wills,B., Nguyen,M.D., Tran,V.N., Tran,H.T., Nguyen,L.T.M., Nguyen,L.P.H., Nusbaum,C., Birren,B.",2007,2009-06-17,ssRNA(+)
GQ199806,dengue virus type I,Orthoflavivirus denguei,,DENV-1/VN/BID-V2786/2007,10689,complete,Viet Nam: South,Homo sapiens,blood,"Henn,M.R., Young,S., Koehrsen,M., Lennon,N., Erlich,R., Anderson,S., Rizzolo,K., Green,L., Ryan,E., Yu,Q., Berlin,A., Heiman,D., Hepburn,T., Sykes,S., Borenstein,D., Engels,R., Freedman,E., Gellesch,M., Heilman,E., Howarth,C., Jen,D., Larson,L., Lewis,B., Montgomery,P., Park,D., Pearson,M., Richards,J., Roberts,A., Sisk,P., Stolte,C., White,J., Alvarado,L., Champion,M., Godfrey,P., Shenoy,N., Yandava,C., Zeng,Q., Vu,H.T., Nguyen,Q.H., Nguyen,Q.T., Duong,P.H., Simmons,C.P., Wills,B., Nguyen,M.D., Tran,V.N., Tran,H.T., Nguyen,L.T.M., Nguyen,L.P.H., Nusbaum,C., Birren,B.",2007,2009-06-17,ssRNA(+)
GQ199807,dengue virus type I,Orthoflavivirus denguei,,DENV-1/VN/BID-V2787/2007,10690,complete,Viet Nam: South,Homo sapiens,blood,"Henn,M.R., Young,S., Koehrsen,M., Lennon,N., Erlich,R., Anderson,S., Rizzolo,K., Green,L., Ryan,E., Yu,Q., Berlin,A., Heiman,D., Hepburn,T., Sykes,S., Borenstein,D., Engels,R., Freedman,E., Gellesch,M., Heilman,E., Howarth,C., Jen,D., Larson,L., Lewis,B., Montgomery,P., Park,D., Pearson,M., Richards,J., Roberts,A., Sisk,P., Stolte,C., White,J., Alvarado,L., Champion,M., Godfrey,P., Shenoy,N., Yandava,C., Zeng,Q., Vu,H.T., Nguyen,Q.H., Nguyen,Q.T., Duong,P.H., Simmons,C.P., Wills,B., Nguyen,M.D., Tran,V.N., Tran,H.T., Nguyen,L.T.M., Nguyen,L.P.H., Nusbaum,C., Birren,B.",2007,2009-06-17,ssRNA(+)
GQ199808,dengue virus type I,Orthoflavivirus denguei,,DENV-1/VN/BID-V2788/2007,10690,complete,Viet Nam: South,Homo sapiens,blood,"Henn,M.R., Young,S., Koehrsen,M., Lennon,N., Erlich,R., Anderson,S., Rizzolo,K., Green,L., Ryan,E., Yu,Q., Berlin,A., Heiman,D., Hepburn,T., Sykes,S., Borenstein,D., Engels,R., Freedman,E., Gellesch,M., Heilman,E., Howarth,C., Jen,D., Larson,L., Lewis,B., Montgomery,P., Park,D., Pearson,M., Richards,J., Roberts,A., Sisk,P., Stolte,C., White,J., Alvarado,L., Champion,M., Godfrey,P., Shenoy,N., Yandava,C., Zeng,Q., Vu,H.T., Nguyen,Q.H., Nguyen,Q.T., Duong,P.H., Simmons,C.P., Wills,B., Nguyen,M.D., Tran,V.N., Tran,H.T., Nguyen,L.T.M., Nguyen,L.P.H., Nusbaum,C., Birren,B.",2007,2009-06-17,ssRNA(+)
GQ199809,dengue virus type I,Orthoflavivirus denguei,,DENV-1/VN/BID-V2789/2007,10690,complete,Viet Nam: South,Homo sapiens,blood,"Henn,M.R., Young,S., Koehrsen,M., Lennon,N., Erlich,R., Anderson,S., Rizzolo,K., Green,L., Ryan,E., Yu,Q., Berlin,A., Heiman,D., Hepburn,T., Sykes,S., Borenstein,D., Engels,R., Freedman,E., Gellesch,M., Heilman,E., Howarth,C., Jen,D., Larson,L., Lewis,B., Montgomery,P., Park,D., Pearson,M., Richards,J., Roberts,A., Sisk,P., Stolte,C., White,J., Alvarado,L., Champion,M., Godfrey,P., Shenoy,N., Yandava,C., Zeng,Q., Vu,H.T., Nguyen,Q.H., Nguyen,Q.T., Duong,P.H., Simmons,C.P., Wills,B., Nguyen,M.D., Tran,V.N., Tran,H.T., Nguyen,L.T.M., Nguyen,L.P.H., Nusbaum,C., Birren,B.",2007,2009-06-17,ssRNA(+)
GQ199810,dengue virus type I,Orthoflavivirus denguei,,DENV-1/VN/BID-V2790/2007,10690,complete,Viet Nam: South,Homo sapiens,blood,"Henn,M.R., Young,S., Koehrsen,M., Lennon,N., Erlich,R., Anderson,S., Rizzolo,K., Green,L., Ryan,E., Yu,Q., Berlin,A., Heiman,D., Hepburn,T., Sykes,S., Borenstein,D., Engels,R., Freedman,E., Gellesch,M., Heilman,E., Howarth,C., Jen,D., Larson,L., Lewis,B., Montgomery,P., Park,D., Pearson,M., Richards,J., Roberts,A., Sisk,P., Stolte,C., White,J., Alvarado,L., Champion,M., Godfrey,P., Shenoy,N., Yandava,C., Zeng,Q., Vu,H.T., Nguyen,Q.H., Nguyen,Q.T., Duong,P.H., Simmons,C.P., Wills,B., Nguyen,M.D., Tran,V.N., Tran,H.T., Nguyen,L.T.M., Nguyen,L.P.H., Nusbaum,C., Birren,B.",2007,2009-06-17,ssRNA(+)
GQ199811,dengue virus type I,Orthoflavivirus denguei,,DENV-1/VN/BID-V2791/2007,10690,complete,Viet Nam: South,Homo sapiens,blood,"Henn,M.R., Young,S., Koehrsen,M., Lennon,N., Erlich,R., Anderson,S., Rizzolo,K., Green,L., Ryan,E., Yu,Q., Berlin,A., Heiman,D., Hepburn,T., Sykes,S., Borenstein,D., Engels,R., Freedman,E., Gellesch,M., Heilman,E., Howarth,C., Jen,D., Larson,L., Lewis,B., Montgomery,P., Park,D., Pearson,M., Richards,J., Roberts,A., Sisk,P., Stolte,C., White,J., Alvarado,L., Champion,M., Godfrey,P., Shenoy,N., Yandava,C., Zeng,Q., Vu,H.T., Nguyen,Q.H., Nguyen,Q.T., Duong,P.H., Simmons,C.P., Wills,B., Nguyen,M.D., Tran,V.N., Tran,H.T., Nguyen,L.T.M., Nguyen,L.P.H., Nusbaum,C., Birren,B.",2007,2009-06-17,ssRNA(+)
GQ199812,dengue virus type I,Orthoflavivirus denguei,,DENV-1/VN/BID-V2792/2007,10690,complete,Viet Nam: South,Homo sapiens,blood,"Henn,M.R., Young,S., Koehrsen,M., Lennon,N., Erlich,R., Anderson,S., Rizzolo,K., Green,L., Ryan,E., Yu,Q., Berlin,A., Heiman,D., Hepburn,T., Sykes,S., Borenstein,D., Engels,R., Freedman,E., Gellesch,M., Heilman,E., Howarth,C., Jen,D., Larson,L., Lewis,B., Montgomery,P., Park,D., Pearson,M., Richards,J., Roberts,A., Sisk,P., Stolte,C., White,J., Alvarado,L., Champion,M., Godfrey,P., Shenoy,N., Yandava,C., Zeng,Q., Vu,H.T., Nguyen,Q.H., Nguyen,Q.T., Duong,P.H., Simmons,C.P., Wills,B., Nguyen,M.D., Tran,V.N., Tran,H.T., Nguyen,L.T.M., Nguyen,L.P.H., Nusbaum,C., Birren,B.",2007,2009-06-17,ssRNA(+)
GQ199813,dengue virus type I,Orthoflavivirus denguei,,DENV-1/VN/BID-V2793/2007,10690,complete,Viet Nam: South,Homo sapiens,blood,"Henn,M.R., Young,S., Koehrsen,M., Lennon,N., Erlich,R., Anderson,S., Rizzolo,K., Green,L., Ryan,E., Yu,Q., Berlin,A., Heiman,D., Hepburn,T., Sykes,S., Borenstein,D., Engels,R., Freedman,E., Gellesch,M., Heilman,E., Howarth,C., Jen,D., Larson,L., Lewis,B., Montgomery,P., Park,D., Pearson,M., Richards,J., Roberts,A., Sisk,P., Stolte,C., White,J., Alvarado,L., Champion,M., Godfrey,P., Shenoy,N., Yandava,C., Zeng,Q., Vu,H.T., Nguyen,Q.H., Nguyen,Q.T., Duong,P.H., Simmons,C.P., Wills,B., Nguyen,M.D., Tran,V.N., Tran,H.T., Nguyen,L.T.M., Nguyen,L.P.H., Nusbaum,C., Birren,B.",2007,2009-06-17,ssRNA(+)
GQ199814,dengue virus type I,Orthoflavivirus denguei,,DENV-1/VN/BID-V2795/2007,10690,complete,Viet Nam: South,Homo sapiens,blood,"Henn,M.R., Young,S., Koehrsen,M., Lennon,N., Erlich,R., Anderson,S., Rizzolo,K., Green,L., Ryan,E., Yu,Q., Berlin,A., Heiman,D., Hepburn,T., Sykes,S., Borenstein,D., Engels,R., Freedman,E., Gellesch,M., Heilman,E., Howarth,C., Jen,D., Larson,L., Lewis,B., Montgomery,P., Park,D., Pearson,M., Richards,J., Roberts,A., Sisk,P., Stolte,C., White,J., Alvarado,L., Champion,M., Godfrey,P., Shenoy,N., Yandava,C., Zeng,Q., Vu,H.T., Nguyen,Q.H., Nguyen,Q.T., Duong,P.H., Simmons,C.P., Wills,B., Nguyen,M.D., Tran,V.N., Tran,H.T., Nguyen,L.T.M., Nguyen,L.P.H., Nusbaum,C., Birren,B.",2007,2009-06-17,ssRNA(+)
GQ199815,dengue virus type I,Orthoflavivirus denguei,,DENV-1/VN/BID-V2796/2007,10690,complete,Viet Nam: South,Homo sapiens,blood,"Henn,M.R., Young,S., Koehrsen,M., Lennon,N., Erlich,R., Anderson,S., Rizzolo,K., Green,L., Ryan,E., Yu,Q., Berlin,A., Heiman,D., Hepburn,T., Sykes,S., Borenstein,D., Engels,R., Freedman,E., Gellesch,M., Heilman,E., Howarth,C., Jen,D., Larson,L., Lewis,B., Montgomery,P., Park,D., Pearson,M., Richards,J., Roberts,A., Sisk,P., Stolte,C., White,J., Alvarado,L., Champion,M., Godfrey,P., Shenoy,N., Yandava,C., Zeng,Q., Vu,H.T., Nguyen,Q.H., Nguyen,Q.T., Duong,P.H., Simmons,C.P., Wills,B., Nguyen,M.D., Tran,V.N., Tran,H.T., Nguyen,L.T.M., Nguyen,L.P.H., Nusbaum,C., Birren,B.",2007,2009-06-17,ssRNA(+)
GQ199816,dengue virus type I,Orthoflavivirus denguei,,DENV-1/VN/BID-V2797/2007,10690,complete,Viet Nam: South,Homo sapiens,blood,"Henn,M.R., Young,S., Koehrsen,M., Lennon,N., Erlich,R., Anderson,S., Rizzolo,K., Green,L., Ryan,E., Yu,Q., Berlin,A., Heiman,D., Hepburn,T., Sykes,S., Borenstein,D., Engels,R., Freedman,E., Gellesch,M., Heilman,E., Howarth,C., Jen,D., Larson,L., Lewis,B., Montgomery,P., Park,D., Pearson,M., Richards,J., Roberts,A., Sisk,P., Stolte,C., White,J., Alvarado,L., Champion,M., Godfrey,P., Shenoy,N., Yandava,C., Zeng,Q., Vu,H.T., Nguyen,Q.H., Nguyen,Q.T., Duong,P.H., Simmons,C.P., Wills,B., Nguyen,M.D., Tran,V.N., Tran,H.T., Nguyen,L.T.M., Nguyen,L.P.H., Nusbaum,C., Birren,B.",2007,2009-06-17,ssRNA(+)
GQ199817,dengue virus type I,Orthoflavivirus denguei,,DENV-1/VN/BID-V2798/2007,10690,complete,Viet Nam: South,Homo sapiens,blood,"Henn,M.R., Young,S., Koehrsen,M., Lennon,N., Erlich,R., Anderson,S., Rizzolo,K., Green,L., Ryan,E., Yu,Q., Berlin,A., Heiman,D., Hepburn,T., Sykes,S., Borenstein,D., Engels,R., Freedman,E., Gellesch,M., Heilman,E., Howarth,C., Jen,D., Larson,L., Lewis,B., Montgomery,P., Park,D., Pearson,M., Richards,J., Roberts,A., Sisk,P., Stolte,C., White,J., Alvarado,L., Champion,M., Godfrey,P., Shenoy,N., Yandava,C., Zeng,Q., Vu,H.T., Nguyen,Q.H., Nguyen,Q.T., Duong,P.H., Simmons,C.P., Wills,B., Nguyen,M.D., Tran,V.N., Tran,H.T., Nguyen,L.T.M., Nguyen,L.P.H., Nusbaum,C., Birren,B.",2007,2009-06-17,ssRNA(+)
GQ199818,dengue virus type I,Orthoflavivirus denguei,,DENV-1/VN/BID-V2799/2007,10690,complete,Viet Nam: South,Homo sapiens,blood,"Henn,M.R., Young,S., Koehrsen,M., Lennon,N., Erlich,R., Anderson,S., Rizzolo,K., Green,L., Ryan,E., Yu,Q., Berlin,A., Heiman,D., Hepburn,T., Sykes,S., Borenstein,D., Engels,R., Freedman,E., Gellesch,M., Heilman,E., Howarth,C., Jen,D., Larson,L., Lewis,B., Montgomery,P., Park,D., Pearson,M., Richards,J., Roberts,A., Sisk,P., Stolte,C., White,J., Alvarado,L., Champion,M., Godfrey,P., Shenoy,N., Yandava,C., Zeng,Q., Vu,H.T., Nguyen,Q.H., Nguyen,Q.T., Duong,P.H., Simmons,C.P., Wills,B., Nguyen,M.D., Tran,V.N., Tran,H.T., Nguyen,L.T.M., Nguyen,L.P.H., Nusbaum,C., Birren,B.",2007,2009-06-17,ssRNA(+)
GQ199819,dengue virus type I,Orthoflavivirus denguei,,DENV-1/VN/BID-V2802/2007,10690,complete,Viet Nam: South,Homo sapiens,blood,"Henn,M.R., Young,S., Koehrsen,M., Lennon,N., Erlich,R., Anderson,S., Rizzolo,K., Green,L., Ryan,E., Yu,Q., Berlin,A., Heiman,D., Hepburn,T., Sykes,S., Borenstein,D., Engels,R., Freedman,E., Gellesch,M., Heilman,E., Howarth,C., Jen,D., Larson,L., Lewis,B., Montgomery,P., Park,D., Pearson,M., Richards,J., Roberts,A., Sisk,P., Stolte,C., White,J., Alvarado,L., Champion,M., Godfrey,P., Shenoy,N., Yandava,C., Zeng,Q., Vu,H.T., Nguyen,Q.H., Nguyen,Q.T., Duong,P.H., Simmons,C.P., Wills,B., Nguyen,M.D., Tran,V.N., Tran,H.T., Nguyen,L.T.M., Nguyen,L.P.H., Nusbaum,C., Birren,B.",2007,2009-06-17,ssRNA(+)
GQ199820,dengue virus type I,Orthoflavivirus denguei,,DENV-1/VN/BID-V2808/2007,10690,complete,Viet Nam: South,Homo sapiens,blood,"Henn,M.R., Young,S., Koehrsen,M., Lennon,N., Erlich,R., Anderson,S., Rizzolo,K., Green,L., Ryan,E., Yu,Q., Berlin,A., Heiman,D., Hepburn,T., Sykes,S., Borenstein,D., Engels,R., Freedman,E., Gellesch,M., Heilman,E., Howarth,C., Jen,D., Larson,L., Lewis,B., Montgomery,P., Park,D., Pearson,M., Richards,J., Roberts,A., Sisk,P., Stolte,C., White,J., Alvarado,L., Champion,M., Godfrey,P., Shenoy,N., Yandava,C., Zeng,Q., Vu,H.T., Nguyen,Q.H., Nguyen,Q.T., Duong,P.H., Simmons,C.P., Wills,B., Nguyen,M.D., Tran,V.N., Tran,H.T., Nguyen,L.T.M., Nguyen,L.P.H., Nusbaum,C., Birren,B.",2007,2009-06-17,ssRNA(+)
GQ199821,dengue virus type I,Orthoflavivirus denguei,,DENV-1/VN/BID-V2810/2007,10690,complete,Viet Nam: South,Homo sapiens,blood,"Henn,M.R., Young,S., Koehrsen,M., Lennon,N., Erlich,R., Anderson,S., Rizzolo,K., Green,L., Ryan,E., Yu,Q., Berlin,A., Heiman,D., Hepburn,T., Sykes,S., Borenstein,D., Engels,R., Freedman,E., Gellesch,M., Heilman,E., Howarth,C., Jen,D., Larson,L., Lewis,B., Montgomery,P., Park,D., Pearson,M., Richards,J., Roberts,A., Sisk,P., Stolte,C., White,J., Alvarado,L., Champion,M., Godfrey,P., Shenoy,N., Yandava,C., Zeng,Q., Vu,H.T., Nguyen,Q.H., Nguyen,Q.T., Duong,P.H., Simmons,C.P., Wills,B., Nguyen,M.D., Tran,V.N., Tran,H.T., Nguyen,L.T.M., Nguyen,L.P.H., Nusbaum,C., Birren,B.",2007,2009-06-17,ssRNA(+)
GQ199822,dengue virus type I,Orthoflavivirus denguei,,DENV-1/VN/BID-V2812/2007,10690,complete,Viet Nam: South,Homo sapiens,blood,"Henn,M.R., Young,S., Koehrsen,M., Lennon,N., Erlich,R., Anderson,S., Rizzolo,K., Green,L., Ryan,E., Yu,Q., Berlin,A., Heiman,D., Hepburn,T., Sykes,S., Borenstein,D., Engels,R., Freedman,E., Gellesch,M., Heilman,E., Howarth,C., Jen,D., Larson,L., Lewis,B., Montgomery,P., Park,D., Pearson,M., Richards,J., Roberts,A., Sisk,P., Stolte,C., White,J., Alvarado,L., Champion,M., Godfrey,P., Shenoy,N., Yandava,C., Zeng,Q., Vu,H.T., Nguyen,Q.H., Nguyen,Q.T., Duong,P.H., Simmons,C.P., Wills,B., Nguyen,M.D., Tran,V.N., Tran,H.T., Nguyen,L.T.M., Nguyen,L.P.H., Nusbaum,C., Birren,B.",2007,2009-06-17,ssRNA(+)
GQ199823,dengue virus type I,Orthoflavivirus denguei,,DENV-1/VN/BID-V2815/2007,10675,complete,Viet Nam: South,Homo sapiens,blood,"Henn,M.R., Young,S., Koehrsen,M., Lennon,N., Erlich,R., Anderson,S., Rizzolo,K., Green,L., Ryan,E., Yu,Q., Berlin,A., Heiman,D., Hepburn,T., Sykes,S., Borenstein,D., Engels,R., Freedman,E., Gellesch,M., Heilman,E., Howarth,C., Jen,D., Larson,L., Lewis,B., Montgomery,P., Park,D., Pearson,M., Richards,J., Roberts,A., Sisk,P., Stolte,C., White,J., Alvarado,L., Champion,M., Godfrey,P., Shenoy,N., Yandava,C., Zeng,Q., Vu,H.T., Nguyen,Q.H., Nguyen,Q.T., Duong,P.H., Simmons,C.P., Wills,B., Nguyen,M.D., Tran,V.N., Tran,H.T., Nguyen,L.T.M., Nguyen,L.P.H., Nusbaum,C., Birren,B.",2007,2009-06-17,ssRNA(+)
GQ199824,dengue virus type I,Orthoflavivirus denguei,,DENV-1/VN/BID-V2816/2007,10690,complete,Viet Nam: South,Homo sapiens,blood,"Henn,M.R., Young,S., Koehrsen,M., Lennon,N., Erlich,R., Anderson,S., Rizzolo,K., Green,L., Ryan,E., Yu,Q., Berlin,A., Heiman,D., Hepburn,T., Sykes,S., Borenstein,D., Engels,R., Freedman,E., Gellesch,M., Heilman,E., Howarth,C., Jen,D., Larson,L., Lewis,B., Montgomery,P., Park,D., Pearson,M., Richards,J., Roberts,A., Sisk,P., Stolte,C., White,J., Alvarado,L., Champion,M., Godfrey,P., Shenoy,N., Yandava,C., Zeng,Q., Vu,H.T., Nguyen,Q.H., Nguyen,Q.T., Duong,P.H., Simmons,C.P., Wills,B., Nguyen,M.D., Tran,V.N., Tran,H.T., Nguyen,L.T.M., Nguyen,L.P.H., Nusbaum,C., Birren,B.",2007,2009-06-17,ssRNA(+)
GQ199825,dengue virus type I,Orthoflavivirus denguei,,DENV-1/VN/BID-V2817/2007,10690,complete,Viet Nam: South,Homo sapiens,blood,"Henn,M.R., Young,S., Koehrsen,M., Lennon,N., Erlich,R., Anderson,S., Rizzolo,K., Green,L., Ryan,E., Yu,Q., Berlin,A., Heiman,D., Hepburn,T., Sykes,S., Borenstein,D., Engels,R., Freedman,E., Gellesch,M., Heilman,E., Howarth,C., Jen,D., Larson,L., Lewis,B., Montgomery,P., Park,D., Pearson,M., Richards,J., Roberts,A., Sisk,P., Stolte,C., White,J., Alvarado,L., Champion,M., Godfrey,P., Shenoy,N., Yandava,C., Zeng,Q., Vu,H.T., Nguyen,Q.H., Nguyen,Q.T., Duong,P.H., Simmons,C.P., Wills,B., Nguyen,M.D., Tran,V.N., Tran,H.T., Nguyen,L.T.M., Nguyen,L.P.H., Nusbaum,C., Birren,B.",2007,2009-06-17,ssRNA(+)
GQ199826,dengue virus type I,Orthoflavivirus denguei,,DENV-1/VN/BID-V2820/2007,10690,complete,Viet Nam: South,Homo sapiens,blood,"Henn,M.R., Young,S., Koehrsen,M., Lennon,N., Erlich,R., Anderson,S., Rizzolo,K., Green,L., Ryan,E., Yu,Q., Berlin,A., Heiman,D., Hepburn,T., Sykes,S., Borenstein,D., Engels,R., Freedman,E., Gellesch,M., Heilman,E., Howarth,C., Jen,D., Larson,L., Lewis,B., Montgomery,P., Park,D., Pearson,M., Richards,J., Roberts,A., Sisk,P., Stolte,C., White,J., Alvarado,L., Champion,M., Godfrey,P., Shenoy,N., Yandava,C., Zeng,Q., Vu,H.T., Nguyen,Q.H., Nguyen,Q.T., Duong,P.H., Simmons,C.P., Wills,B., Nguyen,M.D., Tran,V.N., Tran,H.T., Nguyen,L.T.M., Nguyen,L.P.H., Nusbaum,C., Birren,B.",2007,2009-06-17,ssRNA(+)
GQ199827,dengue virus type I,Orthoflavivirus denguei,,DENV-1/VN/BID-V2821/2007,10676,complete,Viet Nam: South,Homo sapiens,blood,"Henn,M.R., Young,S., Koehrsen,M., Lennon,N., Erlich,R., Anderson,S., Rizzolo,K., Green,L., Ryan,E., Yu,Q., Berlin,A., Heiman,D., Hepburn,T., Sykes,S., Borenstein,D., Engels,R., Freedman,E., Gellesch,M., Heilman,E., Howarth,C., Jen,D., Larson,L., Lewis,B., Montgomery,P., Park,D., Pearson,M., Richards,J., Roberts,A., Sisk,P., Stolte,C., White,J., Alvarado,L., Champion,M., Godfrey,P., Shenoy,N., Yandava,C., Zeng,Q., Vu,H.T., Nguyen,Q.H., Nguyen,Q.T., Duong,P.H., Simmons,C.P., Wills,B., Nguyen,M.D., Tran,V.N., Tran,H.T., Nguyen,L.T.M., Nguyen,L.P.H., Nusbaum,C., Birren,B.",2007,2009-06-17,ssRNA(+)
GQ199828,dengue virus type I,Orthoflavivirus denguei,,DENV-1/VN/BID-V2822/2007,10690,complete,Viet Nam: South,Homo sapiens,blood,"Henn,M.R., Young,S., Koehrsen,M., Lennon,N., Erlich,R., Anderson,S., Rizzolo,K., Green,L., Ryan,E., Yu,Q., Berlin,A., Heiman,D., Hepburn,T., Sykes,S., Borenstein,D., Engels,R., Freedman,E., Gellesch,M., Heilman,E., Howarth,C., Jen,D., Larson,L., Lewis,B., Montgomery,P., Park,D., Pearson,M., Richards,J., Roberts,A., Sisk,P., Stolte,C., White,J., Alvarado,L., Champion,M., Godfrey,P., Shenoy,N., Yandava,C., Zeng,Q., Vu,H.T., Nguyen,Q.H., Nguyen,Q.T., Duong,P.H., Simmons,C.P., Wills,B., Nguyen,M.D., Tran,V.N., Tran,H.T., Nguyen,L.T.M., Nguyen,L.P.H., Nusbaum,C., Birren,B.",2007,2009-06-17,ssRNA(+)
GQ199829,dengue virus type I,Orthoflavivirus denguei,,DENV-1/VN/BID-V2824/2007,10690,complete,Viet Nam: South,Homo sapiens,blood,"Henn,M.R., Young,S., Koehrsen,M., Lennon,N., Erlich,R., Anderson,S., Rizzolo,K., Green,L., Ryan,E., Yu,Q., Berlin,A., Heiman,D., Hepburn,T., Sykes,S., Borenstein,D., Engels,R., Freedman,E., Gellesch,M., Heilman,E., Howarth,C., Jen,D., Larson,L., Lewis,B., Montgomery,P., Park,D., Pearson,M., Richards,J., Roberts,A., Sisk,P., Stolte,C., White,J., Alvarado,L., Champion,M., Godfrey,P., Shenoy,N., Yandava,C., Zeng,Q., Vu,H.T., Nguyen,Q.H., Nguyen,Q.T., Duong,P.H., Simmons,C.P., Wills,B., Nguyen,M.D., Tran,V.N., Tran,H.T., Nguyen,L.T.M., Nguyen,L.P.H., Nusbaum,C., Birren,B.",2007,2009-06-17,ssRNA(+)
GQ199830,dengue virus type I,Orthoflavivirus denguei,,DENV-1/VN/BID-V2830/2003,10690,complete,Viet Nam: South,Homo sapiens,blood,"Henn,M.R., Young,S., Koehrsen,M., Lennon,N., Erlich,R., Anderson,S., Rizzolo,K., Green,L., Ryan,E., Yu,Q., Berlin,A., Heiman,D., Hepburn,T., Sykes,S., Borenstein,D., Engels,R., Freedman,E., Gellesch,M., Heilman,E., Howarth,C., Jen,D., Larson,L., Lewis,B., Montgomery,P., Park,D., Pearson,M., Richards,J., Roberts,A., Sisk,P., Stolte,C., White,J., Alvarado,L., Champion,M., Godfrey,P., Shenoy,N., Yandava,C., Zeng,Q., Vu,H.T., Nguyen,Q.H., Nguyen,Q.T., Duong,P.H., Simmons,C.P., Wills,B., Nguyen,M.D., Tran,V.N., Tran,H.T., Nguyen,L.T.M., Nguyen,L.P.H., Nusbaum,C., Birren,B.",2003,2009-06-17,ssRNA(+)
GQ199831,dengue virus type I,Orthoflavivirus denguei,,DENV-1/VN/BID-V2833/2003,10690,complete,Viet Nam: South,Homo sapiens,blood,"Henn,M.R., Young,S., Koehrsen,M., Lennon,N., Erlich,R., Anderson,S., Rizzolo,K., Green,L., Ryan,E., Yu,Q., Berlin,A., Heiman,D., Hepburn,T., Sykes,S., Borenstein,D., Engels,R., Freedman,E., Gellesch,M., Heilman,E., Howarth,C., Jen,D., Larson,L., Lewis,B., Montgomery,P., Park,D., Pearson,M., Richards,J., Roberts,A., Sisk,P., Stolte,C., White,J., Alvarado,L., Champion,M., Godfrey,P., Shenoy,N., Yandava,C., Zeng,Q., Vu,H.T., Nguyen,Q.H., Nguyen,Q.T., Duong,P.H., Simmons,C.P., Wills,B., Nguyen,M.D., Tran,V.N., Tran,H.T., Nguyen,L.T.M., Nguyen,L.P.H., Nusbaum,C., Birren,B.",2003,2009-06-17,ssRNA(+)
GQ199832,dengue virus type I,Orthoflavivirus denguei,,DENV-1/VN/BID-V2834/2003,10690,complete,Viet Nam: South,Homo sapiens,blood,"Henn,M.R., Young,S., Koehrsen,M., Lennon,N., Erlich,R., Anderson,S., Rizzolo,K., Green,L., Ryan,E., Yu,Q., Berlin,A., Heiman,D., Hepburn,T., Sykes,S., Borenstein,D., Engels,R., Freedman,E., Gellesch,M., Heilman,E., Howarth,C., Jen,D., Larson,L., Lewis,B., Montgomery,P., Park,D., Pearson,M., Richards,J., Roberts,A., Sisk,P., Stolte,C., White,J., Alvarado,L., Champion,M., Godfrey,P., Shenoy,N., Yandava,C., Zeng,Q., Vu,H.T., Nguyen,Q.H., Nguyen,Q.T., Duong,P.H., Simmons,C.P., Wills,B., Nguyen,M.D., Tran,V.N., Tran,H.T., Nguyen,L.T.M., Nguyen,L.P.H., Nusbaum,C., Birren,B.",2003,2009-06-17,ssRNA(+)
GQ199833,dengue virus type I,Orthoflavivirus denguei,,DENV-1/VN/BID-V2837/2004,10690,complete,Viet Nam: South,Homo sapiens,blood,"Henn,M.R., Young,S., Koehrsen,M., Lennon,N., Erlich,R., Anderson,S., Rizzolo,K., Green,L., Ryan,E., Yu,Q., Berlin,A., Heiman,D., Hepburn,T., Sykes,S., Borenstein,D., Engels,R., Freedman,E., Gellesch,M., Heilman,E., Howarth,C., Jen,D., Larson,L., Lewis,B., Montgomery,P., Park,D., Pearson,M., Richards,J., Roberts,A., Sisk,P., Stolte,C., White,J., Alvarado,L., Champion,M., Godfrey,P., Shenoy,N., Yandava,C., Zeng,Q., Vu,H.T., Nguyen,Q.H., Nguyen,Q.T., Duong,P.H., Simmons,C.P., Wills,B., Nguyen,M.D., Tran,V.N., Tran,H.T., Nguyen,L.T.M., Nguyen,L.P.H., Nusbaum,C., Birren,B.",2004,2009-06-17,ssRNA(+)
GQ199834,dengue virus type I,Orthoflavivirus denguei,,DENV-1/VN/BID-V2839/2005,10677,complete,Viet Nam: South,Homo sapiens,blood,"Henn,M.R., Young,S., Koehrsen,M., Lennon,N., Erlich,R., Anderson,S., Rizzolo,K., Green,L., Ryan,E., Yu,Q., Berlin,A., Heiman,D., Hepburn,T., Sykes,S., Borenstein,D., Engels,R., Freedman,E., Gellesch,M., Heilman,E., Howarth,C., Jen,D., Larson,L., Lewis,B., Montgomery,P., Park,D., Pearson,M., Richards,J., Roberts,A., Sisk,P., Stolte,C., White,J., Alvarado,L., Champion,M., Godfrey,P., Shenoy,N., Yandava,C., Zeng,Q., Vu,H.T., Nguyen,Q.H., Nguyen,Q.T., Duong,P.H., Simmons,C.P., Wills,B., Nguyen,M.D., Tran,V.N., Tran,H.T., Nguyen,L.T.M., Nguyen,L.P.H., Nusbaum,C., Birren,B.",2005,2009-06-17,ssRNA(+)
GQ199835,dengue virus type I,Orthoflavivirus denguei,,DENV-1/VN/BID-V2840/2005,10690,complete,Viet Nam: South,Homo sapiens,blood,"Henn,M.R., Young,S., Koehrsen,M., Lennon,N., Erlich,R., Anderson,S., Rizzolo,K., Green,L., Ryan,E., Yu,Q., Berlin,A., Heiman,D., Hepburn,T., Sykes,S., Borenstein,D., Engels,R., Freedman,E., Gellesch,M., Heilman,E., Howarth,C., Jen,D., Larson,L., Lewis,B., Montgomery,P., Park,D., Pearson,M., Richards,J., Roberts,A., Sisk,P., Stolte,C., White,J., Alvarado,L., Champion,M., Godfrey,P., Shenoy,N., Yandava,C., Zeng,Q., Vu,H.T., Nguyen,Q.H., Nguyen,Q.T., Duong,P.H., Simmons,C.P., Wills,B., Nguyen,M.D., Tran,V.N., Tran,H.T., Nguyen,L.T.M., Nguyen,L.P.H., Nusbaum,C., Birren,B.",2005,2009-06-17,ssRNA(+)
GQ199836,dengue virus type I,Orthoflavivirus denguei,,DENV-1/VN/BID-V2845/2005,10690,complete,Viet Nam: South,Homo sapiens,blood,"Henn,M.R., Young,S., Koehrsen,M., Lennon,N., Erlich,R., Anderson,S., Rizzolo,K., Green,L., Ryan,E., Yu,Q., Berlin,A., Heiman,D., Hepburn,T., Sykes,S., Borenstein,D., Engels,R., Freedman,E., Gellesch,M., Heilman,E., Howarth,C., Jen,D., Larson,L., Lewis,B., Montgomery,P., Park,D., Pearson,M., Richards,J., Roberts,A., Sisk,P., Stolte,C., White,J., Alvarado,L., Champion,M., Godfrey,P., Shenoy,N., Yandava,C., Zeng,Q., Vu,H.T., Nguyen,Q.H., Nguyen,Q.T., Duong,P.H., Simmons,C.P., Wills,B., Nguyen,M.D., Tran,V.N., Tran,H.T., Nguyen,L.T.M., Nguyen,L.P.H., Nusbaum,C., Birren,B.",2005,2009-06-17,ssRNA(+)
GQ199837,dengue virus type I,Orthoflavivirus denguei,,DENV-1/VN/BID-V2846/2005,10684,complete,Viet Nam: South,Homo sapiens,blood,"Henn,M.R., Young,S., Koehrsen,M., Lennon,N., Erlich,R., Anderson,S., Rizzolo,K., Green,L., Ryan,E., Yu,Q., Berlin,A., Heiman,D., Hepburn,T., Sykes,S., Borenstein,D., Engels,R., Freedman,E., Gellesch,M., Heilman,E., Howarth,C., Jen,D., Larson,L., Lewis,B., Montgomery,P., Park,D., Pearson,M., Richards,J., Roberts,A., Sisk,P., Stolte,C., White,J., Alvarado,L., Champion,M., Godfrey,P., Shenoy,N., Yandava,C., Zeng,Q., Vu,H.T., Nguyen,Q.H., Nguyen,Q.T., Duong,P.H., Simmons,C.P., Wills,B., Nguyen,M.D., Tran,V.N., Tran,H.T., Nguyen,L.T.M., Nguyen,L.P.H., Nusbaum,C., Birren,B.",2005,2009-06-17,ssRNA(+)
GQ199838,dengue virus type I,Orthoflavivirus denguei,,DENV-1/VN/BID-V2857/2005,10690,complete,Viet Nam: South,Homo sapiens,blood,"Henn,M.R., Young,S., Koehrsen,M., Lennon,N., Erlich,R., Anderson,S., Rizzolo,K., Green,L., Ryan,E., Yu,Q., Berlin,A., Heiman,D., Hepburn,T., Sykes,S., Borenstein,D., Engels,R., Freedman,E., Gellesch,M., Heilman,E., Howarth,C., Jen,D., Larson,L., Lewis,B., Montgomery,P., Park,D., Pearson,M., Richards,J., Roberts,A., Sisk,P., Stolte,C., White,J., Alvarado,L., Champion,M., Godfrey,P., Shenoy,N., Yandava,C., Zeng,Q., Vu,H.T., Nguyen,Q.H., Nguyen,Q.T., Duong,P.H., Simmons,C.P., Wills,B., Nguyen,M.D., Tran,V.N., Tran,H.T., Nguyen,L.T.M., Nguyen,L.P.H., Nusbaum,C., Birren,B.",2005,2009-06-17,ssRNA(+)
GQ199839,dengue virus type I,Orthoflavivirus denguei,,DENV-1/VN/BID-V2859/2006,10690,complete,Viet Nam: South,Homo sapiens,blood,"Henn,M.R., Young,S., Koehrsen,M., Lennon,N., Erlich,R., Anderson,S., Rizzolo,K., Green,L., Ryan,E., Yu,Q., Berlin,A., Heiman,D., Hepburn,T., Sykes,S., Borenstein,D., Engels,R., Freedman,E., Gellesch,M., Heilman,E., Howarth,C., Jen,D., Larson,L., Lewis,B., Montgomery,P., Park,D., Pearson,M., Richards,J., Roberts,A., Sisk,P., Stolte,C., White,J., Alvarado,L., Champion,M., Godfrey,P., Shenoy,N., Yandava,C., Zeng,Q., Vu,H.T., Nguyen,Q.H., Nguyen,Q.T., Duong,P.H., Simmons,C.P., Wills,B., Nguyen,M.D., Tran,V.N., Tran,H.T., Nguyen,L.T.M., Nguyen,L.P.H., Nusbaum,C., Birren,B.",2006,2009-06-17,ssRNA(+)
GQ199840,dengue virus type I,Orthoflavivirus denguei,,DENV-1/VN/BID-V2870/2006,10690,complete,Viet Nam: South,Homo sapiens,blood,"Henn,M.R., Young,S., Koehrsen,M., Lennon,N., Erlich,R., Anderson,S., Rizzolo,K., Green,L., Ryan,E., Yu,Q., Berlin,A., Heiman,D., Hepburn,T., Sykes,S., Borenstein,D., Engels,R., Freedman,E., Gellesch,M., Heilman,E., Howarth,C., Jen,D., Larson,L., Lewis,B., Montgomery,P., Park,D., Pearson,M., Richards,J., Roberts,A., Sisk,P., Stolte,C., White,J., Alvarado,L., Champion,M., Godfrey,P., Shenoy,N., Yandava,C., Zeng,Q., Vu,H.T., Nguyen,Q.H., Nguyen,Q.T., Duong,P.H., Simmons,C.P., Wills,B., Nguyen,M.D., Tran,V.N., Tran,H.T., Nguyen,L.T.M., Nguyen,L.P.H., Nusbaum,C., Birren,B.",2006,2009-06-17,ssRNA(+)
GQ199841,dengue virus type I,Orthoflavivirus denguei,,DENV-1/VN/BID-V2874/2006,10690,complete,Viet Nam: South,Homo sapiens,blood,"Henn,M.R., Young,S., Koehrsen,M., Lennon,N., Erlich,R., Anderson,S., Rizzolo,K., Green,L., Ryan,E., Yu,Q., Berlin,A., Heiman,D., Hepburn,T., Sykes,S., Borenstein,D., Engels,R., Freedman,E., Gellesch,M., Heilman,E., Howarth,C., Jen,D., Larson,L., Lewis,B., Montgomery,P., Park,D., Pearson,M., Richards,J., Roberts,A., Sisk,P., Stolte,C., White,J., Alvarado,L., Champion,M., Godfrey,P., Shenoy,N., Yandava,C., Zeng,Q., Vu,H.T., Nguyen,Q.H., Nguyen,Q.T., Duong,P.H., Simmons,C.P., Wills,B., Nguyen,M.D., Tran,V.N., Tran,H.T., Nguyen,L.T.M., Nguyen,L.P.H., Nusbaum,C., Birren,B.",2006,2009-06-17,ssRNA(+)
GQ199842,dengue virus type I,Orthoflavivirus denguei,,DENV-1/VN/BID-V2875/2006,10690,complete,Viet Nam: South,Homo sapiens,blood,"Henn,M.R., Young,S., Koehrsen,M., Lennon,N., Erlich,R., Anderson,S., Rizzolo,K., Green,L., Ryan,E., Yu,Q., Berlin,A., Heiman,D., Hepburn,T., Sykes,S., Borenstein,D., Engels,R., Freedman,E., Gellesch,M., Heilman,E., Howarth,C., Jen,D., Larson,L., Lewis,B., Montgomery,P., Park,D., Pearson,M., Richards,J., Roberts,A., Sisk,P., Stolte,C., White,J., Alvarado,L., Champion,M., Godfrey,P., Shenoy,N., Yandava,C., Zeng,Q., Vu,H.T., Nguyen,Q.H., Nguyen,Q.T., Duong,P.H., Simmons,C.P., Wills,B., Nguyen,M.D., Tran,V.N., Tran,H.T., Nguyen,L.T.M., Nguyen,L.P.H., Nusbaum,C., Birren,B.",2006,2009-06-17,ssRNA(+)
GQ199843,dengue virus type I,Orthoflavivirus denguei,,DENV-1/VN/BID-V2878/2006,10690,complete,Viet Nam: South,Homo sapiens,blood,"Henn,M.R., Young,S., Koehrsen,M., Lennon,N., Erlich,R., Anderson,S., Rizzolo,K., Green,L., Ryan,E., Yu,Q., Berlin,A., Heiman,D., Hepburn,T., Sykes,S., Borenstein,D., Engels,R., Freedman,E., Gellesch,M., Heilman,E., Howarth,C., Jen,D., Larson,L., Lewis,B., Montgomery,P., Park,D., Pearson,M., Richards,J., Roberts,A., Sisk,P., Stolte,C., White,J., Alvarado,L., Champion,M., Godfrey,P., Shenoy,N., Yandava,C., Zeng,Q., Vu,H.T., Nguyen,Q.H., Nguyen,Q.T., Duong,P.H., Simmons,C.P., Wills,B., Nguyen,M.D., Tran,V.N., Tran,H.T., Nguyen,L.T.M., Nguyen,L.P.H., Nusbaum,C., Birren,B.",2006,2009-06-17,ssRNA(+)
GQ199844,dengue virus type I,Orthoflavivirus denguei,,DENV-1/VN/BID-V2880/2006,10690,complete,Viet Nam: South,Homo sapiens,blood,"Henn,M.R., Young,S., Koehrsen,M., Lennon,N., Erlich,R., Anderson,S., Rizzolo,K., Green,L., Ryan,E., Yu,Q., Berlin,A., Heiman,D., Hepburn,T., Sykes,S., Borenstein,D., Engels,R., Freedman,E., Gellesch,M., Heilman,E., Howarth,C., Jen,D., Larson,L., Lewis,B., Montgomery,P., Park,D., Pearson,M., Richards,J., Roberts,A., Sisk,P., Stolte,C., White,J., Alvarado,L., Champion,M., Godfrey,P., Shenoy,N., Yandava,C., Zeng,Q., Vu,H.T., Nguyen,Q.H., Nguyen,Q.T., Duong,P.H., Simmons,C.P., Wills,B., Nguyen,M.D., Tran,V.N., Tran,H.T., Nguyen,L.T.M., Nguyen,L.P.H., Nusbaum,C., Birren,B.",2006,2009-06-17,ssRNA(+)
GQ199845,dengue virus type I,Orthoflavivirus denguei,,DENV-1/VN/BID-V2881/2006,10690,complete,Viet Nam: South,Homo sapiens,blood,"Henn,M.R., Young,S., Koehrsen,M., Lennon,N., Erlich,R., Anderson,S., Rizzolo,K., Green,L., Ryan,E., Yu,Q., Berlin,A., Heiman,D., Hepburn,T., Sykes,S., Borenstein,D., Engels,R., Freedman,E., Gellesch,M., Heilman,E., Howarth,C., Jen,D., Larson,L., Lewis,B., Montgomery,P., Park,D., Pearson,M., Richards,J., Roberts,A., Sisk,P., Stolte,C., White,J., Alvarado,L., Champion,M., Godfrey,P., Shenoy,N., Yandava,C., Zeng,Q., Vu,H.T., Nguyen,Q.H., Nguyen,Q.T., Duong,P.H., Simmons,C.P., Wills,B., Nguyen,M.D., Tran,V.N., Tran,H.T., Nguyen,L.T.M., Nguyen,L.P.H., Nusbaum,C., Birren,B.",2006,2009-06-17,ssRNA(+)
GQ199846,dengue virus type I,Orthoflavivirus denguei,,DENV-1/VN/BID-V2883/2006,10690,complete,Viet Nam: South,Homo sapiens,blood,"Henn,M.R., Young,S., Koehrsen,M., Lennon,N., Erlich,R., Anderson,S., Rizzolo,K., Green,L., Ryan,E., Yu,Q., Berlin,A., Heiman,D., Hepburn,T., Sykes,S., Borenstein,D., Engels,R., Freedman,E., Gellesch,M., Heilman,E., Howarth,C., Jen,D., Larson,L., Lewis,B., Montgomery,P., Park,D., Pearson,M., Richards,J., Roberts,A., Sisk,P., Stolte,C., White,J., Alvarado,L., Champion,M., Godfrey,P., Shenoy,N., Yandava,C., Zeng,Q., Vu,H.T., Nguyen,Q.H., Nguyen,Q.T., Duong,P.H., Simmons,C.P., Wills,B., Nguyen,M.D., Tran,V.N., Tran,H.T., Nguyen,L.T.M., Nguyen,L.P.H., Nusbaum,C., Birren,B.",2006,2009-06-17,ssRNA(+)
GQ199847,dengue virus type I,Orthoflavivirus denguei,,DENV-1/VN/BID-V2884/2006,10690,complete,Viet Nam: South,Homo sapiens,blood,"Henn,M.R., Young,S., Koehrsen,M., Lennon,N., Erlich,R., Anderson,S., Rizzolo,K., Green,L., Ryan,E., Yu,Q., Berlin,A., Heiman,D., Hepburn,T., Sykes,S., Borenstein,D., Engels,R., Freedman,E., Gellesch,M., Heilman,E., Howarth,C., Jen,D., Larson,L., Lewis,B., Montgomery,P., Park,D., Pearson,M., Richards,J., Roberts,A., Sisk,P., Stolte,C., White,J., Alvarado,L., Champion,M., Godfrey,P., Shenoy,N., Yandava,C., Zeng,Q., Vu,H.T., Nguyen,Q.H., Nguyen,Q.T., Duong,P.H., Simmons,C.P., Wills,B., Nguyen,M.D., Tran,V.N., Tran,H.T., Nguyen,L.T.M., Nguyen,L.P.H., Nusbaum,C., Birren,B.",2006,2009-06-17,ssRNA(+)
GQ199848,dengue virus type I,Orthoflavivirus denguei,,DENV-1/VN/BID-V2885/2006,10690,complete,Viet Nam: South,Homo sapiens,blood,"Henn,M.R., Young,S., Koehrsen,M., Lennon,N., Erlich,R., Anderson,S., Rizzolo,K., Green,L., Ryan,E., Yu,Q., Berlin,A., Heiman,D., Hepburn,T., Sykes,S., Borenstein,D., Engels,R., Freedman,E., Gellesch,M., Heilman,E., Howarth,C., Jen,D., Larson,L., Lewis,B., Montgomery,P., Park,D., Pearson,M., Richards,J., Roberts,A., Sisk,P., Stolte,C., White,J., Alvarado,L., Champion,M., Godfrey,P., Shenoy,N., Yandava,C., Zeng,Q., Vu,H.T., Nguyen,Q.H., Nguyen,Q.T., Duong,P.H., Simmons,C.P., Wills,B., Nguyen,M.D., Tran,V.N., Tran,H.T., Nguyen,L.T.M., Nguyen,L.P.H., Nusbaum,C., Birren,B.",2006,2009-06-17,ssRNA(+)
GQ199849,dengue virus type I,Orthoflavivirus denguei,,DENV-1/VN/BID-V2886/2006,10673,complete,Viet Nam: South,Homo sapiens,blood,"Henn,M.R., Young,S., Koehrsen,M., Lennon,N., Erlich,R., Anderson,S., Rizzolo,K., Green,L., Ryan,E., Yu,Q., Berlin,A., Heiman,D., Hepburn,T., Sykes,S., Borenstein,D., Engels,R., Freedman,E., Gellesch,M., Heilman,E., Howarth,C., Jen,D., Larson,L., Lewis,B., Montgomery,P., Park,D., Pearson,M., Richards,J., Roberts,A., Sisk,P., Stolte,C., White,J., Alvarado,L., Champion,M., Godfrey,P., Shenoy,N., Yandava,C., Zeng,Q., Vu,H.T., Nguyen,Q.H., Nguyen,Q.T., Duong,P.H., Simmons,C.P., Wills,B., Nguyen,M.D., Tran,V.N., Tran,H.T., Nguyen,L.T.M., Nguyen,L.P.H., Nusbaum,C., Birren,B.",2006,2009-06-17,ssRNA(+)
GQ199850,dengue virus type I,Orthoflavivirus denguei,,DENV-1/VN/BID-V2887/2006,10689,complete,Viet Nam: South,Homo sapiens,blood,"Henn,M.R., Young,S., Koehrsen,M., Lennon,N., Erlich,R., Anderson,S., Rizzolo,K., Green,L., Ryan,E., Yu,Q., Berlin,A., Heiman,D., Hepburn,T., Sykes,S., Borenstein,D., Engels,R., Freedman,E., Gellesch,M., Heilman,E., Howarth,C., Jen,D., Larson,L., Lewis,B., Montgomery,P., Park,D., Pearson,M., Richards,J., Roberts,A., Sisk,P., Stolte,C., White,J., Alvarado,L., Champion,M., Godfrey,P., Shenoy,N., Yandava,C., Zeng,Q., Vu,H.T., Nguyen,Q.H., Nguyen,Q.T., Duong,P.H., Simmons,C.P., Wills,B., Nguyen,M.D., Tran,V.N., Tran,H.T., Nguyen,L.T.M., Nguyen,L.P.H., Nusbaum,C., Birren,B.",2006,2009-06-17,ssRNA(+)
GQ199851,dengue virus type I,Orthoflavivirus denguei,,DENV-1/VN/BID-V2890/2006,10690,complete,Viet Nam: South,Homo sapiens,blood,"Henn,M.R., Young,S., Koehrsen,M., Lennon,N., Erlich,R., Anderson,S., Rizzolo,K., Green,L., Ryan,E., Yu,Q., Berlin,A., Heiman,D., Hepburn,T., Sykes,S., Borenstein,D., Engels,R., Freedman,E., Gellesch,M., Heilman,E., Howarth,C., Jen,D., Larson,L., Lewis,B., Montgomery,P., Park,D., Pearson,M., Richards,J., Roberts,A., Sisk,P., Stolte,C., White,J., Alvarado,L., Champion,M., Godfrey,P., Shenoy,N., Yandava,C., Zeng,Q., Vu,H.T., Nguyen,Q.H., Nguyen,Q.T., Duong,P.H., Simmons,C.P., Wills,B., Nguyen,M.D., Tran,V.N., Tran,H.T., Nguyen,L.T.M., Nguyen,L.P.H., Nusbaum,C., Birren,B.",2006,2009-06-17,ssRNA(+)
GQ199852,dengue virus type I,Orthoflavivirus denguei,,DENV-1/VN/BID-V2893/2006,10689,complete,Viet Nam: South,Homo sapiens,blood,"Henn,M.R., Young,S., Koehrsen,M., Lennon,N., Erlich,R., Anderson,S., Rizzolo,K., Green,L., Ryan,E., Yu,Q., Berlin,A., Heiman,D., Hepburn,T., Sykes,S., Borenstein,D., Engels,R., Freedman,E., Gellesch,M., Heilman,E., Howarth,C., Jen,D., Larson,L., Lewis,B., Montgomery,P., Park,D., Pearson,M., Richards,J., Roberts,A., Sisk,P., Stolte,C., White,J., Alvarado,L., Champion,M., Godfrey,P., Shenoy,N., Yandava,C., Zeng,Q., Vu,H.T., Nguyen,Q.H., Nguyen,Q.T., Duong,P.H., Simmons,C.P., Wills,B., Nguyen,M.D., Tran,V.N., Tran,H.T., Nguyen,L.T.M., Nguyen,L.P.H., Nusbaum,C., Birren,B.",2006,2009-06-17,ssRNA(+)
GQ199853,dengue virus type I,Orthoflavivirus denguei,,DENV-1/VN/BID-V2897/2006,10690,complete,Viet Nam: South,Homo sapiens,blood,"Henn,M.R., Young,S., Koehrsen,M., Lennon,N., Erlich,R., Anderson,S., Rizzolo,K., Green,L., Ryan,E., Yu,Q., Berlin,A., Heiman,D., Hepburn,T., Sykes,S., Borenstein,D., Engels,R., Freedman,E., Gellesch,M., Heilman,E., Howarth,C., Jen,D., Larson,L., Lewis,B., Montgomery,P., Park,D., Pearson,M., Richards,J., Roberts,A., Sisk,P., Stolte,C., White,J., Alvarado,L., Champion,M., Godfrey,P., Shenoy,N., Yandava,C., Zeng,Q., Vu,H.T., Nguyen,Q.H., Nguyen,Q.T., Duong,P.H., Simmons,C.P., Wills,B., Nguyen,M.D., Tran,V.N., Tran,H.T., Nguyen,L.T.M., Nguyen,L.P.H., Nusbaum,C., Birren,B.",2006,2009-06-17,ssRNA(+)
GQ199854,dengue virus type I,Orthoflavivirus denguei,,DENV-1/VN/BID-V2898/2006,10690,complete,Viet Nam: South,Homo sapiens,blood,"Henn,M.R., Young,S., Koehrsen,M., Lennon,N., Erlich,R., Anderson,S., Rizzolo,K., Green,L., Ryan,E., Yu,Q., Berlin,A., Heiman,D., Hepburn,T., Sykes,S., Borenstein,D., Engels,R., Freedman,E., Gellesch,M., Heilman,E., Howarth,C., Jen,D., Larson,L., Lewis,B., Montgomery,P., Park,D., Pearson,M., Richards,J., Roberts,A., Sisk,P., Stolte,C., White,J., Alvarado,L., Champion,M., Godfrey,P., Shenoy,N., Yandava,C., Zeng,Q., Vu,H.T., Nguyen,Q.H., Nguyen,Q.T., Duong,P.H., Simmons,C.P., Wills,B., Nguyen,M.D., Tran,V.N., Tran,H.T., Nguyen,L.T.M., Nguyen,L.P.H., Nusbaum,C., Birren,B.",2006,2009-06-17,ssRNA(+)
GQ199855,dengue virus type I,Orthoflavivirus denguei,,DENV-1/VN/BID-V2902/2006,10688,complete,Viet Nam: South,Homo sapiens,blood,"Henn,M.R., Young,S., Koehrsen,M., Lennon,N., Erlich,R., Anderson,S., Rizzolo,K., Green,L., Ryan,E., Yu,Q., Berlin,A., Heiman,D., Hepburn,T., Sykes,S., Borenstein,D., Engels,R., Freedman,E., Gellesch,M., Heilman,E., Howarth,C., Jen,D., Larson,L., Lewis,B., Montgomery,P., Park,D., Pearson,M., Richards,J., Roberts,A., Sisk,P., Stolte,C., White,J., Alvarado,L., Champion,M., Godfrey,P., Shenoy,N., Yandava,C., Zeng,Q., Vu,H.T., Nguyen,Q.H., Nguyen,Q.T., Duong,P.H., Simmons,C.P., Wills,B., Nguyen,M.D., Tran,V.N., Tran,H.T., Nguyen,L.T.M., Nguyen,L.P.H., Nusbaum,C., Birren,B.",2006,2009-06-17,ssRNA(+)
GQ199856,dengue virus type I,Orthoflavivirus denguei,,DENV-1/VN/BID-V2913/2006,10690,complete,Viet Nam: South,Homo sapiens,blood,"Henn,M.R., Young,S., Koehrsen,M., Lennon,N., Erlich,R., Anderson,S., Rizzolo,K., Green,L., Ryan,E., Yu,Q., Berlin,A., Heiman,D., Hepburn,T., Sykes,S., Borenstein,D., Engels,R., Freedman,E., Gellesch,M., Heilman,E., Howarth,C., Jen,D., Larson,L., Lewis,B., Montgomery,P., Park,D., Pearson,M., Richards,J., Roberts,A., Sisk,P., Stolte,C., White,J., Alvarado,L., Champion,M., Godfrey,P., Shenoy,N., Yandava,C., Zeng,Q., Vu,H.T., Nguyen,Q.H., Nguyen,Q.T., Duong,P.H., Simmons,C.P., Wills,B., Nguyen,M.D., Tran,V.N., Tran,H.T., Nguyen,L.T.M., Nguyen,L.P.H., Nusbaum,C., Birren,B.",2006,2009-06-17,ssRNA(+)
FJ432724,Dengue virus type 2,Orthoflavivirus denguei,,DENV-2/VN/BID-V1777/2007,10663,complete,Viet Nam: South,Homo sapiens,blood,"Henn,M.R., Young,S., Kodira,C., Koehrsen,M., Jaffe,D., Berlin,A., Heiman,D., Hepburn,T., Sykes,S., Borenstein,D., Engels,R., Freedman,E., Gellesch,M., Howarth,C., Jen,D., Larson,L., Lewis,B., Montgomery,P., Park,D., Pearson,M., Richards,J., Roberts,A., Sisk,P., Stolte,C., White,J., Zeng,Q., Yandava,C., Oleary,S., Alvarado,L., Alvarez,P., Brockman,W., Butler,J., Gnerre,S., Grabherr,M., Kleber,M., Mauceli,E., MacCallum,I., Vu,H.T., Nguyen,Q.H., Nguyen,Q.T., Duong,P.H., Tran,H.T., Nguyen,L.T.M., Nguyen,L.P.H., Lander,E., Galagan,J., Nusbaum,C., Simmons,C.P., Birren,B.",2007,2009-05-05,ssRNA(+)
FJ461320,dengue virus type I,Orthoflavivirus denguei,,DENV-1/VN/BID-V1871/2007,10690,complete,Viet Nam: South,Homo sapiens,blood,"Henn,M.R., Young,S., Kodira,C., Koehrsen,M., Jaffe,D., Berlin,A., Heiman,D., Hepburn,T., Sykes,S., Borenstein,D., Engels,R., Freedman,E., Gellesch,M., Howarth,C., Jen,D., Larson,L., Lewis,B., Montgomery,P., Park,D., Pearson,M., Richards,J., Roberts,A., Sisk,P., Stolte,C., White,J., Zeng,Q., Yandava,C., Oleary,S., Alvarado,L., Alvarez,P., Brockman,W., Butler,J., Gnerre,S., Grabherr,M., Kleber,M., Mauceli,E., MacCallum,I., Vu,H.T., Nguyen,Q.H., Nguyen,Q.T., Duong,P.H., Tran,H.T., Nguyen,L.T.M., Nguyen,L.P.H., Lander,E., Galagan,J., Nusbaum,C., Simmons,C.P., Birren,B.",2007,2009-05-05,ssRNA(+)
FJ461328,dengue virus type I,Orthoflavivirus denguei,,DENV-1/VN/BID-V1893/2007,10690,complete,Viet Nam: South,Homo sapiens,blood,"Henn,M.R., Young,S., Kodira,C., Koehrsen,M., Jaffe,D., Berlin,A., Heiman,D., Hepburn,T., Sykes,S., Borenstein,D., Engels,R., Freedman,E., Gellesch,M., Howarth,C., Jen,D., Larson,L., Lewis,B., Montgomery,P., Park,D., Pearson,M., Richards,J., Roberts,A., Sisk,P., Stolte,C., White,J., Zeng,Q., Yandava,C., Oleary,S., Alvarado,L., Alvarez,P., Brockman,W., Butler,J., Gnerre,S., Grabherr,M., Kleber,M., Mauceli,E., MacCallum,I., Vu,H.T., Nguyen,Q.H., Nguyen,Q.T., Duong,P.H., Tran,H.T., Nguyen,L.T.M., Nguyen,L.P.H., Lander,E., Galagan,J., Nusbaum,C., Simmons,C.P., Birren,B.",2007,2009-05-05,ssRNA(+)
FJ859028,Dengue virus type 2,Orthoflavivirus denguei,,DENV-2/VN/BID-V1796/2007,10663,complete,Viet Nam: South,Homo sapiens,blood,"Henn,M.R., Young,S., Koehrsen,M., Jaffe,D., Lennon,N., Erlich,R., Anderson,S., Rizzolo,K., Green,L., Ryan,E., Yu,Q., Berlin,A., Heiman,D., Hepburn,T., Sykes,S., Borenstein,D., Engels,R., Freedman,E., Gellesch,M., Heilman,E., Howarth,C., Jen,D., Larson,L., Lewis,B., Montgomery,P., Park,D., Pearson,M., Richards,J., Roberts,A., Sisk,P., Stolte,C., White,J., Alvarado,L., Champion,M., Godfrey,P., Shenoy,N., Yandava,C., Zeng,Q., Alvarez,P., Brockman,W., Butler,J., Gnerre,S., Grabherr,M., Kleber,M., Mauceli,E., MacCallum,I., Vu,H.T., Nguyen,Q.H., Nguyen,Q.T., Duong,P.H., Tran,H.T., Nguyen,L.T.M., Nguyen,L.P.H., Nusbaum,C., Simmons,C.P., Birren,B.",2007,2009-05-05,ssRNA(+)
FJ859029,dengue virus type I,Orthoflavivirus denguei,,DENV-1/VN/BID-V1880/2007,10676,complete,Viet Nam: South,Homo sapiens,blood,"Henn,M.R., Young,S., Koehrsen,M., Jaffe,D., Lennon,N., Erlich,R., Anderson,S., Rizzolo,K., Green,L., Ryan,E., Yu,Q., Berlin,A., Heiman,D., Hepburn,T., Sykes,S., Borenstein,D., Engels,R., Freedman,E., Gellesch,M., Heilman,E., Howarth,C., Jen,D., Larson,L., Lewis,B., Montgomery,P., Park,D., Pearson,M., Richards,J., Roberts,A., Sisk,P., Stolte,C., White,J., Alvarado,L., Champion,M., Godfrey,P., Shenoy,N., Yandava,C., Zeng,Q., Alvarez,P., Brockman,W., Butler,J., Gnerre,S., Grabherr,M., Kleber,M., Mauceli,E., MacCallum,I., Vu,H.T., Nguyen,Q.H., Nguyen,Q.T., Duong,P.H., Tran,H.T., Nguyen,L.T.M., Nguyen,L.P.H., Nusbaum,C., Simmons,C.P., Birren,B.",2007,2009-05-05,ssRNA(+)
FJ873811,Dengue virus type 2,Orthoflavivirus denguei,,DENV-2/VN/BID-V922/2006,10678,complete,Viet Nam: South,Homo sapiens,blood,"Henn,M.R., Young,S., Kodira,C., Koehrsen,M., Jaffe,D., Berlin,A., Heiman,D., Hepburn,T., Sykes,S., Borenstein,D., Engels,R., Freedman,E., Howarth,C., Jen,D., Larson,L., Lewis,B., Montgomery,P., Park,D., Pearson,M., Roberts,A., Sisk,P., Stolte,C., White,J., Zeng,Q., Yandava,C., Oleary,S., Alvarado,L., Alvarez,P., Brockman,W., Butler,J., Gnerre,S., Grabherr,M., Kleber,M., Mauceli,E., MacCallum,I., Vu,H.T., Nguyen,Q.H., Nguyen,Q.T., Duong,P.H., Lander,E., Galagan,J., Nusbaum,C., Simmons,C.P., Birren,B.",2006,2009-05-05,ssRNA(+)
FJ882515,dengue virus type I,Orthoflavivirus denguei,,DENV-1/VN/BID-V2684/2006,10688,complete,Viet Nam: South,Homo sapiens,blood,"Henn,M.R., Young,S., Koehrsen,M., Jaffe,D., Lennon,N., Erlich,R., Anderson,S., Rizzolo,K., Green,L., Ryan,E., Yu,Q., Berlin,A., Heiman,D., Hepburn,T., Sykes,S., Borenstein,D., Engels,R., Freedman,E., Gellesch,M., Heilman,E., Howarth,C., Jen,D., Larson,L., Lewis,B., Montgomery,P., Park,D., Pearson,M., Richards,J., Roberts,A., Sisk,P., Stolte,C., White,J., Alvarado,L., Champion,M., Godfrey,P., Shenoy,N., Yandava,C., Zeng,Q., Alvarez,P., Brockman,W., Butler,J., Gnerre,S., Grabherr,M., Kleber,M., Mauceli,E., MacCallum,I., Vu,H.T., Nguyen,Q.H., Nguyen,Q.T., Duong,P.H., Simmons,C.P., Wills,B., Nguyen,M.D., Tran,V.N., Tran,H.T., Nguyen,L.T.M., Nguyen,L.P.H., Nusbaum,C., Birren,B.",2006,2009-05-05,ssRNA(+)
FJ882516,dengue virus type I,Orthoflavivirus denguei,,DENV-1/VN/BID-V2685/2006,10690,complete,Viet Nam: South,Homo sapiens,blood,"Henn,M.R., Young,S., Koehrsen,M., Jaffe,D., Lennon,N., Erlich,R., Anderson,S., Rizzolo,K., Green,L., Ryan,E., Yu,Q., Berlin,A., Heiman,D., Hepburn,T., Sykes,S., Borenstein,D., Engels,R., Freedman,E., Gellesch,M., Heilman,E., Howarth,C., Jen,D., Larson,L., Lewis,B., Montgomery,P., Park,D., Pearson,M., Richards,J., Roberts,A., Sisk,P., Stolte,C., White,J., Alvarado,L., Champion,M., Godfrey,P., Shenoy,N., Yandava,C., Zeng,Q., Alvarez,P., Brockman,W., Butler,J., Gnerre,S., Grabherr,M., Kleber,M., Mauceli,E., MacCallum,I., Vu,H.T., Nguyen,Q.H., Nguyen,Q.T., Duong,P.H., Simmons,C.P., Wills,B., Nguyen,M.D., Tran,V.N., Tran,H.T., Nguyen,L.T.M., Nguyen,L.P.H., Nusbaum,C., Birren,B.",2006,2009-05-05,ssRNA(+)
FJ882517,dengue virus type I,Orthoflavivirus denguei,,DENV-1/VN/BID-V2686/2006,10688,complete,Viet Nam: South,Homo sapiens,blood,"Henn,M.R., Young,S., Koehrsen,M., Jaffe,D., Lennon,N., Erlich,R., Anderson,S., Rizzolo,K., Green,L., Ryan,E., Yu,Q., Berlin,A., Heiman,D., Hepburn,T., Sykes,S., Borenstein,D., Engels,R., Freedman,E., Gellesch,M., Heilman,E., Howarth,C., Jen,D., Larson,L., Lewis,B., Montgomery,P., Park,D., Pearson,M., Richards,J., Roberts,A., Sisk,P., Stolte,C., White,J., Alvarado,L., Champion,M., Godfrey,P., Shenoy,N., Yandava,C., Zeng,Q., Alvarez,P., Brockman,W., Butler,J., Gnerre,S., Grabherr,M., Kleber,M., Mauceli,E., MacCallum,I., Vu,H.T., Nguyen,Q.H., Nguyen,Q.T., Duong,P.H., Simmons,C.P., Wills,B., Nguyen,M.D., Tran,V.N., Tran,H.T., Nguyen,L.T.M., Nguyen,L.P.H., Nusbaum,C., Birren,B.",2006,2009-05-05,ssRNA(+)
FJ882518,dengue virus type I,Orthoflavivirus denguei,,DENV-1/VN/BID-V2691/2006,10684,complete,Viet Nam: South,Homo sapiens,blood,"Henn,M.R., Young,S., Koehrsen,M., Jaffe,D., Lennon,N., Erlich,R., Anderson,S., Rizzolo,K., Green,L., Ryan,E., Yu,Q., Berlin,A., Heiman,D., Hepburn,T., Sykes,S., Borenstein,D., Engels,R., Freedman,E., Gellesch,M., Heilman,E., Howarth,C., Jen,D., Larson,L., Lewis,B., Montgomery,P., Park,D., Pearson,M., Richards,J., Roberts,A., Sisk,P., Stolte,C., White,J., Alvarado,L., Champion,M., Godfrey,P., Shenoy,N., Yandava,C., Zeng,Q., Alvarez,P., Brockman,W., Butler,J., Gnerre,S., Grabherr,M., Kleber,M., Mauceli,E., MacCallum,I., Vu,H.T., Nguyen,Q.H., Nguyen,Q.T., Duong,P.H., Simmons,C.P., Wills,B., Nguyen,M.D., Tran,V.N., Tran,H.T., Nguyen,L.T.M., Nguyen,L.P.H., Nusbaum,C., Birren,B.",2006,2009-05-05,ssRNA(+)
FJ882519,dengue virus type I,Orthoflavivirus denguei,,DENV-1/VN/BID-V2693/2006,10690,complete,Viet Nam: South,Homo sapiens,blood,"Henn,M.R., Young,S., Koehrsen,M., Jaffe,D., Lennon,N., Erlich,R., Anderson,S., Rizzolo,K., Green,L., Ryan,E., Yu,Q., Berlin,A., Heiman,D., Hepburn,T., Sykes,S., Borenstein,D., Engels,R., Freedman,E., Gellesch,M., Heilman,E., Howarth,C., Jen,D., Larson,L., Lewis,B., Montgomery,P., Park,D., Pearson,M., Richards,J., Roberts,A., Sisk,P., Stolte,C., White,J., Alvarado,L., Champion,M., Godfrey,P., Shenoy,N., Yandava,C., Zeng,Q., Alvarez,P., Brockman,W., Butler,J., Gnerre,S., Grabherr,M., Kleber,M., Mauceli,E., MacCallum,I., Vu,H.T., Nguyen,Q.H., Nguyen,Q.T., Duong,P.H., Simmons,C.P., Wills,B., Nguyen,M.D., Tran,V.N., Tran,H.T., Nguyen,L.T.M., Nguyen,L.P.H., Nusbaum,C., Birren,B.",2006,2009-05-05,ssRNA(+)
FJ882520,dengue virus type I,Orthoflavivirus denguei,,DENV-1/VN/BID-V2694/2006,10690,complete,Viet Nam: South,Homo sapiens,blood,"Henn,M.R., Young,S., Koehrsen,M., Jaffe,D., Lennon,N., Erlich,R., Anderson,S., Rizzolo,K., Green,L., Ryan,E., Yu,Q., Berlin,A., Heiman,D., Hepburn,T., Sykes,S., Borenstein,D., Engels,R., Freedman,E., Gellesch,M., Heilman,E., Howarth,C., Jen,D., Larson,L., Lewis,B., Montgomery,P., Park,D., Pearson,M., Richards,J., Roberts,A., Sisk,P., Stolte,C., White,J., Alvarado,L., Champion,M., Godfrey,P., Shenoy,N., Yandava,C., Zeng,Q., Alvarez,P., Brockman,W., Butler,J., Gnerre,S., Grabherr,M., Kleber,M., Mauceli,E., MacCallum,I., Vu,H.T., Nguyen,Q.H., Nguyen,Q.T., Duong,P.H., Simmons,C.P., Wills,B., Nguyen,M.D., Tran,V.N., Tran,H.T., Nguyen,L.T.M., Nguyen,L.P.H., Nusbaum,C., Birren,B.",2006,2009-05-05,ssRNA(+)
FJ882521,dengue virus type I,Orthoflavivirus denguei,,DENV-1/VN/BID-V2695/2006,10690,complete,Viet Nam: South,Homo sapiens,blood,"Henn,M.R., Young,S., Koehrsen,M., Jaffe,D., Lennon,N., Erlich,R., Anderson,S., Rizzolo,K., Green,L., Ryan,E., Yu,Q., Berlin,A., Heiman,D., Hepburn,T., Sykes,S., Borenstein,D., Engels,R., Freedman,E., Gellesch,M., Heilman,E., Howarth,C., Jen,D., Larson,L., Lewis,B., Montgomery,P., Park,D., Pearson,M., Richards,J., Roberts,A., Sisk,P., Stolte,C., White,J., Alvarado,L., Champion,M., Godfrey,P., Shenoy,N., Yandava,C., Zeng,Q., Alvarez,P., Brockman,W., Butler,J., Gnerre,S., Grabherr,M., Kleber,M., Mauceli,E., MacCallum,I., Vu,H.T., Nguyen,Q.H., Nguyen,Q.T., Duong,P.H., Simmons,C.P., Wills,B., Nguyen,M.D., Tran,V.N., Tran,H.T., Nguyen,L.T.M., Nguyen,L.P.H., Nusbaum,C., Birren,B.",2006,2009-05-05,ssRNA(+)
FJ882522,dengue virus type I,Orthoflavivirus denguei,,DENV-1/VN/BID-V2696/2006,10690,complete,Viet Nam: South,Homo sapiens,blood,"Henn,M.R., Young,S., Koehrsen,M., Jaffe,D., Lennon,N., Erlich,R., Anderson,S., Rizzolo,K., Green,L., Ryan,E., Yu,Q., Berlin,A., Heiman,D., Hepburn,T., Sykes,S., Borenstein,D., Engels,R., Freedman,E., Gellesch,M., Heilman,E., Howarth,C., Jen,D., Larson,L., Lewis,B., Montgomery,P., Park,D., Pearson,M., Richards,J., Roberts,A., Sisk,P., Stolte,C., White,J., Alvarado,L., Champion,M., Godfrey,P., Shenoy,N., Yandava,C., Zeng,Q., Alvarez,P., Brockman,W., Butler,J., Gnerre,S., Grabherr,M., Kleber,M., Mauceli,E., MacCallum,I., Vu,H.T., Nguyen,Q.H., Nguyen,Q.T., Duong,P.H., Simmons,C.P., Wills,B., Nguyen,M.D., Tran,V.N., Tran,H.T., Nguyen,L.T.M., Nguyen,L.P.H., Nusbaum,C., Birren,B.",2006,2009-05-05,ssRNA(+)
FJ882523,dengue virus type I,Orthoflavivirus denguei,,DENV-1/VN/BID-V2697/2006,10690,complete,Viet Nam: South,Homo sapiens,blood,"Henn,M.R., Young,S., Koehrsen,M., Jaffe,D., Lennon,N., Erlich,R., Anderson,S., Rizzolo,K., Green,L., Ryan,E., Yu,Q., Berlin,A., Heiman,D., Hepburn,T., Sykes,S., Borenstein,D., Engels,R., Freedman,E., Gellesch,M., Heilman,E., Howarth,C., Jen,D., Larson,L., Lewis,B., Montgomery,P., Park,D., Pearson,M., Richards,J., Roberts,A., Sisk,P., Stolte,C., White,J., Alvarado,L., Champion,M., Godfrey,P., Shenoy,N., Yandava,C., Zeng,Q., Alvarez,P., Brockman,W., Butler,J., Gnerre,S., Grabherr,M., Kleber,M., Mauceli,E., MacCallum,I., Vu,H.T., Nguyen,Q.H., Nguyen,Q.T., Duong,P.H., Simmons,C.P., Wills,B., Nguyen,M.D., Tran,V.N., Tran,H.T., Nguyen,L.T.M., Nguyen,L.P.H., Nusbaum,C., Birren,B.",2006,2009-05-05,ssRNA(+)
FJ882524,dengue virus type I,Orthoflavivirus denguei,,DENV-1/VN/BID-V2698/2006,10690,complete,Viet Nam: South,Homo sapiens,blood,"Henn,M.R., Young,S., Koehrsen,M., Jaffe,D., Lennon,N., Erlich,R., Anderson,S., Rizzolo,K., Green,L., Ryan,E., Yu,Q., Berlin,A., Heiman,D., Hepburn,T., Sykes,S., Borenstein,D., Engels,R., Freedman,E., Gellesch,M., Heilman,E., Howarth,C., Jen,D., Larson,L., Lewis,B., Montgomery,P., Park,D., Pearson,M., Richards,J., Roberts,A., Sisk,P., Stolte,C., White,J., Alvarado,L., Champion,M., Godfrey,P., Shenoy,N., Yandava,C., Zeng,Q., Alvarez,P., Brockman,W., Butler,J., Gnerre,S., Grabherr,M., Kleber,M., Mauceli,E., MacCallum,I., Vu,H.T., Nguyen,Q.H., Nguyen,Q.T., Duong,P.H., Simmons,C.P., Wills,B., Nguyen,M.D., Tran,V.N., Tran,H.T., Nguyen,L.T.M., Nguyen,L.P.H., Nusbaum,C., Birren,B.",2006,2009-05-05,ssRNA(+)
FJ882525,dengue virus type I,Orthoflavivirus denguei,,DENV-1/VN/BID-V2699/2006,10690,complete,Viet Nam: South,Homo sapiens,blood,"Henn,M.R., Young,S., Koehrsen,M., Jaffe,D., Lennon,N., Erlich,R., Anderson,S., Rizzolo,K., Green,L., Ryan,E., Yu,Q., Berlin,A., Heiman,D., Hepburn,T., Sykes,S., Borenstein,D., Engels,R., Freedman,E., Gellesch,M., Heilman,E., Howarth,C., Jen,D., Larson,L., Lewis,B., Montgomery,P., Park,D., Pearson,M., Richards,J., Roberts,A., Sisk,P., Stolte,C., White,J., Alvarado,L., Champion,M., Godfrey,P., Shenoy,N., Yandava,C., Zeng,Q., Alvarez,P., Brockman,W., Butler,J., Gnerre,S., Grabherr,M., Kleber,M., Mauceli,E., MacCallum,I., Vu,H.T., Nguyen,Q.H., Nguyen,Q.T., Duong,P.H., Simmons,C.P., Wills,B., Nguyen,M.D., Tran,V.N., Tran,H.T., Nguyen,L.T.M., Nguyen,L.P.H., Nusbaum,C., Birren,B.",2006,2009-05-05,ssRNA(+)
FJ882526,dengue virus type I,Orthoflavivirus denguei,,DENV-1/VN/BID-V2700/2006,10690,complete,Viet Nam: South,Homo sapiens,blood,"Henn,M.R., Young,S., Koehrsen,M., Jaffe,D., Lennon,N., Erlich,R., Anderson,S., Rizzolo,K., Green,L., Ryan,E., Yu,Q., Berlin,A., Heiman,D., Hepburn,T., Sykes,S., Borenstein,D., Engels,R., Freedman,E., Gellesch,M., Heilman,E., Howarth,C., Jen,D., Larson,L., Lewis,B., Montgomery,P., Park,D., Pearson,M., Richards,J., Roberts,A., Sisk,P., Stolte,C., White,J., Alvarado,L., Champion,M., Godfrey,P., Shenoy,N., Yandava,C., Zeng,Q., Alvarez,P., Brockman,W., Butler,J., Gnerre,S., Grabherr,M., Kleber,M., Mauceli,E., MacCallum,I., Vu,H.T., Nguyen,Q.H., Nguyen,Q.T., Duong,P.H., Simmons,C.P., Wills,B., Nguyen,M.D., Tran,V.N., Tran,H.T., Nguyen,L.T.M., Nguyen,L.P.H., Nusbaum,C., Birren,B.",2006,2009-05-05,ssRNA(+)
FJ882527,dengue virus type I,Orthoflavivirus denguei,,DENV-1/VN/BID-V2701/2006,10690,complete,Viet Nam: South,Homo sapiens,blood,"Henn,M.R., Young,S., Koehrsen,M., Jaffe,D., Lennon,N., Erlich,R., Anderson,S., Rizzolo,K., Green,L., Ryan,E., Yu,Q., Berlin,A., Heiman,D., Hepburn,T., Sykes,S., Borenstein,D., Engels,R., Freedman,E., Gellesch,M., Heilman,E., Howarth,C., Jen,D., Larson,L., Lewis,B., Montgomery,P., Park,D., Pearson,M., Richards,J., Roberts,A., Sisk,P., Stolte,C., White,J., Alvarado,L., Champion,M., Godfrey,P., Shenoy,N., Yandava,C., Zeng,Q., Alvarez,P., Brockman,W., Butler,J., Gnerre,S., Grabherr,M., Kleber,M., Mauceli,E., MacCallum,I., Vu,H.T., Nguyen,Q.H., Nguyen,Q.T., Duong,P.H., Simmons,C.P., Wills,B., Nguyen,M.D., Tran,V.N., Tran,H.T., Nguyen,L.T.M., Nguyen,L.P.H., Nusbaum,C., Birren,B.",2006,2009-05-05,ssRNA(+)
FJ882528,dengue virus type I,Orthoflavivirus denguei,,DENV-1/VN/BID-V2702/2006,10690,complete,Viet Nam: South,Homo sapiens,blood,"Henn,M.R., Young,S., Koehrsen,M., Jaffe,D., Lennon,N., Erlich,R., Anderson,S., Rizzolo,K., Green,L., Ryan,E., Yu,Q., Berlin,A., Heiman,D., Hepburn,T., Sykes,S., Borenstein,D., Engels,R., Freedman,E., Gellesch,M., Heilman,E., Howarth,C., Jen,D., Larson,L., Lewis,B., Montgomery,P., Park,D., Pearson,M., Richards,J., Roberts,A., Sisk,P., Stolte,C., White,J., Alvarado,L., Champion,M., Godfrey,P., Shenoy,N., Yandava,C., Zeng,Q., Alvarez,P., Brockman,W., Butler,J., Gnerre,S., Grabherr,M., Kleber,M., Mauceli,E., MacCallum,I., Vu,H.T., Nguyen,Q.H., Nguyen,Q.T., Duong,P.H., Simmons,C.P., Wills,B., Nguyen,M.D., Tran,V.N., Tran,H.T., Nguyen,L.T.M., Nguyen,L.P.H., Nusbaum,C., Birren,B.",2006,2009-05-05,ssRNA(+)
FJ882529,dengue virus type I,Orthoflavivirus denguei,,DENV-1/VN/BID-V2703/2006,10690,complete,Viet Nam: South,Homo sapiens,blood,"Henn,M.R., Young,S., Koehrsen,M., Jaffe,D., Lennon,N., Erlich,R., Anderson,S., Rizzolo,K., Green,L., Ryan,E., Yu,Q., Berlin,A., Heiman,D., Hepburn,T., Sykes,S., Borenstein,D., Engels,R., Freedman,E., Gellesch,M., Heilman,E., Howarth,C., Jen,D., Larson,L., Lewis,B., Montgomery,P., Park,D., Pearson,M., Richards,J., Roberts,A., Sisk,P., Stolte,C., White,J., Alvarado,L., Champion,M., Godfrey,P., Shenoy,N., Yandava,C., Zeng,Q., Alvarez,P., Brockman,W., Butler,J., Gnerre,S., Grabherr,M., Kleber,M., Mauceli,E., MacCallum,I., Vu,H.T., Nguyen,Q.H., Nguyen,Q.T., Duong,P.H., Simmons,C.P., Wills,B., Nguyen,M.D., Tran,V.N., Tran,H.T., Nguyen,L.T.M., Nguyen,L.P.H., Nusbaum,C., Birren,B.",2006,2009-05-05,ssRNA(+)
FJ882530,dengue virus type I,Orthoflavivirus denguei,,DENV-1/VN/BID-V2704/2006,10690,complete,Viet Nam: South,Homo sapiens,blood,"Henn,M.R., Young,S., Koehrsen,M., Jaffe,D., Lennon,N., Erlich,R., Anderson,S., Rizzolo,K., Green,L., Ryan,E., Yu,Q., Berlin,A., Heiman,D., Hepburn,T., Sykes,S., Borenstein,D., Engels,R., Freedman,E., Gellesch,M., Heilman,E., Howarth,C., Jen,D., Larson,L., Lewis,B., Montgomery,P., Park,D., Pearson,M., Richards,J., Roberts,A., Sisk,P., Stolte,C., White,J., Alvarado,L., Champion,M., Godfrey,P., Shenoy,N., Yandava,C., Zeng,Q., Alvarez,P., Brockman,W., Butler,J., Gnerre,S., Grabherr,M., Kleber,M., Mauceli,E., MacCallum,I., Vu,H.T., Nguyen,Q.H., Nguyen,Q.T., Duong,P.H., Simmons,C.P., Wills,B., Nguyen,M.D., Tran,V.N., Tran,H.T., Nguyen,L.T.M., Nguyen,L.P.H., Nusbaum,C., Birren,B.",2006,2009-05-05,ssRNA(+)
FJ882531,dengue virus type I,Orthoflavivirus denguei,,DENV-1/VN/BID-V2705/2006,10690,complete,Viet Nam: South,Homo sapiens,blood,"Henn,M.R., Young,S., Koehrsen,M., Jaffe,D., Lennon,N., Erlich,R., Anderson,S., Rizzolo,K., Green,L., Ryan,E., Yu,Q., Berlin,A., Heiman,D., Hepburn,T., Sykes,S., Borenstein,D., Engels,R., Freedman,E., Gellesch,M., Heilman,E., Howarth,C., Jen,D., Larson,L., Lewis,B., Montgomery,P., Park,D., Pearson,M., Richards,J., Roberts,A., Sisk,P., Stolte,C., White,J., Alvarado,L., Champion,M., Godfrey,P., Shenoy,N., Yandava,C., Zeng,Q., Alvarez,P., Brockman,W., Butler,J., Gnerre,S., Grabherr,M., Kleber,M., Mauceli,E., MacCallum,I., Vu,H.T., Nguyen,Q.H., Nguyen,Q.T., Duong,P.H., Simmons,C.P., Wills,B., Nguyen,M.D., Tran,V.N., Tran,H.T., Nguyen,L.T.M., Nguyen,L.P.H., Nusbaum,C., Birren,B.",2006,2009-05-05,ssRNA(+)
FJ882532,dengue virus type I,Orthoflavivirus denguei,,DENV-1/VN/BID-V2706/2006,10690,complete,Viet Nam: South,Homo sapiens,blood,"Henn,M.R., Young,S., Koehrsen,M., Jaffe,D., Lennon,N., Erlich,R., Anderson,S., Rizzolo,K., Green,L., Ryan,E., Yu,Q., Berlin,A., Heiman,D., Hepburn,T., Sykes,S., Borenstein,D., Engels,R., Freedman,E., Gellesch,M., Heilman,E., Howarth,C., Jen,D., Larson,L., Lewis,B., Montgomery,P., Park,D., Pearson,M., Richards,J., Roberts,A., Sisk,P., Stolte,C., White,J., Alvarado,L., Champion,M., Godfrey,P., Shenoy,N., Yandava,C., Zeng,Q., Alvarez,P., Brockman,W., Butler,J., Gnerre,S., Grabherr,M., Kleber,M., Mauceli,E., MacCallum,I., Vu,H.T., Nguyen,Q.H., Nguyen,Q.T., Duong,P.H., Simmons,C.P., Wills,B., Nguyen,M.D., Tran,V.N., Tran,H.T., Nguyen,L.T.M., Nguyen,L.P.H., Nusbaum,C., Birren,B.",2006,2009-05-05,ssRNA(+)
FJ882533,dengue virus type I,Orthoflavivirus denguei,,DENV-1/VN/BID-V2708/2006,10690,complete,Viet Nam: South,Homo sapiens,blood,"Henn,M.R., Young,S., Koehrsen,M., Jaffe,D., Lennon,N., Erlich,R., Anderson,S., Rizzolo,K., Green,L., Ryan,E., Yu,Q., Berlin,A., Heiman,D., Hepburn,T., Sykes,S., Borenstein,D., Engels,R., Freedman,E., Gellesch,M., Heilman,E., Howarth,C., Jen,D., Larson,L., Lewis,B., Montgomery,P., Park,D., Pearson,M., Richards,J., Roberts,A., Sisk,P., Stolte,C., White,J., Alvarado,L., Champion,M., Godfrey,P., Shenoy,N., Yandava,C., Zeng,Q., Alvarez,P., Brockman,W., Butler,J., Gnerre,S., Grabherr,M., Kleber,M., Mauceli,E., MacCallum,I., Vu,H.T., Nguyen,Q.H., Nguyen,Q.T., Duong,P.H., Simmons,C.P., Wills,B., Nguyen,M.D., Tran,V.N., Tran,H.T., Nguyen,L.T.M., Nguyen,L.P.H., Nusbaum,C., Birren,B.",2006,2009-05-05,ssRNA(+)
FJ882534,dengue virus type I,Orthoflavivirus denguei,,DENV-1/VN/BID-V2709/2006,10690,complete,Viet Nam: South,Homo sapiens,blood,"Henn,M.R., Young,S., Koehrsen,M., Jaffe,D., Lennon,N., Erlich,R., Anderson,S., Rizzolo,K., Green,L., Ryan,E., Yu,Q., Berlin,A., Heiman,D., Hepburn,T., Sykes,S., Borenstein,D., Engels,R., Freedman,E., Gellesch,M., Heilman,E., Howarth,C., Jen,D., Larson,L., Lewis,B., Montgomery,P., Park,D., Pearson,M., Richards,J., Roberts,A., Sisk,P., Stolte,C., White,J., Alvarado,L., Champion,M., Godfrey,P., Shenoy,N., Yandava,C., Zeng,Q., Alvarez,P., Brockman,W., Butler,J., Gnerre,S., Grabherr,M., Kleber,M., Mauceli,E., MacCallum,I., Vu,H.T., Nguyen,Q.H., Nguyen,Q.T., Duong,P.H., Simmons,C.P., Wills,B., Nguyen,M.D., Tran,V.N., Tran,H.T., Nguyen,L.T.M., Nguyen,L.P.H., Nusbaum,C., Birren,B.",2006,2009-05-05,ssRNA(+)
FJ882535,dengue virus type I,Orthoflavivirus denguei,,DENV-1/VN/BID-V2710/2006,10690,complete,Viet Nam: South,Homo sapiens,blood,"Henn,M.R., Young,S., Koehrsen,M., Jaffe,D., Lennon,N., Erlich,R., Anderson,S., Rizzolo,K., Green,L., Ryan,E., Yu,Q., Berlin,A., Heiman,D., Hepburn,T., Sykes,S., Borenstein,D., Engels,R., Freedman,E., Gellesch,M., Heilman,E., Howarth,C., Jen,D., Larson,L., Lewis,B., Montgomery,P., Park,D., Pearson,M., Richards,J., Roberts,A., Sisk,P., Stolte,C., White,J., Alvarado,L., Champion,M., Godfrey,P., Shenoy,N., Yandava,C., Zeng,Q., Alvarez,P., Brockman,W., Butler,J., Gnerre,S., Grabherr,M., Kleber,M., Mauceli,E., MacCallum,I., Vu,H.T., Nguyen,Q.H., Nguyen,Q.T., Duong,P.H., Simmons,C.P., Wills,B., Nguyen,M.D., Tran,V.N., Tran,H.T., Nguyen,L.T.M., Nguyen,L.P.H., Nusbaum,C., Birren,B.",2006,2009-05-05,ssRNA(+)
FJ882536,dengue virus type I,Orthoflavivirus denguei,,DENV-1/VN/BID-V2711/2006,10690,complete,Viet Nam: South,Homo sapiens,blood,"Henn,M.R., Young,S., Koehrsen,M., Jaffe,D., Lennon,N., Erlich,R., Anderson,S., Rizzolo,K., Green,L., Ryan,E., Yu,Q., Berlin,A., Heiman,D., Hepburn,T., Sykes,S., Borenstein,D., Engels,R., Freedman,E., Gellesch,M., Heilman,E., Howarth,C., Jen,D., Larson,L., Lewis,B., Montgomery,P., Park,D., Pearson,M., Richards,J., Roberts,A., Sisk,P., Stolte,C., White,J., Alvarado,L., Champion,M., Godfrey,P., Shenoy,N., Yandava,C., Zeng,Q., Alvarez,P., Brockman,W., Butler,J., Gnerre,S., Grabherr,M., Kleber,M., Mauceli,E., MacCallum,I., Vu,H.T., Nguyen,Q.H., Nguyen,Q.T., Duong,P.H., Simmons,C.P., Wills,B., Nguyen,M.D., Tran,V.N., Tran,H.T., Nguyen,L.T.M., Nguyen,L.P.H., Nusbaum,C., Birren,B.",2006,2009-05-05,ssRNA(+)
FJ882537,dengue virus type I,Orthoflavivirus denguei,,DENV-1/VN/BID-V2712/2006,10690,complete,Viet Nam: South,Homo sapiens,blood,"Henn,M.R., Young,S., Koehrsen,M., Jaffe,D., Lennon,N., Erlich,R., Anderson,S., Rizzolo,K., Green,L., Ryan,E., Yu,Q., Berlin,A., Heiman,D., Hepburn,T., Sykes,S., Borenstein,D., Engels,R., Freedman,E., Gellesch,M., Heilman,E., Howarth,C., Jen,D., Larson,L., Lewis,B., Montgomery,P., Park,D., Pearson,M., Richards,J., Roberts,A., Sisk,P., Stolte,C., White,J., Alvarado,L., Champion,M., Godfrey,P., Shenoy,N., Yandava,C., Zeng,Q., Alvarez,P., Brockman,W., Butler,J., Gnerre,S., Grabherr,M., Kleber,M., Mauceli,E., MacCallum,I., Vu,H.T., Nguyen,Q.H., Nguyen,Q.T., Duong,P.H., Simmons,C.P., Wills,B., Nguyen,M.D., Tran,V.N., Tran,H.T., Nguyen,L.T.M., Nguyen,L.P.H., Nusbaum,C., Birren,B.",2006,2009-05-05,ssRNA(+)
FJ882538,dengue virus type I,Orthoflavivirus denguei,,DENV-1/VN/BID-V2714/2006,10690,complete,Viet Nam: South,Homo sapiens,blood,"Henn,M.R., Young,S., Koehrsen,M., Jaffe,D., Lennon,N., Erlich,R., Anderson,S., Rizzolo,K., Green,L., Ryan,E., Yu,Q., Berlin,A., Heiman,D., Hepburn,T., Sykes,S., Borenstein,D., Engels,R., Freedman,E., Gellesch,M., Heilman,E., Howarth,C., Jen,D., Larson,L., Lewis,B., Montgomery,P., Park,D., Pearson,M., Richards,J., Roberts,A., Sisk,P., Stolte,C., White,J., Alvarado,L., Champion,M., Godfrey,P., Shenoy,N., Yandava,C., Zeng,Q., Alvarez,P., Brockman,W., Butler,J., Gnerre,S., Grabherr,M., Kleber,M., Mauceli,E., MacCallum,I., Vu,H.T., Nguyen,Q.H., Nguyen,Q.T., Duong,P.H., Simmons,C.P., Wills,B., Nguyen,M.D., Tran,V.N., Tran,H.T., Nguyen,L.T.M., Nguyen,L.P.H., Nusbaum,C., Birren,B.",2006,2009-05-05,ssRNA(+)
FJ882539,dengue virus type I,Orthoflavivirus denguei,,DENV-1/VN/BID-V2715/2006,10690,complete,Viet Nam: South,Homo sapiens,blood,"Henn,M.R., Young,S., Koehrsen,M., Jaffe,D., Lennon,N., Erlich,R., Anderson,S., Rizzolo,K., Green,L., Ryan,E., Yu,Q., Berlin,A., Heiman,D., Hepburn,T., Sykes,S., Borenstein,D., Engels,R., Freedman,E., Gellesch,M., Heilman,E., Howarth,C., Jen,D., Larson,L., Lewis,B., Montgomery,P., Park,D., Pearson,M., Richards,J., Roberts,A., Sisk,P., Stolte,C., White,J., Alvarado,L., Champion,M., Godfrey,P., Shenoy,N., Yandava,C., Zeng,Q., Alvarez,P., Brockman,W., Butler,J., Gnerre,S., Grabherr,M., Kleber,M., Mauceli,E., MacCallum,I., Vu,H.T., Nguyen,Q.H., Nguyen,Q.T., Duong,P.H., Simmons,C.P., Wills,B., Nguyen,M.D., Tran,V.N., Tran,H.T., Nguyen,L.T.M., Nguyen,L.P.H., Nusbaum,C., Birren,B.",2006,2009-05-05,ssRNA(+)
FJ882540,dengue virus type I,Orthoflavivirus denguei,,DENV-1/VN/BID-V2716/2006,10690,complete,Viet Nam: South,Homo sapiens,blood,"Henn,M.R., Young,S., Koehrsen,M., Jaffe,D., Lennon,N., Erlich,R., Anderson,S., Rizzolo,K., Green,L., Ryan,E., Yu,Q., Berlin,A., Heiman,D., Hepburn,T., Sykes,S., Borenstein,D., Engels,R., Freedman,E., Gellesch,M., Heilman,E., Howarth,C., Jen,D., Larson,L., Lewis,B., Montgomery,P., Park,D., Pearson,M., Richards,J., Roberts,A., Sisk,P., Stolte,C., White,J., Alvarado,L., Champion,M., Godfrey,P., Shenoy,N., Yandava,C., Zeng,Q., Alvarez,P., Brockman,W., Butler,J., Gnerre,S., Grabherr,M., Kleber,M., Mauceli,E., MacCallum,I., Vu,H.T., Nguyen,Q.H., Nguyen,Q.T., Duong,P.H., Simmons,C.P., Wills,B., Nguyen,M.D., Tran,V.N., Tran,H.T., Nguyen,L.T.M., Nguyen,L.P.H., Nusbaum,C., Birren,B.",2006,2009-05-05,ssRNA(+)
FJ882541,dengue virus type I,Orthoflavivirus denguei,,DENV-1/VN/BID-V2717/2006,10690,complete,Viet Nam: South,Homo sapiens,blood,"Henn,M.R., Young,S., Koehrsen,M., Jaffe,D., Lennon,N., Erlich,R., Anderson,S., Rizzolo,K., Green,L., Ryan,E., Yu,Q., Berlin,A., Heiman,D., Hepburn,T., Sykes,S., Borenstein,D., Engels,R., Freedman,E., Gellesch,M., Heilman,E., Howarth,C., Jen,D., Larson,L., Lewis,B., Montgomery,P., Park,D., Pearson,M., Richards,J., Roberts,A., Sisk,P., Stolte,C., White,J., Alvarado,L., Champion,M., Godfrey,P., Shenoy,N., Yandava,C., Zeng,Q., Alvarez,P., Brockman,W., Butler,J., Gnerre,S., Grabherr,M., Kleber,M., Mauceli,E., MacCallum,I., Vu,H.T., Nguyen,Q.H., Nguyen,Q.T., Duong,P.H., Simmons,C.P., Wills,B., Nguyen,M.D., Tran,V.N., Tran,H.T., Nguyen,L.T.M., Nguyen,L.P.H., Nusbaum,C., Birren,B.",2006,2009-05-05,ssRNA(+)
FJ882542,dengue virus type I,Orthoflavivirus denguei,,DENV-1/VN/BID-V2719/2006,10684,complete,Viet Nam: South,Homo sapiens,blood,"Henn,M.R., Young,S., Koehrsen,M., Jaffe,D., Lennon,N., Erlich,R., Anderson,S., Rizzolo,K., Green,L., Ryan,E., Yu,Q., Berlin,A., Heiman,D., Hepburn,T., Sykes,S., Borenstein,D., Engels,R., Freedman,E., Gellesch,M., Heilman,E., Howarth,C., Jen,D., Larson,L., Lewis,B., Montgomery,P., Park,D., Pearson,M., Richards,J., Roberts,A., Sisk,P., Stolte,C., White,J., Alvarado,L., Champion,M., Godfrey,P., Shenoy,N., Yandava,C., Zeng,Q., Alvarez,P., Brockman,W., Butler,J., Gnerre,S., Grabherr,M., Kleber,M., Mauceli,E., MacCallum,I., Vu,H.T., Nguyen,Q.H., Nguyen,Q.T., Duong,P.H., Simmons,C.P., Wills,B., Nguyen,M.D., Tran,V.N., Tran,H.T., Nguyen,L.T.M., Nguyen,L.P.H., Nusbaum,C., Birren,B.",2006,2009-05-05,ssRNA(+)
FJ882543,dengue virus type I,Orthoflavivirus denguei,,DENV-1/VN/BID-V2720/2006,10690,complete,Viet Nam: South,Homo sapiens,blood,"Henn,M.R., Young,S., Koehrsen,M., Jaffe,D., Lennon,N., Erlich,R., Anderson,S., Rizzolo,K., Green,L., Ryan,E., Yu,Q., Berlin,A., Heiman,D., Hepburn,T., Sykes,S., Borenstein,D., Engels,R., Freedman,E., Gellesch,M., Heilman,E., Howarth,C., Jen,D., Larson,L., Lewis,B., Montgomery,P., Park,D., Pearson,M., Richards,J., Roberts,A., Sisk,P., Stolte,C., White,J., Alvarado,L., Champion,M., Godfrey,P., Shenoy,N., Yandava,C., Zeng,Q., Alvarez,P., Brockman,W., Butler,J., Gnerre,S., Grabherr,M., Kleber,M., Mauceli,E., MacCallum,I., Vu,H.T., Nguyen,Q.H., Nguyen,Q.T., Duong,P.H., Simmons,C.P., Wills,B., Nguyen,M.D., Tran,V.N., Tran,H.T., Nguyen,L.T.M., Nguyen,L.P.H., Nusbaum,C., Birren,B.",2006,2009-05-05,ssRNA(+)
FJ882544,dengue virus type I,Orthoflavivirus denguei,,DENV-1/VN/BID-V2721/2006,10673,complete,Viet Nam: South,Homo sapiens,blood,"Henn,M.R., Young,S., Koehrsen,M., Jaffe,D., Lennon,N., Erlich,R., Anderson,S., Rizzolo,K., Green,L., Ryan,E., Yu,Q., Berlin,A., Heiman,D., Hepburn,T., Sykes,S., Borenstein,D., Engels,R., Freedman,E., Gellesch,M., Heilman,E., Howarth,C., Jen,D., Larson,L., Lewis,B., Montgomery,P., Park,D., Pearson,M., Richards,J., Roberts,A., Sisk,P., Stolte,C., White,J., Alvarado,L., Champion,M., Godfrey,P., Shenoy,N., Yandava,C., Zeng,Q., Alvarez,P., Brockman,W., Butler,J., Gnerre,S., Grabherr,M., Kleber,M., Mauceli,E., MacCallum,I., Vu,H.T., Nguyen,Q.H., Nguyen,Q.T., Duong,P.H., Simmons,C.P., Wills,B., Nguyen,M.D., Tran,V.N., Tran,H.T., Nguyen,L.T.M., Nguyen,L.P.H., Nusbaum,C., Birren,B.",2006,2009-05-05,ssRNA(+)
FJ882545,dengue virus type I,Orthoflavivirus denguei,,DENV-1/VN/BID-V2723/2007,10690,complete,Viet Nam: South,Homo sapiens,blood,"Henn,M.R., Young,S., Koehrsen,M., Jaffe,D., Lennon,N., Erlich,R., Anderson,S., Rizzolo,K., Green,L., Ryan,E., Yu,Q., Berlin,A., Heiman,D., Hepburn,T., Sykes,S., Borenstein,D., Engels,R., Freedman,E., Gellesch,M., Heilman,E., Howarth,C., Jen,D., Larson,L., Lewis,B., Montgomery,P., Park,D., Pearson,M., Richards,J., Roberts,A., Sisk,P., Stolte,C., White,J., Alvarado,L., Champion,M., Godfrey,P., Shenoy,N., Yandava,C., Zeng,Q., Alvarez,P., Brockman,W., Butler,J., Gnerre,S., Grabherr,M., Kleber,M., Mauceli,E., MacCallum,I., Vu,H.T., Nguyen,Q.H., Nguyen,Q.T., Duong,P.H., Simmons,C.P., Wills,B., Nguyen,M.D., Tran,V.N., Tran,H.T., Nguyen,L.T.M., Nguyen,L.P.H., Nusbaum,C., Birren,B.",2007,2009-05-05,ssRNA(+)
FJ882546,dengue virus type I,Orthoflavivirus denguei,,DENV-1/VN/BID-V2749/2007,10681,complete,Viet Nam: South,Homo sapiens,blood,"Henn,M.R., Young,S., Koehrsen,M., Jaffe,D., Lennon,N., Erlich,R., Anderson,S., Rizzolo,K., Green,L., Ryan,E., Yu,Q., Berlin,A., Heiman,D., Hepburn,T., Sykes,S., Borenstein,D., Engels,R., Freedman,E., Gellesch,M., Heilman,E., Howarth,C., Jen,D., Larson,L., Lewis,B., Montgomery,P., Park,D., Pearson,M., Richards,J., Roberts,A., Sisk,P., Stolte,C., White,J., Alvarado,L., Champion,M., Godfrey,P., Shenoy,N., Yandava,C., Zeng,Q., Alvarez,P., Brockman,W., Butler,J., Gnerre,S., Grabherr,M., Kleber,M., Mauceli,E., MacCallum,I., Vu,H.T., Nguyen,Q.H., Nguyen,Q.T., Duong,P.H., Simmons,C.P., Wills,B., Nguyen,M.D., Tran,V.N., Tran,H.T., Nguyen,L.T.M., Nguyen,L.P.H., Nusbaum,C., Birren,B.",2007,2009-05-05,ssRNA(+)
FJ882547,dengue virus type I,Orthoflavivirus denguei,,DENV-1/VN/BID-V2772/2007,10664,complete,Viet Nam: South,Homo sapiens,blood,"Henn,M.R., Young,S., Koehrsen,M., Jaffe,D., Lennon,N., Erlich,R., Anderson,S., Rizzolo,K., Green,L., Ryan,E., Yu,Q., Berlin,A., Heiman,D., Hepburn,T., Sykes,S., Borenstein,D., Engels,R., Freedman,E., Gellesch,M., Heilman,E., Howarth,C., Jen,D., Larson,L., Lewis,B., Montgomery,P., Park,D., Pearson,M., Richards,J., Roberts,A., Sisk,P., Stolte,C., White,J., Alvarado,L., Champion,M., Godfrey,P., Shenoy,N., Yandava,C., Zeng,Q., Alvarez,P., Brockman,W., Butler,J., Gnerre,S., Grabherr,M., Kleber,M., Mauceli,E., MacCallum,I., Vu,H.T., Nguyen,Q.H., Nguyen,Q.T., Duong,P.H., Simmons,C.P., Wills,B., Nguyen,M.D., Tran,V.N., Tran,H.T., Nguyen,L.T.M., Nguyen,L.P.H., Nusbaum,C., Birren,B.",2007,2009-05-05,ssRNA(+)
FJ882548,dengue virus type I,Orthoflavivirus denguei,,DENV-1/VN/BID-V2778/2007,10684,complete,Viet Nam: South,Homo sapiens,blood,"Henn,M.R., Young,S., Koehrsen,M., Jaffe,D., Lennon,N., Erlich,R., Anderson,S., Rizzolo,K., Green,L., Ryan,E., Yu,Q., Berlin,A., Heiman,D., Hepburn,T., Sykes,S., Borenstein,D., Engels,R., Freedman,E., Gellesch,M., Heilman,E., Howarth,C., Jen,D., Larson,L., Lewis,B., Montgomery,P., Park,D., Pearson,M., Richards,J., Roberts,A., Sisk,P., Stolte,C., White,J., Alvarado,L., Champion,M., Godfrey,P., Shenoy,N., Yandava,C., Zeng,Q., Alvarez,P., Brockman,W., Butler,J., Gnerre,S., Grabherr,M., Kleber,M., Mauceli,E., MacCallum,I., Vu,H.T., Nguyen,Q.H., Nguyen,Q.T., Duong,P.H., Simmons,C.P., Wills,B., Nguyen,M.D., Tran,V.N., Tran,H.T., Nguyen,L.T.M., Nguyen,L.P.H., Nusbaum,C., Birren,B.",2007,2009-05-05,ssRNA(+)
FJ882549,dengue virus type I,Orthoflavivirus denguei,,DENV-1/VN/BID-V2794/2007,10665,complete,Viet Nam: South,Homo sapiens,blood,"Henn,M.R., Young,S., Koehrsen,M., Jaffe,D., Lennon,N., Erlich,R., Anderson,S., Rizzolo,K., Green,L., Ryan,E., Yu,Q., Berlin,A., Heiman,D., Hepburn,T., Sykes,S., Borenstein,D., Engels,R., Freedman,E., Gellesch,M., Heilman,E., Howarth,C., Jen,D., Larson,L., Lewis,B., Montgomery,P., Park,D., Pearson,M., Richards,J., Roberts,A., Sisk,P., Stolte,C., White,J., Alvarado,L., Champion,M., Godfrey,P., Shenoy,N., Yandava,C., Zeng,Q., Alvarez,P., Brockman,W., Butler,J., Gnerre,S., Grabherr,M., Kleber,M., Mauceli,E., MacCallum,I., Vu,H.T., Nguyen,Q.H., Nguyen,Q.T., Duong,P.H., Simmons,C.P., Wills,B., Nguyen,M.D., Tran,V.N., Tran,H.T., Nguyen,L.T.M., Nguyen,L.P.H., Nusbaum,C., Birren,B.",2007,2009-05-05,ssRNA(+)
FJ882550,dengue virus type I,Orthoflavivirus denguei,,DENV-1/VN/BID-V2800/2007,10690,complete,Viet Nam: South,Homo sapiens,blood,"Henn,M.R., Young,S., Koehrsen,M., Jaffe,D., Lennon,N., Erlich,R., Anderson,S., Rizzolo,K., Green,L., Ryan,E., Yu,Q., Berlin,A., Heiman,D., Hepburn,T., Sykes,S., Borenstein,D., Engels,R., Freedman,E., Gellesch,M., Heilman,E., Howarth,C., Jen,D., Larson,L., Lewis,B., Montgomery,P., Park,D., Pearson,M., Richards,J., Roberts,A., Sisk,P., Stolte,C., White,J., Alvarado,L., Champion,M., Godfrey,P., Shenoy,N., Yandava,C., Zeng,Q., Alvarez,P., Brockman,W., Butler,J., Gnerre,S., Grabherr,M., Kleber,M., Mauceli,E., MacCallum,I., Vu,H.T., Nguyen,Q.H., Nguyen,Q.T., Duong,P.H., Simmons,C.P., Wills,B., Nguyen,M.D., Tran,V.N., Tran,H.T., Nguyen,L.T.M., Nguyen,L.P.H., Nusbaum,C., Birren,B.",2007,2009-05-05,ssRNA(+)
FJ882551,dengue virus type I,Orthoflavivirus denguei,,DENV-1/VN/BID-V2801/2007,10690,complete,Viet Nam: South,Homo sapiens,blood,"Henn,M.R., Young,S., Koehrsen,M., Jaffe,D., Lennon,N., Erlich,R., Anderson,S., Rizzolo,K., Green,L., Ryan,E., Yu,Q., Berlin,A., Heiman,D., Hepburn,T., Sykes,S., Borenstein,D., Engels,R., Freedman,E., Gellesch,M., Heilman,E., Howarth,C., Jen,D., Larson,L., Lewis,B., Montgomery,P., Park,D., Pearson,M., Richards,J., Roberts,A., Sisk,P., Stolte,C., White,J., Alvarado,L., Champion,M., Godfrey,P., Shenoy,N., Yandava,C., Zeng,Q., Alvarez,P., Brockman,W., Butler,J., Gnerre,S., Grabherr,M., Kleber,M., Mauceli,E., MacCallum,I., Vu,H.T., Nguyen,Q.H., Nguyen,Q.T., Duong,P.H., Simmons,C.P., Wills,B., Nguyen,M.D., Tran,V.N., Tran,H.T., Nguyen,L.T.M., Nguyen,L.P.H., Nusbaum,C., Birren,B.",2007,2009-05-05,ssRNA(+)
FJ882552,dengue virus type I,Orthoflavivirus denguei,,DENV-1/VN/BID-V2803/2007,10690,complete,Viet Nam: South,Homo sapiens,blood,"Henn,M.R., Young,S., Koehrsen,M., Jaffe,D., Lennon,N., Erlich,R., Anderson,S., Rizzolo,K., Green,L., Ryan,E., Yu,Q., Berlin,A., Heiman,D., Hepburn,T., Sykes,S., Borenstein,D., Engels,R., Freedman,E., Gellesch,M., Heilman,E., Howarth,C., Jen,D., Larson,L., Lewis,B., Montgomery,P., Park,D., Pearson,M., Richards,J., Roberts,A., Sisk,P., Stolte,C., White,J., Alvarado,L., Champion,M., Godfrey,P., Shenoy,N., Yandava,C., Zeng,Q., Alvarez,P., Brockman,W., Butler,J., Gnerre,S., Grabherr,M., Kleber,M., Mauceli,E., MacCallum,I., Vu,H.T., Nguyen,Q.H., Nguyen,Q.T., Duong,P.H., Simmons,C.P., Wills,B., Nguyen,M.D., Tran,V.N., Tran,H.T., Nguyen,L.T.M., Nguyen,L.P.H., Nusbaum,C., Birren,B.",2007,2009-05-05,ssRNA(+)
FJ882553,dengue virus type I,Orthoflavivirus denguei,,DENV-1/VN/BID-V2804/2007,10680,complete,Viet Nam: South,Homo sapiens,blood,"Henn,M.R., Young,S., Koehrsen,M., Jaffe,D., Lennon,N., Erlich,R., Anderson,S., Rizzolo,K., Green,L., Ryan,E., Yu,Q., Berlin,A., Heiman,D., Hepburn,T., Sykes,S., Borenstein,D., Engels,R., Freedman,E., Gellesch,M., Heilman,E., Howarth,C., Jen,D., Larson,L., Lewis,B., Montgomery,P., Park,D., Pearson,M., Richards,J., Roberts,A., Sisk,P., Stolte,C., White,J., Alvarado,L., Champion,M., Godfrey,P., Shenoy,N., Yandava,C., Zeng,Q., Alvarez,P., Brockman,W., Butler,J., Gnerre,S., Grabherr,M., Kleber,M., Mauceli,E., MacCallum,I., Vu,H.T., Nguyen,Q.H., Nguyen,Q.T., Duong,P.H., Simmons,C.P., Wills,B., Nguyen,M.D., Tran,V.N., Tran,H.T., Nguyen,L.T.M., Nguyen,L.P.H., Nusbaum,C., Birren,B.",2007,2009-05-05,ssRNA(+)
FJ882554,dengue virus type I,Orthoflavivirus denguei,,DENV-1/VN/BID-V2805/2007,10676,complete,Viet Nam: South,Homo sapiens,blood,"Henn,M.R., Young,S., Koehrsen,M., Jaffe,D., Lennon,N., Erlich,R., Anderson,S., Rizzolo,K., Green,L., Ryan,E., Yu,Q., Berlin,A., Heiman,D., Hepburn,T., Sykes,S., Borenstein,D., Engels,R., Freedman,E., Gellesch,M., Heilman,E., Howarth,C., Jen,D., Larson,L., Lewis,B., Montgomery,P., Park,D., Pearson,M., Richards,J., Roberts,A., Sisk,P., Stolte,C., White,J., Alvarado,L., Champion,M., Godfrey,P., Shenoy,N., Yandava,C., Zeng,Q., Alvarez,P., Brockman,W., Butler,J., Gnerre,S., Grabherr,M., Kleber,M., Mauceli,E., MacCallum,I., Vu,H.T., Nguyen,Q.H., Nguyen,Q.T., Duong,P.H., Simmons,C.P., Wills,B., Nguyen,M.D., Tran,V.N., Tran,H.T., Nguyen,L.T.M., Nguyen,L.P.H., Nusbaum,C., Birren,B.",2007,2009-05-05,ssRNA(+)
FJ882555,dengue virus type I,Orthoflavivirus denguei,,DENV-1/VN/BID-V2809/2007,10678,complete,Viet Nam: South,Homo sapiens,blood,"Henn,M.R., Young,S., Koehrsen,M., Jaffe,D., Lennon,N., Erlich,R., Anderson,S., Rizzolo,K., Green,L., Ryan,E., Yu,Q., Berlin,A., Heiman,D., Hepburn,T., Sykes,S., Borenstein,D., Engels,R., Freedman,E., Gellesch,M., Heilman,E., Howarth,C., Jen,D., Larson,L., Lewis,B., Montgomery,P., Park,D., Pearson,M., Richards,J., Roberts,A., Sisk,P., Stolte,C., White,J., Alvarado,L., Champion,M., Godfrey,P., Shenoy,N., Yandava,C., Zeng,Q., Alvarez,P., Brockman,W., Butler,J., Gnerre,S., Grabherr,M., Kleber,M., Mauceli,E., MacCallum,I., Vu,H.T., Nguyen,Q.H., Nguyen,Q.T., Duong,P.H., Simmons,C.P., Wills,B., Nguyen,M.D., Tran,V.N., Tran,H.T., Nguyen,L.T.M., Nguyen,L.P.H., Nusbaum,C., Birren,B.",2007,2009-05-05,ssRNA(+)
FJ882556,dengue virus type I,Orthoflavivirus denguei,,DENV-1/VN/BID-V2811/2007,10690,complete,Viet Nam: South,Homo sapiens,blood,"Henn,M.R., Young,S., Koehrsen,M., Jaffe,D., Lennon,N., Erlich,R., Anderson,S., Rizzolo,K., Green,L., Ryan,E., Yu,Q., Berlin,A., Heiman,D., Hepburn,T., Sykes,S., Borenstein,D., Engels,R., Freedman,E., Gellesch,M., Heilman,E., Howarth,C., Jen,D., Larson,L., Lewis,B., Montgomery,P., Park,D., Pearson,M., Richards,J., Roberts,A., Sisk,P., Stolte,C., White,J., Alvarado,L., Champion,M., Godfrey,P., Shenoy,N., Yandava,C., Zeng,Q., Alvarez,P., Brockman,W., Butler,J., Gnerre,S., Grabherr,M., Kleber,M., Mauceli,E., MacCallum,I., Vu,H.T., Nguyen,Q.H., Nguyen,Q.T., Duong,P.H., Simmons,C.P., Wills,B., Nguyen,M.D., Tran,V.N., Tran,H.T., Nguyen,L.T.M., Nguyen,L.P.H., Nusbaum,C., Birren,B.",2007,2009-05-05,ssRNA(+)
FJ882557,dengue virus type I,Orthoflavivirus denguei,,DENV-1/VN/BID-V2813/2007,10688,complete,Viet Nam: South,Homo sapiens,blood,"Henn,M.R., Young,S., Koehrsen,M., Jaffe,D., Lennon,N., Erlich,R., Anderson,S., Rizzolo,K., Green,L., Ryan,E., Yu,Q., Berlin,A., Heiman,D., Hepburn,T., Sykes,S., Borenstein,D., Engels,R., Freedman,E., Gellesch,M., Heilman,E., Howarth,C., Jen,D., Larson,L., Lewis,B., Montgomery,P., Park,D., Pearson,M., Richards,J., Roberts,A., Sisk,P., Stolte,C., White,J., Alvarado,L., Champion,M., Godfrey,P., Shenoy,N., Yandava,C., Zeng,Q., Alvarez,P., Brockman,W., Butler,J., Gnerre,S., Grabherr,M., Kleber,M., Mauceli,E., MacCallum,I., Vu,H.T., Nguyen,Q.H., Nguyen,Q.T., Duong,P.H., Simmons,C.P., Wills,B., Nguyen,M.D., Tran,V.N., Tran,H.T., Nguyen,L.T.M., Nguyen,L.P.H., Nusbaum,C., Birren,B.",2007,2009-05-05,ssRNA(+)
FJ882558,dengue virus type I,Orthoflavivirus denguei,,DENV-1/VN/BID-V2814/2007,10690,complete,Viet Nam: South,Homo sapiens,blood,"Henn,M.R., Young,S., Koehrsen,M., Jaffe,D., Lennon,N., Erlich,R., Anderson,S., Rizzolo,K., Green,L., Ryan,E., Yu,Q., Berlin,A., Heiman,D., Hepburn,T., Sykes,S., Borenstein,D., Engels,R., Freedman,E., Gellesch,M., Heilman,E., Howarth,C., Jen,D., Larson,L., Lewis,B., Montgomery,P., Park,D., Pearson,M., Richards,J., Roberts,A., Sisk,P., Stolte,C., White,J., Alvarado,L., Champion,M., Godfrey,P., Shenoy,N., Yandava,C., Zeng,Q., Alvarez,P., Brockman,W., Butler,J., Gnerre,S., Grabherr,M., Kleber,M., Mauceli,E., MacCallum,I., Vu,H.T., Nguyen,Q.H., Nguyen,Q.T., Duong,P.H., Simmons,C.P., Wills,B., Nguyen,M.D., Tran,V.N., Tran,H.T., Nguyen,L.T.M., Nguyen,L.P.H., Nusbaum,C., Birren,B.",2007,2009-05-05,ssRNA(+)
FJ882559,dengue virus type I,Orthoflavivirus denguei,,DENV-1/VN/BID-V2818/2007,10690,complete,Viet Nam: South,Homo sapiens,blood,"Henn,M.R., Young,S., Koehrsen,M., Jaffe,D., Lennon,N., Erlich,R., Anderson,S., Rizzolo,K., Green,L., Ryan,E., Yu,Q., Berlin,A., Heiman,D., Hepburn,T., Sykes,S., Borenstein,D., Engels,R., Freedman,E., Gellesch,M., Heilman,E., Howarth,C., Jen,D., Larson,L., Lewis,B., Montgomery,P., Park,D., Pearson,M., Richards,J., Roberts,A., Sisk,P., Stolte,C., White,J., Alvarado,L., Champion,M., Godfrey,P., Shenoy,N., Yandava,C., Zeng,Q., Alvarez,P., Brockman,W., Butler,J., Gnerre,S., Grabherr,M., Kleber,M., Mauceli,E., MacCallum,I., Vu,H.T., Nguyen,Q.H., Nguyen,Q.T., Duong,P.H., Simmons,C.P., Wills,B., Nguyen,M.D., Tran,V.N., Tran,H.T., Nguyen,L.T.M., Nguyen,L.P.H., Nusbaum,C., Birren,B.",2007,2009-05-05,ssRNA(+)
FJ882560,dengue virus type I,Orthoflavivirus denguei,,DENV-1/VN/BID-V2819/2007,10690,complete,Viet Nam: South,Homo sapiens,blood,"Henn,M.R., Young,S., Koehrsen,M., Jaffe,D., Lennon,N., Erlich,R., Anderson,S., Rizzolo,K., Green,L., Ryan,E., Yu,Q., Berlin,A., Heiman,D., Hepburn,T., Sykes,S., Borenstein,D., Engels,R., Freedman,E., Gellesch,M., Heilman,E., Howarth,C., Jen,D., Larson,L., Lewis,B., Montgomery,P., Park,D., Pearson,M., Richards,J., Roberts,A., Sisk,P., Stolte,C., White,J., Alvarado,L., Champion,M., Godfrey,P., Shenoy,N., Yandava,C., Zeng,Q., Alvarez,P., Brockman,W., Butler,J., Gnerre,S., Grabherr,M., Kleber,M., Mauceli,E., MacCallum,I., Vu,H.T., Nguyen,Q.H., Nguyen,Q.T., Duong,P.H., Simmons,C.P., Wills,B., Nguyen,M.D., Tran,V.N., Tran,H.T., Nguyen,L.T.M., Nguyen,L.P.H., Nusbaum,C., Birren,B.",2007,2009-05-05,ssRNA(+)
FJ882561,dengue virus type I,Orthoflavivirus denguei,,DENV-1/VN/BID-V2823/2007,10676,complete,Viet Nam: South,Homo sapiens,blood,"Henn,M.R., Young,S., Koehrsen,M., Jaffe,D., Lennon,N., Erlich,R., Anderson,S., Rizzolo,K., Green,L., Ryan,E., Yu,Q., Berlin,A., Heiman,D., Hepburn,T., Sykes,S., Borenstein,D., Engels,R., Freedman,E., Gellesch,M., Heilman,E., Howarth,C., Jen,D., Larson,L., Lewis,B., Montgomery,P., Park,D., Pearson,M., Richards,J., Roberts,A., Sisk,P., Stolte,C., White,J., Alvarado,L., Champion,M., Godfrey,P., Shenoy,N., Yandava,C., Zeng,Q., Alvarez,P., Brockman,W., Butler,J., Gnerre,S., Grabherr,M., Kleber,M., Mauceli,E., MacCallum,I., Vu,H.T., Nguyen,Q.H., Nguyen,Q.T., Duong,P.H., Simmons,C.P., Wills,B., Nguyen,M.D., Tran,V.N., Tran,H.T., Nguyen,L.T.M., Nguyen,L.P.H., Nusbaum,C., Birren,B.",2007,2009-05-05,ssRNA(+)
FJ882562,dengue virus type I,Orthoflavivirus denguei,,DENV-1/VN/BID-V2825/2003,10676,complete,Viet Nam: South,Homo sapiens,blood,"Henn,M.R., Young,S., Koehrsen,M., Jaffe,D., Lennon,N., Erlich,R., Anderson,S., Rizzolo,K., Green,L., Ryan,E., Yu,Q., Berlin,A., Heiman,D., Hepburn,T., Sykes,S., Borenstein,D., Engels,R., Freedman,E., Gellesch,M., Heilman,E., Howarth,C., Jen,D., Larson,L., Lewis,B., Montgomery,P., Park,D., Pearson,M., Richards,J., Roberts,A., Sisk,P., Stolte,C., White,J., Alvarado,L., Champion,M., Godfrey,P., Shenoy,N., Yandava,C., Zeng,Q., Alvarez,P., Brockman,W., Butler,J., Gnerre,S., Grabherr,M., Kleber,M., Mauceli,E., MacCallum,I., Vu,H.T., Nguyen,Q.H., Nguyen,Q.T., Duong,P.H., Simmons,C.P., Wills,B., Nguyen,M.D., Tran,V.N., Tran,H.T., Nguyen,L.T.M., Nguyen,L.P.H., Nusbaum,C., Birren,B.",2003,2009-05-05,ssRNA(+)
FJ882563,dengue virus type I,Orthoflavivirus denguei,,DENV-1/VN/BID-V2826/2003,10674,complete,Viet Nam: South,Homo sapiens,blood,"Henn,M.R., Young,S., Koehrsen,M., Jaffe,D., Lennon,N., Erlich,R., Anderson,S., Rizzolo,K., Green,L., Ryan,E., Yu,Q., Berlin,A., Heiman,D., Hepburn,T., Sykes,S., Borenstein,D., Engels,R., Freedman,E., Gellesch,M., Heilman,E., Howarth,C., Jen,D., Larson,L., Lewis,B., Montgomery,P., Park,D., Pearson,M., Richards,J., Roberts,A., Sisk,P., Stolte,C., White,J., Alvarado,L., Champion,M., Godfrey,P., Shenoy,N., Yandava,C., Zeng,Q., Alvarez,P., Brockman,W., Butler,J., Gnerre,S., Grabherr,M., Kleber,M., Mauceli,E., MacCallum,I., Vu,H.T., Nguyen,Q.H., Nguyen,Q.T., Duong,P.H., Simmons,C.P., Wills,B., Nguyen,M.D., Tran,V.N., Tran,H.T., Nguyen,L.T.M., Nguyen,L.P.H., Nusbaum,C., Birren,B.",2003,2009-05-05,ssRNA(+)
FJ882564,dengue virus type I,Orthoflavivirus denguei,,DENV-1/VN/BID-V2827/2003,10681,complete,Viet Nam: South,Homo sapiens,blood,"Henn,M.R., Young,S., Koehrsen,M., Jaffe,D., Lennon,N., Erlich,R., Anderson,S., Rizzolo,K., Green,L., Ryan,E., Yu,Q., Berlin,A., Heiman,D., Hepburn,T., Sykes,S., Borenstein,D., Engels,R., Freedman,E., Gellesch,M., Heilman,E., Howarth,C., Jen,D., Larson,L., Lewis,B., Montgomery,P., Park,D., Pearson,M., Richards,J., Roberts,A., Sisk,P., Stolte,C., White,J., Alvarado,L., Champion,M., Godfrey,P., Shenoy,N., Yandava,C., Zeng,Q., Alvarez,P., Brockman,W., Butler,J., Gnerre,S., Grabherr,M., Kleber,M., Mauceli,E., MacCallum,I., Vu,H.T., Nguyen,Q.H., Nguyen,Q.T., Duong,P.H., Simmons,C.P., Wills,B., Nguyen,M.D., Tran,V.N., Tran,H.T., Nguyen,L.T.M., Nguyen,L.P.H., Nusbaum,C., Birren,B.",2003,2009-05-05,ssRNA(+)
FJ882565,dengue virus type I,Orthoflavivirus denguei,,DENV-1/VN/BID-V2829/2003,10674,complete,Viet Nam: South,Homo sapiens,blood,"Henn,M.R., Young,S., Koehrsen,M., Jaffe,D., Lennon,N., Erlich,R., Anderson,S., Rizzolo,K., Green,L., Ryan,E., Yu,Q., Berlin,A., Heiman,D., Hepburn,T., Sykes,S., Borenstein,D., Engels,R., Freedman,E., Gellesch,M., Heilman,E., Howarth,C., Jen,D., Larson,L., Lewis,B., Montgomery,P., Park,D., Pearson,M., Richards,J., Roberts,A., Sisk,P., Stolte,C., White,J., Alvarado,L., Champion,M., Godfrey,P., Shenoy,N., Yandava,C., Zeng,Q., Alvarez,P., Brockman,W., Butler,J., Gnerre,S., Grabherr,M., Kleber,M., Mauceli,E., MacCallum,I., Vu,H.T., Nguyen,Q.H., Nguyen,Q.T., Duong,P.H., Simmons,C.P., Wills,B., Nguyen,M.D., Tran,V.N., Tran,H.T., Nguyen,L.T.M., Nguyen,L.P.H., Nusbaum,C., Birren,B.",2003,2009-05-05,ssRNA(+)
FJ882566,dengue virus type I,Orthoflavivirus denguei,,DENV-1/VN/BID-V2831/2003,10688,complete,Viet Nam: South,Homo sapiens,blood,"Henn,M.R., Young,S., Koehrsen,M., Jaffe,D., Lennon,N., Erlich,R., Anderson,S., Rizzolo,K., Green,L., Ryan,E., Yu,Q., Berlin,A., Heiman,D., Hepburn,T., Sykes,S., Borenstein,D., Engels,R., Freedman,E., Gellesch,M., Heilman,E., Howarth,C., Jen,D., Larson,L., Lewis,B., Montgomery,P., Park,D., Pearson,M., Richards,J., Roberts,A., Sisk,P., Stolte,C., White,J., Alvarado,L., Champion,M., Godfrey,P., Shenoy,N., Yandava,C., Zeng,Q., Alvarez,P., Brockman,W., Butler,J., Gnerre,S., Grabherr,M., Kleber,M., Mauceli,E., MacCallum,I., Vu,H.T., Nguyen,Q.H., Nguyen,Q.T., Duong,P.H., Simmons,C.P., Wills,B., Nguyen,M.D., Tran,V.N., Tran,H.T., Nguyen,L.T.M., Nguyen,L.P.H., Nusbaum,C., Birren,B.",2003,2009-05-05,ssRNA(+)
FJ882567,dengue virus type I,Orthoflavivirus denguei,,DENV-1/VN/BID-V2832/2003,10690,complete,Viet Nam: South,Homo sapiens,blood,"Henn,M.R., Young,S., Koehrsen,M., Jaffe,D., Lennon,N., Erlich,R., Anderson,S., Rizzolo,K., Green,L., Ryan,E., Yu,Q., Berlin,A., Heiman,D., Hepburn,T., Sykes,S., Borenstein,D., Engels,R., Freedman,E., Gellesch,M., Heilman,E., Howarth,C., Jen,D., Larson,L., Lewis,B., Montgomery,P., Park,D., Pearson,M., Richards,J., Roberts,A., Sisk,P., Stolte,C., White,J., Alvarado,L., Champion,M., Godfrey,P., Shenoy,N., Yandava,C., Zeng,Q., Alvarez,P., Brockman,W., Butler,J., Gnerre,S., Grabherr,M., Kleber,M., Mauceli,E., MacCallum,I., Vu,H.T., Nguyen,Q.H., Nguyen,Q.T., Duong,P.H., Simmons,C.P., Wills,B., Nguyen,M.D., Tran,V.N., Tran,H.T., Nguyen,L.T.M., Nguyen,L.P.H., Nusbaum,C., Birren,B.",2003,2009-05-05,ssRNA(+)
FJ882568,dengue virus type I,Orthoflavivirus denguei,,DENV-1/VN/BID-V2835/2003,10676,complete,Viet Nam: South,Homo sapiens,blood,"Henn,M.R., Young,S., Koehrsen,M., Jaffe,D., Lennon,N., Erlich,R., Anderson,S., Rizzolo,K., Green,L., Ryan,E., Yu,Q., Berlin,A., Heiman,D., Hepburn,T., Sykes,S., Borenstein,D., Engels,R., Freedman,E., Gellesch,M., Heilman,E., Howarth,C., Jen,D., Larson,L., Lewis,B., Montgomery,P., Park,D., Pearson,M., Richards,J., Roberts,A., Sisk,P., Stolte,C., White,J., Alvarado,L., Champion,M., Godfrey,P., Shenoy,N., Yandava,C., Zeng,Q., Alvarez,P., Brockman,W., Butler,J., Gnerre,S., Grabherr,M., Kleber,M., Mauceli,E., MacCallum,I., Vu,H.T., Nguyen,Q.H., Nguyen,Q.T., Duong,P.H., Simmons,C.P., Wills,B., Nguyen,M.D., Tran,V.N., Tran,H.T., Nguyen,L.T.M., Nguyen,L.P.H., Nusbaum,C., Birren,B.",2003,2009-05-05,ssRNA(+)
FJ882569,dengue virus type I,Orthoflavivirus denguei,,DENV-1/VN/BID-V2836/2004,10690,complete,Viet Nam: South,Homo sapiens,blood,"Henn,M.R., Young,S., Koehrsen,M., Jaffe,D., Lennon,N., Erlich,R., Anderson,S., Rizzolo,K., Green,L., Ryan,E., Yu,Q., Berlin,A., Heiman,D., Hepburn,T., Sykes,S., Borenstein,D., Engels,R., Freedman,E., Gellesch,M., Heilman,E., Howarth,C., Jen,D., Larson,L., Lewis,B., Montgomery,P., Park,D., Pearson,M., Richards,J., Roberts,A., Sisk,P., Stolte,C., White,J., Alvarado,L., Champion,M., Godfrey,P., Shenoy,N., Yandava,C., Zeng,Q., Alvarez,P., Brockman,W., Butler,J., Gnerre,S., Grabherr,M., Kleber,M., Mauceli,E., MacCallum,I., Vu,H.T., Nguyen,Q.H., Nguyen,Q.T., Duong,P.H., Simmons,C.P., Wills,B., Nguyen,M.D., Tran,V.N., Tran,H.T., Nguyen,L.T.M., Nguyen,L.P.H., Nusbaum,C., Birren,B.",2004,2009-05-05,ssRNA(+)
FJ882570,dengue virus type I,Orthoflavivirus denguei,,DENV-1/VN/BID-V2838/2005,10690,complete,Viet Nam: South,Homo sapiens,blood,"Henn,M.R., Young,S., Koehrsen,M., Jaffe,D., Lennon,N., Erlich,R., Anderson,S., Rizzolo,K., Green,L., Ryan,E., Yu,Q., Berlin,A., Heiman,D., Hepburn,T., Sykes,S., Borenstein,D., Engels,R., Freedman,E., Gellesch,M., Heilman,E., Howarth,C., Jen,D., Larson,L., Lewis,B., Montgomery,P., Park,D., Pearson,M., Richards,J., Roberts,A., Sisk,P., Stolte,C., White,J., Alvarado,L., Champion,M., Godfrey,P., Shenoy,N., Yandava,C., Zeng,Q., Alvarez,P., Brockman,W., Butler,J., Gnerre,S., Grabherr,M., Kleber,M., Mauceli,E., MacCallum,I., Vu,H.T., Nguyen,Q.H., Nguyen,Q.T., Duong,P.H., Simmons,C.P., Wills,B., Nguyen,M.D., Tran,V.N., Tran,H.T., Nguyen,L.T.M., Nguyen,L.P.H., Nusbaum,C., Birren,B.",2005,2009-05-05,ssRNA(+)
FJ898371,dengue virus type I,Orthoflavivirus denguei,,DENV-1/VN/BID-V2722/2007,10674,complete,Viet Nam: South,Homo sapiens,blood,"Henn,M.R., Young,S., Koehrsen,M., Jaffe,D., Lennon,N., Erlich,R., Anderson,S., Rizzolo,K., Green,L., Ryan,E., Yu,Q., Berlin,A., Heiman,D., Hepburn,T., Sykes,S., Borenstein,D., Engels,R., Freedman,E., Gellesch,M., Heilman,E., Howarth,C., Jen,D., Larson,L., Lewis,B., Montgomery,P., Park,D., Pearson,M., Richards,J., Roberts,A., Sisk,P., Stolte,C., White,J., Alvarado,L., Champion,M., Godfrey,P., Shenoy,N., Yandava,C., Zeng,Q., Alvarez,P., Brockman,W., Butler,J., Gnerre,S., Grabherr,M., Kleber,M., Mauceli,E., MacCallum,I., Vu,H.T., Nguyen,Q.H., Nguyen,Q.T., Duong,P.H., Simmons,C.P., Wills,B., Nguyen,M.D., Tran,V.N., Tran,H.T., Nguyen,L.T.M., Nguyen,L.P.H., Nusbaum,C., Birren,B.",2007,2009-05-05,ssRNA(+)
FJ898372,dengue virus type I,Orthoflavivirus denguei,,DENV-1/VN/BID-V2724/2007,10690,complete,Viet Nam: South,Homo sapiens,blood,"Henn,M.R., Young,S., Koehrsen,M., Jaffe,D., Lennon,N., Erlich,R., Anderson,S., Rizzolo,K., Green,L., Ryan,E., Yu,Q., Berlin,A., Heiman,D., Hepburn,T., Sykes,S., Borenstein,D., Engels,R., Freedman,E., Gellesch,M., Heilman,E., Howarth,C., Jen,D., Larson,L., Lewis,B., Montgomery,P., Park,D., Pearson,M., Richards,J., Roberts,A., Sisk,P., Stolte,C., White,J., Alvarado,L., Champion,M., Godfrey,P., Shenoy,N., Yandava,C., Zeng,Q., Alvarez,P., Brockman,W., Butler,J., Gnerre,S., Grabherr,M., Kleber,M., Mauceli,E., MacCallum,I., Vu,H.T., Nguyen,Q.H., Nguyen,Q.T., Duong,P.H., Simmons,C.P., Wills,B., Nguyen,M.D., Tran,V.N., Tran,H.T., Nguyen,L.T.M., Nguyen,L.P.H., Nusbaum,C., Birren,B.",2007,2009-05-05,ssRNA(+)
FJ898373,dengue virus type I,Orthoflavivirus denguei,,DENV-1/VN/BID-V2725/2007,10680,complete,Viet Nam: South,Homo sapiens,blood,"Henn,M.R., Young,S., Koehrsen,M., Jaffe,D., Lennon,N., Erlich,R., Anderson,S., Rizzolo,K., Green,L., Ryan,E., Yu,Q., Berlin,A., Heiman,D., Hepburn,T., Sykes,S., Borenstein,D., Engels,R., Freedman,E., Gellesch,M., Heilman,E., Howarth,C., Jen,D., Larson,L., Lewis,B., Montgomery,P., Park,D., Pearson,M., Richards,J., Roberts,A., Sisk,P., Stolte,C., White,J., Alvarado,L., Champion,M., Godfrey,P., Shenoy,N., Yandava,C., Zeng,Q., Alvarez,P., Brockman,W., Butler,J., Gnerre,S., Grabherr,M., Kleber,M., Mauceli,E., MacCallum,I., Vu,H.T., Nguyen,Q.H., Nguyen,Q.T., Duong,P.H., Simmons,C.P., Wills,B., Nguyen,M.D., Tran,V.N., Tran,H.T., Nguyen,L.T.M., Nguyen,L.P.H., Nusbaum,C., Birren,B.",2007,2009-05-05,ssRNA(+)
FJ898374,dengue virus type I,Orthoflavivirus denguei,,DENV-1/VN/BID-V2726/2007,10674,complete,Viet Nam: South,Homo sapiens,blood,"Henn,M.R., Young,S., Koehrsen,M., Jaffe,D., Lennon,N., Erlich,R., Anderson,S., Rizzolo,K., Green,L., Ryan,E., Yu,Q., Berlin,A., Heiman,D., Hepburn,T., Sykes,S., Borenstein,D., Engels,R., Freedman,E., Gellesch,M., Heilman,E., Howarth,C., Jen,D., Larson,L., Lewis,B., Montgomery,P., Park,D., Pearson,M., Richards,J., Roberts,A., Sisk,P., Stolte,C., White,J., Alvarado,L., Champion,M., Godfrey,P., Shenoy,N., Yandava,C., Zeng,Q., Alvarez,P., Brockman,W., Butler,J., Gnerre,S., Grabherr,M., Kleber,M., Mauceli,E., MacCallum,I., Vu,H.T., Nguyen,Q.H., Nguyen,Q.T., Duong,P.H., Simmons,C.P., Wills,B., Nguyen,M.D., Tran,V.N., Tran,H.T., Nguyen,L.T.M., Nguyen,L.P.H., Nusbaum,C., Birren,B.",2007,2009-05-05,ssRNA(+)
FJ898375,dengue virus type I,Orthoflavivirus denguei,,DENV-1/VN/BID-V2727/2007,10690,complete,Viet Nam: South,Homo sapiens,blood,"Henn,M.R., Young,S., Koehrsen,M., Jaffe,D., Lennon,N., Erlich,R., Anderson,S., Rizzolo,K., Green,L., Ryan,E., Yu,Q., Berlin,A., Heiman,D., Hepburn,T., Sykes,S., Borenstein,D., Engels,R., Freedman,E., Gellesch,M., Heilman,E., Howarth,C., Jen,D., Larson,L., Lewis,B., Montgomery,P., Park,D., Pearson,M., Richards,J., Roberts,A., Sisk,P., Stolte,C., White,J., Alvarado,L., Champion,M., Godfrey,P., Shenoy,N., Yandava,C., Zeng,Q., Alvarez,P., Brockman,W., Butler,J., Gnerre,S., Grabherr,M., Kleber,M., Mauceli,E., MacCallum,I., Vu,H.T., Nguyen,Q.H., Nguyen,Q.T., Duong,P.H., Simmons,C.P., Wills,B., Nguyen,M.D., Tran,V.N., Tran,H.T., Nguyen,L.T.M., Nguyen,L.P.H., Nusbaum,C., Birren,B.",2007,2009-05-05,ssRNA(+)
FJ898376,dengue virus type I,Orthoflavivirus denguei,,DENV-1/VN/BID-V2728/2007,10689,complete,Viet Nam: South,Homo sapiens,blood,"Henn,M.R., Young,S., Koehrsen,M., Jaffe,D., Lennon,N., Erlich,R., Anderson,S., Rizzolo,K., Green,L., Ryan,E., Yu,Q., Berlin,A., Heiman,D., Hepburn,T., Sykes,S., Borenstein,D., Engels,R., Freedman,E., Gellesch,M., Heilman,E., Howarth,C., Jen,D., Larson,L., Lewis,B., Montgomery,P., Park,D., Pearson,M., Richards,J., Roberts,A., Sisk,P., Stolte,C., White,J., Alvarado,L., Champion,M., Godfrey,P., Shenoy,N., Yandava,C., Zeng,Q., Alvarez,P., Brockman,W., Butler,J., Gnerre,S., Grabherr,M., Kleber,M., Mauceli,E., MacCallum,I., Vu,H.T., Nguyen,Q.H., Nguyen,Q.T., Duong,P.H., Simmons,C.P., Wills,B., Nguyen,M.D., Tran,V.N., Tran,H.T., Nguyen,L.T.M., Nguyen,L.P.H., Nusbaum,C., Birren,B.",2007,2009-05-05,ssRNA(+)
FJ898377,dengue virus type I,Orthoflavivirus denguei,,DENV-1/VN/BID-V2729/2007,10690,complete,Viet Nam: South,Homo sapiens,blood,"Henn,M.R., Young,S., Koehrsen,M., Jaffe,D., Lennon,N., Erlich,R., Anderson,S., Rizzolo,K., Green,L., Ryan,E., Yu,Q., Berlin,A., Heiman,D., Hepburn,T., Sykes,S., Borenstein,D., Engels,R., Freedman,E., Gellesch,M., Heilman,E., Howarth,C., Jen,D., Larson,L., Lewis,B., Montgomery,P., Park,D., Pearson,M., Richards,J., Roberts,A., Sisk,P., Stolte,C., White,J., Alvarado,L., Champion,M., Godfrey,P., Shenoy,N., Yandava,C., Zeng,Q., Alvarez,P., Brockman,W., Butler,J., Gnerre,S., Grabherr,M., Kleber,M., Mauceli,E., MacCallum,I., Vu,H.T., Nguyen,Q.H., Nguyen,Q.T., Duong,P.H., Simmons,C.P., Wills,B., Nguyen,M.D., Tran,V.N., Tran,H.T., Nguyen,L.T.M., Nguyen,L.P.H., Nusbaum,C., Birren,B.",2007,2009-05-05,ssRNA(+)
FJ898378,dengue virus type I,Orthoflavivirus denguei,,DENV-1/VN/BID-V2730/2007,10677,complete,Viet Nam: South,Homo sapiens,blood,"Henn,M.R., Young,S., Koehrsen,M., Jaffe,D., Lennon,N., Erlich,R., Anderson,S., Rizzolo,K., Green,L., Ryan,E., Yu,Q., Berlin,A., Heiman,D., Hepburn,T., Sykes,S., Borenstein,D., Engels,R., Freedman,E., Gellesch,M., Heilman,E., Howarth,C., Jen,D., Larson,L., Lewis,B., Montgomery,P., Park,D., Pearson,M., Richards,J., Roberts,A., Sisk,P., Stolte,C., White,J., Alvarado,L., Champion,M., Godfrey,P., Shenoy,N., Yandava,C., Zeng,Q., Alvarez,P., Brockman,W., Butler,J., Gnerre,S., Grabherr,M., Kleber,M., Mauceli,E., MacCallum,I., Vu,H.T., Nguyen,Q.H., Nguyen,Q.T., Duong,P.H., Simmons,C.P., Wills,B., Nguyen,M.D., Tran,V.N., Tran,H.T., Nguyen,L.T.M., Nguyen,L.P.H., Nusbaum,C., Birren,B.",2007,2009-05-05,ssRNA(+)
FJ898379,dengue virus type I,Orthoflavivirus denguei,,DENV-1/VN/BID-V2731/2007,10674,complete,Viet Nam: South,Homo sapiens,blood,"Henn,M.R., Young,S., Koehrsen,M., Jaffe,D., Lennon,N., Erlich,R., Anderson,S., Rizzolo,K., Green,L., Ryan,E., Yu,Q., Berlin,A., Heiman,D., Hepburn,T., Sykes,S., Borenstein,D., Engels,R., Freedman,E., Gellesch,M., Heilman,E., Howarth,C., Jen,D., Larson,L., Lewis,B., Montgomery,P., Park,D., Pearson,M., Richards,J., Roberts,A., Sisk,P., Stolte,C., White,J., Alvarado,L., Champion,M., Godfrey,P., Shenoy,N., Yandava,C., Zeng,Q., Alvarez,P., Brockman,W., Butler,J., Gnerre,S., Grabherr,M., Kleber,M., Mauceli,E., MacCallum,I., Vu,H.T., Nguyen,Q.H., Nguyen,Q.T., Duong,P.H., Simmons,C.P., Wills,B., Nguyen,M.D., Tran,V.N., Tran,H.T., Nguyen,L.T.M., Nguyen,L.P.H., Nusbaum,C., Birren,B.",2007,2009-05-05,ssRNA(+)
FJ898380,dengue virus type I,Orthoflavivirus denguei,,DENV-1/VN/BID-V2738/2007,10676,complete,Viet Nam: South,Homo sapiens,blood,"Henn,M.R., Young,S., Koehrsen,M., Jaffe,D., Lennon,N., Erlich,R., Anderson,S., Rizzolo,K., Green,L., Ryan,E., Yu,Q., Berlin,A., Heiman,D., Hepburn,T., Sykes,S., Borenstein,D., Engels,R., Freedman,E., Gellesch,M., Heilman,E., Howarth,C., Jen,D., Larson,L., Lewis,B., Montgomery,P., Park,D., Pearson,M., Richards,J., Roberts,A., Sisk,P., Stolte,C., White,J., Alvarado,L., Champion,M., Godfrey,P., Shenoy,N., Yandava,C., Zeng,Q., Alvarez,P., Brockman,W., Butler,J., Gnerre,S., Grabherr,M., Kleber,M., Mauceli,E., MacCallum,I., Vu,H.T., Nguyen,Q.H., Nguyen,Q.T., Duong,P.H., Simmons,C.P., Wills,B., Nguyen,M.D., Tran,V.N., Tran,H.T., Nguyen,L.T.M., Nguyen,L.P.H., Nusbaum,C., Birren,B.",2007,2009-05-05,ssRNA(+)
FJ898381,dengue virus type I,Orthoflavivirus denguei,,DENV-1/VN/BID-V2739/2007,10680,complete,Viet Nam: South,Homo sapiens,blood,"Henn,M.R., Young,S., Koehrsen,M., Jaffe,D., Lennon,N., Erlich,R., Anderson,S., Rizzolo,K., Green,L., Ryan,E., Yu,Q., Berlin,A., Heiman,D., Hepburn,T., Sykes,S., Borenstein,D., Engels,R., Freedman,E., Gellesch,M., Heilman,E., Howarth,C., Jen,D., Larson,L., Lewis,B., Montgomery,P., Park,D., Pearson,M., Richards,J., Roberts,A., Sisk,P., Stolte,C., White,J., Alvarado,L., Champion,M., Godfrey,P., Shenoy,N., Yandava,C., Zeng,Q., Alvarez,P., Brockman,W., Butler,J., Gnerre,S., Grabherr,M., Kleber,M., Mauceli,E., MacCallum,I., Vu,H.T., Nguyen,Q.H., Nguyen,Q.T., Duong,P.H., Simmons,C.P., Wills,B., Nguyen,M.D., Tran,V.N., Tran,H.T., Nguyen,L.T.M., Nguyen,L.P.H., Nusbaum,C., Birren,B.",2007,2009-05-05,ssRNA(+)
FJ898382,dengue virus type I,Orthoflavivirus denguei,,DENV-1/VN/BID-V2740/2007,10690,complete,Viet Nam: South,Homo sapiens,blood,"Henn,M.R., Young,S., Koehrsen,M., Jaffe,D., Lennon,N., Erlich,R., Anderson,S., Rizzolo,K., Green,L., Ryan,E., Yu,Q., Berlin,A., Heiman,D., Hepburn,T., Sykes,S., Borenstein,D., Engels,R., Freedman,E., Gellesch,M., Heilman,E., Howarth,C., Jen,D., Larson,L., Lewis,B., Montgomery,P., Park,D., Pearson,M., Richards,J., Roberts,A., Sisk,P., Stolte,C., White,J., Alvarado,L., Champion,M., Godfrey,P., Shenoy,N., Yandava,C., Zeng,Q., Alvarez,P., Brockman,W., Butler,J., Gnerre,S., Grabherr,M., Kleber,M., Mauceli,E., MacCallum,I., Vu,H.T., Nguyen,Q.H., Nguyen,Q.T., Duong,P.H., Simmons,C.P., Wills,B., Nguyen,M.D., Tran,V.N., Tran,H.T., Nguyen,L.T.M., Nguyen,L.P.H., Nusbaum,C., Birren,B.",2007,2009-05-05,ssRNA(+)
FJ898383,dengue virus type I,Orthoflavivirus denguei,,DENV-1/VN/BID-V2741/2007,10690,complete,Viet Nam: South,Homo sapiens,blood,"Henn,M.R., Young,S., Koehrsen,M., Jaffe,D., Lennon,N., Erlich,R., Anderson,S., Rizzolo,K., Green,L., Ryan,E., Yu,Q., Berlin,A., Heiman,D., Hepburn,T., Sykes,S., Borenstein,D., Engels,R., Freedman,E., Gellesch,M., Heilman,E., Howarth,C., Jen,D., Larson,L., Lewis,B., Montgomery,P., Park,D., Pearson,M., Richards,J., Roberts,A., Sisk,P., Stolte,C., White,J., Alvarado,L., Champion,M., Godfrey,P., Shenoy,N., Yandava,C., Zeng,Q., Alvarez,P., Brockman,W., Butler,J., Gnerre,S., Grabherr,M., Kleber,M., Mauceli,E., MacCallum,I., Vu,H.T., Nguyen,Q.H., Nguyen,Q.T., Duong,P.H., Simmons,C.P., Wills,B., Nguyen,M.D., Tran,V.N., Tran,H.T., Nguyen,L.T.M., Nguyen,L.P.H., Nusbaum,C., Birren,B.",2007,2009-05-05,ssRNA(+)
FJ898384,dengue virus type I,Orthoflavivirus denguei,,DENV-1/VN/BID-V2742/2007,10690,complete,Viet Nam: South,Homo sapiens,blood,"Henn,M.R., Young,S., Koehrsen,M., Jaffe,D., Lennon,N., Erlich,R., Anderson,S., Rizzolo,K., Green,L., Ryan,E., Yu,Q., Berlin,A., Heiman,D., Hepburn,T., Sykes,S., Borenstein,D., Engels,R., Freedman,E., Gellesch,M., Heilman,E., Howarth,C., Jen,D., Larson,L., Lewis,B., Montgomery,P., Park,D., Pearson,M., Richards,J., Roberts,A., Sisk,P., Stolte,C., White,J., Alvarado,L., Champion,M., Godfrey,P., Shenoy,N., Yandava,C., Zeng,Q., Alvarez,P., Brockman,W., Butler,J., Gnerre,S., Grabherr,M., Kleber,M., Mauceli,E., MacCallum,I., Vu,H.T., Nguyen,Q.H., Nguyen,Q.T., Duong,P.H., Simmons,C.P., Wills,B., Nguyen,M.D., Tran,V.N., Tran,H.T., Nguyen,L.T.M., Nguyen,L.P.H., Nusbaum,C., Birren,B.",2007,2009-05-05,ssRNA(+)
FJ898385,dengue virus type I,Orthoflavivirus denguei,,DENV-1/VN/BID-V2743/2007,10690,complete,Viet Nam: South,Homo sapiens,blood,"Henn,M.R., Young,S., Koehrsen,M., Jaffe,D., Lennon,N., Erlich,R., Anderson,S., Rizzolo,K., Green,L., Ryan,E., Yu,Q., Berlin,A., Heiman,D., Hepburn,T., Sykes,S., Borenstein,D., Engels,R., Freedman,E., Gellesch,M., Heilman,E., Howarth,C., Jen,D., Larson,L., Lewis,B., Montgomery,P., Park,D., Pearson,M., Richards,J., Roberts,A., Sisk,P., Stolte,C., White,J., Alvarado,L., Champion,M., Godfrey,P., Shenoy,N., Yandava,C., Zeng,Q., Alvarez,P., Brockman,W., Butler,J., Gnerre,S., Grabherr,M., Kleber,M., Mauceli,E., MacCallum,I., Vu,H.T., Nguyen,Q.H., Nguyen,Q.T., Duong,P.H., Simmons,C.P., Wills,B., Nguyen,M.D., Tran,V.N., Tran,H.T., Nguyen,L.T.M., Nguyen,L.P.H., Nusbaum,C., Birren,B.",2007,2009-05-05,ssRNA(+)
FJ898386,dengue virus type I,Orthoflavivirus denguei,,DENV-1/VN/BID-V2842/2005,10690,complete,Viet Nam: South,Homo sapiens,blood,"Henn,M.R., Young,S., Koehrsen,M., Jaffe,D., Lennon,N., Erlich,R., Anderson,S., Rizzolo,K., Green,L., Ryan,E., Yu,Q., Berlin,A., Heiman,D., Hepburn,T., Sykes,S., Borenstein,D., Engels,R., Freedman,E., Gellesch,M., Heilman,E., Howarth,C., Jen,D., Larson,L., Lewis,B., Montgomery,P., Park,D., Pearson,M., Richards,J., Roberts,A., Sisk,P., Stolte,C., White,J., Alvarado,L., Champion,M., Godfrey,P., Shenoy,N., Yandava,C., Zeng,Q., Alvarez,P., Brockman,W., Butler,J., Gnerre,S., Grabherr,M., Kleber,M., Mauceli,E., MacCallum,I., Vu,H.T., Nguyen,Q.H., Nguyen,Q.T., Duong,P.H., Simmons,C.P., Wills,B., Nguyen,M.D., Tran,V.N., Tran,H.T., Nguyen,L.T.M., Nguyen,L.P.H., Nusbaum,C., Birren,B.",2005,2009-05-05,ssRNA(+)
FJ898387,dengue virus type I,Orthoflavivirus denguei,,DENV-1/VN/BID-V2847/2005,10654,complete,Viet Nam: South,Homo sapiens,blood,"Henn,M.R., Young,S., Koehrsen,M., Jaffe,D., Lennon,N., Erlich,R., Anderson,S., Rizzolo,K., Green,L., Ryan,E., Yu,Q., Berlin,A., Heiman,D., Hepburn,T., Sykes,S., Borenstein,D., Engels,R., Freedman,E., Gellesch,M., Heilman,E., Howarth,C., Jen,D., Larson,L., Lewis,B., Montgomery,P., Park,D., Pearson,M., Richards,J., Roberts,A., Sisk,P., Stolte,C., White,J., Alvarado,L., Champion,M., Godfrey,P., Shenoy,N., Yandava,C., Zeng,Q., Alvarez,P., Brockman,W., Butler,J., Gnerre,S., Grabherr,M., Kleber,M., Mauceli,E., MacCallum,I., Vu,H.T., Nguyen,Q.H., Nguyen,Q.T., Duong,P.H., Simmons,C.P., Wills,B., Nguyen,M.D., Tran,V.N., Tran,H.T., Nguyen,L.T.M., Nguyen,L.P.H., Nusbaum,C., Birren,B.",2005,2009-05-05,ssRNA(+)
FJ898388,dengue virus type I,Orthoflavivirus denguei,,DENV-1/VN/BID-V2848/2005,10690,complete,Viet Nam: South,Homo sapiens,blood,"Henn,M.R., Young,S., Koehrsen,M., Jaffe,D., Lennon,N., Erlich,R., Anderson,S., Rizzolo,K., Green,L., Ryan,E., Yu,Q., Berlin,A., Heiman,D., Hepburn,T., Sykes,S., Borenstein,D., Engels,R., Freedman,E., Gellesch,M., Heilman,E., Howarth,C., Jen,D., Larson,L., Lewis,B., Montgomery,P., Park,D., Pearson,M., Richards,J., Roberts,A., Sisk,P., Stolte,C., White,J., Alvarado,L., Champion,M., Godfrey,P., Shenoy,N., Yandava,C., Zeng,Q., Alvarez,P., Brockman,W., Butler,J., Gnerre,S., Grabherr,M., Kleber,M., Mauceli,E., MacCallum,I., Vu,H.T., Nguyen,Q.H., Nguyen,Q.T., Duong,P.H., Simmons,C.P., Wills,B., Nguyen,M.D., Tran,V.N., Tran,H.T., Nguyen,L.T.M., Nguyen,L.P.H., Nusbaum,C., Birren,B.",2005,2009-05-05,ssRNA(+)
FJ898389,dengue virus type I,Orthoflavivirus denguei,,DENV-1/VN/BID-V2850/2005,10690,complete,Viet Nam: South,Homo sapiens,blood,"Henn,M.R., Young,S., Koehrsen,M., Jaffe,D., Lennon,N., Erlich,R., Anderson,S., Rizzolo,K., Green,L., Ryan,E., Yu,Q., Berlin,A., Heiman,D., Hepburn,T., Sykes,S., Borenstein,D., Engels,R., Freedman,E., Gellesch,M., Heilman,E., Howarth,C., Jen,D., Larson,L., Lewis,B., Montgomery,P., Park,D., Pearson,M., Richards,J., Roberts,A., Sisk,P., Stolte,C., White,J., Alvarado,L., Champion,M., Godfrey,P., Shenoy,N., Yandava,C., Zeng,Q., Alvarez,P., Brockman,W., Butler,J., Gnerre,S., Grabherr,M., Kleber,M., Mauceli,E., MacCallum,I., Vu,H.T., Nguyen,Q.H., Nguyen,Q.T., Duong,P.H., Simmons,C.P., Wills,B., Nguyen,M.D., Tran,V.N., Tran,H.T., Nguyen,L.T.M., Nguyen,L.P.H., Nusbaum,C., Birren,B.",2005,2009-05-05,ssRNA(+)
FJ898390,dengue virus type I,Orthoflavivirus denguei,,DENV-1/VN/BID-V2851/2005,10676,complete,Viet Nam: South,Homo sapiens,blood,"Henn,M.R., Young,S., Koehrsen,M., Jaffe,D., Lennon,N., Erlich,R., Anderson,S., Rizzolo,K., Green,L., Ryan,E., Yu,Q., Berlin,A., Heiman,D., Hepburn,T., Sykes,S., Borenstein,D., Engels,R., Freedman,E., Gellesch,M., Heilman,E., Howarth,C., Jen,D., Larson,L., Lewis,B., Montgomery,P., Park,D., Pearson,M., Richards,J., Roberts,A., Sisk,P., Stolte,C., White,J., Alvarado,L., Champion,M., Godfrey,P., Shenoy,N., Yandava,C., Zeng,Q., Alvarez,P., Brockman,W., Butler,J., Gnerre,S., Grabherr,M., Kleber,M., Mauceli,E., MacCallum,I., Vu,H.T., Nguyen,Q.H., Nguyen,Q.T., Duong,P.H., Simmons,C.P., Wills,B., Nguyen,M.D., Tran,V.N., Tran,H.T., Nguyen,L.T.M., Nguyen,L.P.H., Nusbaum,C., Birren,B.",2005,2009-05-05,ssRNA(+)
FJ898391,dengue virus type I,Orthoflavivirus denguei,,DENV-1/VN/BID-V2852/2005,10690,complete,Viet Nam: South,Homo sapiens,blood,"Henn,M.R., Young,S., Koehrsen,M., Jaffe,D., Lennon,N., Erlich,R., Anderson,S., Rizzolo,K., Green,L., Ryan,E., Yu,Q., Berlin,A., Heiman,D., Hepburn,T., Sykes,S., Borenstein,D., Engels,R., Freedman,E., Gellesch,M., Heilman,E., Howarth,C., Jen,D., Larson,L., Lewis,B., Montgomery,P., Park,D., Pearson,M., Richards,J., Roberts,A., Sisk,P., Stolte,C., White,J., Alvarado,L., Champion,M., Godfrey,P., Shenoy,N., Yandava,C., Zeng,Q., Alvarez,P., Brockman,W., Butler,J., Gnerre,S., Grabherr,M., Kleber,M., Mauceli,E., MacCallum,I., Vu,H.T., Nguyen,Q.H., Nguyen,Q.T., Duong,P.H., Simmons,C.P., Wills,B., Nguyen,M.D., Tran,V.N., Tran,H.T., Nguyen,L.T.M., Nguyen,L.P.H., Nusbaum,C., Birren,B.",2005,2009-05-05,ssRNA(+)
FJ898392,dengue virus type I,Orthoflavivirus denguei,,DENV-1/VN/BID-V2853/2005,10690,complete,Viet Nam: South,Homo sapiens,blood,"Henn,M.R., Young,S., Koehrsen,M., Jaffe,D., Lennon,N., Erlich,R., Anderson,S., Rizzolo,K., Green,L., Ryan,E., Yu,Q., Berlin,A., Heiman,D., Hepburn,T., Sykes,S., Borenstein,D., Engels,R., Freedman,E., Gellesch,M., Heilman,E., Howarth,C., Jen,D., Larson,L., Lewis,B., Montgomery,P., Park,D., Pearson,M., Richards,J., Roberts,A., Sisk,P., Stolte,C., White,J., Alvarado,L., Champion,M., Godfrey,P., Shenoy,N., Yandava,C., Zeng,Q., Alvarez,P., Brockman,W., Butler,J., Gnerre,S., Grabherr,M., Kleber,M., Mauceli,E., MacCallum,I., Vu,H.T., Nguyen,Q.H., Nguyen,Q.T., Duong,P.H., Simmons,C.P., Wills,B., Nguyen,M.D., Tran,V.N., Tran,H.T., Nguyen,L.T.M., Nguyen,L.P.H., Nusbaum,C., Birren,B.",2005,2009-05-05,ssRNA(+)
FJ898393,dengue virus type I,Orthoflavivirus denguei,,DENV-1/VN/BID-V2854/2005,10687,complete,Viet Nam: South,Homo sapiens,blood,"Henn,M.R., Young,S., Koehrsen,M., Jaffe,D., Lennon,N., Erlich,R., Anderson,S., Rizzolo,K., Green,L., Ryan,E., Yu,Q., Berlin,A., Heiman,D., Hepburn,T., Sykes,S., Borenstein,D., Engels,R., Freedman,E., Gellesch,M., Heilman,E., Howarth,C., Jen,D., Larson,L., Lewis,B., Montgomery,P., Park,D., Pearson,M., Richards,J., Roberts,A., Sisk,P., Stolte,C., White,J., Alvarado,L., Champion,M., Godfrey,P., Shenoy,N., Yandava,C., Zeng,Q., Alvarez,P., Brockman,W., Butler,J., Gnerre,S., Grabherr,M., Kleber,M., Mauceli,E., MacCallum,I., Vu,H.T., Nguyen,Q.H., Nguyen,Q.T., Duong,P.H., Simmons,C.P., Wills,B., Nguyen,M.D., Tran,V.N., Tran,H.T., Nguyen,L.T.M., Nguyen,L.P.H., Nusbaum,C., Birren,B.",2005,2009-05-05,ssRNA(+)
FJ898394,dengue virus type I,Orthoflavivirus denguei,,DENV-1/VN/BID-V2855/2005,10677,complete,Viet Nam: South,Homo sapiens,blood,"Henn,M.R., Young,S., Koehrsen,M., Jaffe,D., Lennon,N., Erlich,R., Anderson,S., Rizzolo,K., Green,L., Ryan,E., Yu,Q., Berlin,A., Heiman,D., Hepburn,T., Sykes,S., Borenstein,D., Engels,R., Freedman,E., Gellesch,M., Heilman,E., Howarth,C., Jen,D., Larson,L., Lewis,B., Montgomery,P., Park,D., Pearson,M., Richards,J., Roberts,A., Sisk,P., Stolte,C., White,J., Alvarado,L., Champion,M., Godfrey,P., Shenoy,N., Yandava,C., Zeng,Q., Alvarez,P., Brockman,W., Butler,J., Gnerre,S., Grabherr,M., Kleber,M., Mauceli,E., MacCallum,I., Vu,H.T., Nguyen,Q.H., Nguyen,Q.T., Duong,P.H., Simmons,C.P., Wills,B., Nguyen,M.D., Tran,V.N., Tran,H.T., Nguyen,L.T.M., Nguyen,L.P.H., Nusbaum,C., Birren,B.",2005,2009-05-05,ssRNA(+)
FJ898395,dengue virus type I,Orthoflavivirus denguei,,DENV-1/VN/BID-V2856/2005,10681,complete,Viet Nam: South,Homo sapiens,blood,"Henn,M.R., Young,S., Koehrsen,M., Jaffe,D., Lennon,N., Erlich,R., Anderson,S., Rizzolo,K., Green,L., Ryan,E., Yu,Q., Berlin,A., Heiman,D., Hepburn,T., Sykes,S., Borenstein,D., Engels,R., Freedman,E., Gellesch,M., Heilman,E., Howarth,C., Jen,D., Larson,L., Lewis,B., Montgomery,P., Park,D., Pearson,M., Richards,J., Roberts,A., Sisk,P., Stolte,C., White,J., Alvarado,L., Champion,M., Godfrey,P., Shenoy,N., Yandava,C., Zeng,Q., Alvarez,P., Brockman,W., Butler,J., Gnerre,S., Grabherr,M., Kleber,M., Mauceli,E., MacCallum,I., Vu,H.T., Nguyen,Q.H., Nguyen,Q.T., Duong,P.H., Simmons,C.P., Wills,B., Nguyen,M.D., Tran,V.N., Tran,H.T., Nguyen,L.T.M., Nguyen,L.P.H., Nusbaum,C., Birren,B.",2005,2009-05-05,ssRNA(+)
FJ898396,dengue virus type I,Orthoflavivirus denguei,,DENV-1/VN/BID-V2858/2006,10719,complete,Viet Nam: South,Homo sapiens,blood,"Henn,M.R., Young,S., Koehrsen,M., Jaffe,D., Lennon,N., Erlich,R., Anderson,S., Rizzolo,K., Green,L., Ryan,E., Yu,Q., Berlin,A., Heiman,D., Hepburn,T., Sykes,S., Borenstein,D., Engels,R., Freedman,E., Gellesch,M., Heilman,E., Howarth,C., Jen,D., Larson,L., Lewis,B., Montgomery,P., Park,D., Pearson,M., Richards,J., Roberts,A., Sisk,P., Stolte,C., White,J., Alvarado,L., Champion,M., Godfrey,P., Shenoy,N., Yandava,C., Zeng,Q., Alvarez,P., Brockman,W., Butler,J., Gnerre,S., Grabherr,M., Kleber,M., Mauceli,E., MacCallum,I., Vu,H.T., Nguyen,Q.H., Nguyen,Q.T., Duong,P.H., Simmons,C.P., Wills,B., Nguyen,M.D., Tran,V.N., Tran,H.T., Nguyen,L.T.M., Nguyen,L.P.H., Nusbaum,C., Birren,B.",2006,2009-05-05,ssRNA(+)
FJ898397,dengue virus type I,Orthoflavivirus denguei,,DENV-1/VN/BID-V2860/2006,10680,complete,Viet Nam: South,Homo sapiens,blood,"Henn,M.R., Young,S., Koehrsen,M., Jaffe,D., Lennon,N., Erlich,R., Anderson,S., Rizzolo,K., Green,L., Ryan,E., Yu,Q., Berlin,A., Heiman,D., Hepburn,T., Sykes,S., Borenstein,D., Engels,R., Freedman,E., Gellesch,M., Heilman,E., Howarth,C., Jen,D., Larson,L., Lewis,B., Montgomery,P., Park,D., Pearson,M., Richards,J., Roberts,A., Sisk,P., Stolte,C., White,J., Alvarado,L., Champion,M., Godfrey,P., Shenoy,N., Yandava,C., Zeng,Q., Alvarez,P., Brockman,W., Butler,J., Gnerre,S., Grabherr,M., Kleber,M., Mauceli,E., MacCallum,I., Vu,H.T., Nguyen,Q.H., Nguyen,Q.T., Duong,P.H., Simmons,C.P., Wills,B., Nguyen,M.D., Tran,V.N., Tran,H.T., Nguyen,L.T.M., Nguyen,L.P.H., Nusbaum,C., Birren,B.",2006,2009-05-05,ssRNA(+)
FJ898398,dengue virus type I,Orthoflavivirus denguei,,DENV-1/VN/BID-V2861/2006,10688,complete,Viet Nam: South,Homo sapiens,blood,"Henn,M.R., Young,S., Koehrsen,M., Jaffe,D., Lennon,N., Erlich,R., Anderson,S., Rizzolo,K., Green,L., Ryan,E., Yu,Q., Berlin,A., Heiman,D., Hepburn,T., Sykes,S., Borenstein,D., Engels,R., Freedman,E., Gellesch,M., Heilman,E., Howarth,C., Jen,D., Larson,L., Lewis,B., Montgomery,P., Park,D., Pearson,M., Richards,J., Roberts,A., Sisk,P., Stolte,C., White,J., Alvarado,L., Champion,M., Godfrey,P., Shenoy,N., Yandava,C., Zeng,Q., Alvarez,P., Brockman,W., Butler,J., Gnerre,S., Grabherr,M., Kleber,M., Mauceli,E., MacCallum,I., Vu,H.T., Nguyen,Q.H., Nguyen,Q.T., Duong,P.H., Simmons,C.P., Wills,B., Nguyen,M.D., Tran,V.N., Tran,H.T., Nguyen,L.T.M., Nguyen,L.P.H., Nusbaum,C., Birren,B.",2006,2009-05-05,ssRNA(+)
FJ898399,dengue virus type I,Orthoflavivirus denguei,,DENV-1/VN/BID-V2862/2006,10690,complete,Viet Nam: South,Homo sapiens,blood,"Henn,M.R., Young,S., Koehrsen,M., Jaffe,D., Lennon,N., Erlich,R., Anderson,S., Rizzolo,K., Green,L., Ryan,E., Yu,Q., Berlin,A., Heiman,D., Hepburn,T., Sykes,S., Borenstein,D., Engels,R., Freedman,E., Gellesch,M., Heilman,E., Howarth,C., Jen,D., Larson,L., Lewis,B., Montgomery,P., Park,D., Pearson,M., Richards,J., Roberts,A., Sisk,P., Stolte,C., White,J., Alvarado,L., Champion,M., Godfrey,P., Shenoy,N., Yandava,C., Zeng,Q., Alvarez,P., Brockman,W., Butler,J., Gnerre,S., Grabherr,M., Kleber,M., Mauceli,E., MacCallum,I., Vu,H.T., Nguyen,Q.H., Nguyen,Q.T., Duong,P.H., Simmons,C.P., Wills,B., Nguyen,M.D., Tran,V.N., Tran,H.T., Nguyen,L.T.M., Nguyen,L.P.H., Nusbaum,C., Birren,B.",2006,2009-05-05,ssRNA(+)
FJ898400,dengue virus type I,Orthoflavivirus denguei,,DENV-1/VN/BID-V2863/2006,10688,complete,Viet Nam: South,Homo sapiens,blood,"Henn,M.R., Young,S., Koehrsen,M., Jaffe,D., Lennon,N., Erlich,R., Anderson,S., Rizzolo,K., Green,L., Ryan,E., Yu,Q., Berlin,A., Heiman,D., Hepburn,T., Sykes,S., Borenstein,D., Engels,R., Freedman,E., Gellesch,M., Heilman,E., Howarth,C., Jen,D., Larson,L., Lewis,B., Montgomery,P., Park,D., Pearson,M., Richards,J., Roberts,A., Sisk,P., Stolte,C., White,J., Alvarado,L., Champion,M., Godfrey,P., Shenoy,N., Yandava,C., Zeng,Q., Alvarez,P., Brockman,W., Butler,J., Gnerre,S., Grabherr,M., Kleber,M., Mauceli,E., MacCallum,I., Vu,H.T., Nguyen,Q.H., Nguyen,Q.T., Duong,P.H., Simmons,C.P., Wills,B., Nguyen,M.D., Tran,V.N., Tran,H.T., Nguyen,L.T.M., Nguyen,L.P.H., Nusbaum,C., Birren,B.",2006,2009-05-05,ssRNA(+)
FJ898401,dengue virus type I,Orthoflavivirus denguei,,DENV-1/VN/BID-V2864/2006,10690,complete,Viet Nam: South,Homo sapiens,blood,"Henn,M.R., Young,S., Koehrsen,M., Jaffe,D., Lennon,N., Erlich,R., Anderson,S., Rizzolo,K., Green,L., Ryan,E., Yu,Q., Berlin,A., Heiman,D., Hepburn,T., Sykes,S., Borenstein,D., Engels,R., Freedman,E., Gellesch,M., Heilman,E., Howarth,C., Jen,D., Larson,L., Lewis,B., Montgomery,P., Park,D., Pearson,M., Richards,J., Roberts,A., Sisk,P., Stolte,C., White,J., Alvarado,L., Champion,M., Godfrey,P., Shenoy,N., Yandava,C., Zeng,Q., Alvarez,P., Brockman,W., Butler,J., Gnerre,S., Grabherr,M., Kleber,M., Mauceli,E., MacCallum,I., Vu,H.T., Nguyen,Q.H., Nguyen,Q.T., Duong,P.H., Simmons,C.P., Wills,B., Nguyen,M.D., Tran,V.N., Tran,H.T., Nguyen,L.T.M., Nguyen,L.P.H., Nusbaum,C., Birren,B.",2006,2009-05-05,ssRNA(+)
FJ898402,dengue virus type I,Orthoflavivirus denguei,,DENV-1/VN/BID-V2865/2006,10690,complete,Viet Nam: South,Homo sapiens,blood,"Henn,M.R., Young,S., Koehrsen,M., Jaffe,D., Lennon,N., Erlich,R., Anderson,S., Rizzolo,K., Green,L., Ryan,E., Yu,Q., Berlin,A., Heiman,D., Hepburn,T., Sykes,S., Borenstein,D., Engels,R., Freedman,E., Gellesch,M., Heilman,E., Howarth,C., Jen,D., Larson,L., Lewis,B., Montgomery,P., Park,D., Pearson,M., Richards,J., Roberts,A., Sisk,P., Stolte,C., White,J., Alvarado,L., Champion,M., Godfrey,P., Shenoy,N., Yandava,C., Zeng,Q., Alvarez,P., Brockman,W., Butler,J., Gnerre,S., Grabherr,M., Kleber,M., Mauceli,E., MacCallum,I., Vu,H.T., Nguyen,Q.H., Nguyen,Q.T., Duong,P.H., Simmons,C.P., Wills,B., Nguyen,M.D., Tran,V.N., Tran,H.T., Nguyen,L.T.M., Nguyen,L.P.H., Nusbaum,C., Birren,B.",2006,2009-05-05,ssRNA(+)
FJ898403,dengue virus type I,Orthoflavivirus denguei,,DENV-1/VN/BID-V2867/2006,10690,complete,Viet Nam: South,Homo sapiens,blood,"Henn,M.R., Young,S., Koehrsen,M., Jaffe,D., Lennon,N., Erlich,R., Anderson,S., Rizzolo,K., Green,L., Ryan,E., Yu,Q., Berlin,A., Heiman,D., Hepburn,T., Sykes,S., Borenstein,D., Engels,R., Freedman,E., Gellesch,M., Heilman,E., Howarth,C., Jen,D., Larson,L., Lewis,B., Montgomery,P., Park,D., Pearson,M., Richards,J., Roberts,A., Sisk,P., Stolte,C., White,J., Alvarado,L., Champion,M., Godfrey,P., Shenoy,N., Yandava,C., Zeng,Q., Alvarez,P., Brockman,W., Butler,J., Gnerre,S., Grabherr,M., Kleber,M., Mauceli,E., MacCallum,I., Vu,H.T., Nguyen,Q.H., Nguyen,Q.T., Duong,P.H., Simmons,C.P., Wills,B., Nguyen,M.D., Tran,V.N., Tran,H.T., Nguyen,L.T.M., Nguyen,L.P.H., Nusbaum,C., Birren,B.",2006,2009-05-05,ssRNA(+)
FJ898404,dengue virus type I,Orthoflavivirus denguei,,DENV-1/VN/BID-V2868/2006,10689,complete,Viet Nam: South,Homo sapiens,blood,"Henn,M.R., Young,S., Koehrsen,M., Jaffe,D., Lennon,N., Erlich,R., Anderson,S., Rizzolo,K., Green,L., Ryan,E., Yu,Q., Berlin,A., Heiman,D., Hepburn,T., Sykes,S., Borenstein,D., Engels,R., Freedman,E., Gellesch,M., Heilman,E., Howarth,C., Jen,D., Larson,L., Lewis,B., Montgomery,P., Park,D., Pearson,M., Richards,J., Roberts,A., Sisk,P., Stolte,C., White,J., Alvarado,L., Champion,M., Godfrey,P., Shenoy,N., Yandava,C., Zeng,Q., Alvarez,P., Brockman,W., Butler,J., Gnerre,S., Grabherr,M., Kleber,M., Mauceli,E., MacCallum,I., Vu,H.T., Nguyen,Q.H., Nguyen,Q.T., Duong,P.H., Simmons,C.P., Wills,B., Nguyen,M.D., Tran,V.N., Tran,H.T., Nguyen,L.T.M., Nguyen,L.P.H., Nusbaum,C., Birren,B.",2006,2009-05-05,ssRNA(+)
FJ898405,dengue virus type I,Orthoflavivirus denguei,,DENV-1/VN/BID-V2871/2006,10679,complete,Viet Nam: South,Homo sapiens,blood,"Henn,M.R., Young,S., Koehrsen,M., Jaffe,D., Lennon,N., Erlich,R., Anderson,S., Rizzolo,K., Green,L., Ryan,E., Yu,Q., Berlin,A., Heiman,D., Hepburn,T., Sykes,S., Borenstein,D., Engels,R., Freedman,E., Gellesch,M., Heilman,E., Howarth,C., Jen,D., Larson,L., Lewis,B., Montgomery,P., Park,D., Pearson,M., Richards,J., Roberts,A., Sisk,P., Stolte,C., White,J., Alvarado,L., Champion,M., Godfrey,P., Shenoy,N., Yandava,C., Zeng,Q., Alvarez,P., Brockman,W., Butler,J., Gnerre,S., Grabherr,M., Kleber,M., Mauceli,E., MacCallum,I., Vu,H.T., Nguyen,Q.H., Nguyen,Q.T., Duong,P.H., Simmons,C.P., Wills,B., Nguyen,M.D., Tran,V.N., Tran,H.T., Nguyen,L.T.M., Nguyen,L.P.H., Nusbaum,C., Birren,B.",2006,2009-05-05,ssRNA(+)
FJ898406,dengue virus type I,Orthoflavivirus denguei,,DENV-1/VN/BID-V2873/2006,10690,complete,Viet Nam: South,Homo sapiens,blood,"Henn,M.R., Young,S., Koehrsen,M., Jaffe,D., Lennon,N., Erlich,R., Anderson,S., Rizzolo,K., Green,L., Ryan,E., Yu,Q., Berlin,A., Heiman,D., Hepburn,T., Sykes,S., Borenstein,D., Engels,R., Freedman,E., Gellesch,M., Heilman,E., Howarth,C., Jen,D., Larson,L., Lewis,B., Montgomery,P., Park,D., Pearson,M., Richards,J., Roberts,A., Sisk,P., Stolte,C., White,J., Alvarado,L., Champion,M., Godfrey,P., Shenoy,N., Yandava,C., Zeng,Q., Alvarez,P., Brockman,W., Butler,J., Gnerre,S., Grabherr,M., Kleber,M., Mauceli,E., MacCallum,I., Vu,H.T., Nguyen,Q.H., Nguyen,Q.T., Duong,P.H., Simmons,C.P., Wills,B., Nguyen,M.D., Tran,V.N., Tran,H.T., Nguyen,L.T.M., Nguyen,L.P.H., Nusbaum,C., Birren,B.",2006,2009-05-05,ssRNA(+)
FJ898407,dengue virus type I,Orthoflavivirus denguei,,DENV-1/VN/BID-V2876/2006,10672,complete,Viet Nam: South,Homo sapiens,blood,"Henn,M.R., Young,S., Koehrsen,M., Jaffe,D., Lennon,N., Erlich,R., Anderson,S., Rizzolo,K., Green,L., Ryan,E., Yu,Q., Berlin,A., Heiman,D., Hepburn,T., Sykes,S., Borenstein,D., Engels,R., Freedman,E., Gellesch,M., Heilman,E., Howarth,C., Jen,D., Larson,L., Lewis,B., Montgomery,P., Park,D., Pearson,M., Richards,J., Roberts,A., Sisk,P., Stolte,C., White,J., Alvarado,L., Champion,M., Godfrey,P., Shenoy,N., Yandava,C., Zeng,Q., Alvarez,P., Brockman,W., Butler,J., Gnerre,S., Grabherr,M., Kleber,M., Mauceli,E., MacCallum,I., Vu,H.T., Nguyen,Q.H., Nguyen,Q.T., Duong,P.H., Simmons,C.P., Wills,B., Nguyen,M.D., Tran,V.N., Tran,H.T., Nguyen,L.T.M., Nguyen,L.P.H., Nusbaum,C., Birren,B.",2006,2009-05-05,ssRNA(+)
FJ898408,dengue virus type I,Orthoflavivirus denguei,,DENV-1/VN/BID-V2877/2006,10690,complete,Viet Nam: South,Homo sapiens,blood,"Henn,M.R., Young,S., Koehrsen,M., Jaffe,D., Lennon,N., Erlich,R., Anderson,S., Rizzolo,K., Green,L., Ryan,E., Yu,Q., Berlin,A., Heiman,D., Hepburn,T., Sykes,S., Borenstein,D., Engels,R., Freedman,E., Gellesch,M., Heilman,E., Howarth,C., Jen,D., Larson,L., Lewis,B., Montgomery,P., Park,D., Pearson,M., Richards,J., Roberts,A., Sisk,P., Stolte,C., White,J., Alvarado,L., Champion,M., Godfrey,P., Shenoy,N., Yandava,C., Zeng,Q., Alvarez,P., Brockman,W., Butler,J., Gnerre,S., Grabherr,M., Kleber,M., Mauceli,E., MacCallum,I., Vu,H.T., Nguyen,Q.H., Nguyen,Q.T., Duong,P.H., Simmons,C.P., Wills,B., Nguyen,M.D., Tran,V.N., Tran,H.T., Nguyen,L.T.M., Nguyen,L.P.H., Nusbaum,C., Birren,B.",2006,2009-05-05,ssRNA(+)
FJ898409,dengue virus type I,Orthoflavivirus denguei,,DENV-1/VN/BID-V2879/2006,10684,complete,Viet Nam: South,Homo sapiens,blood,"Henn,M.R., Young,S., Koehrsen,M., Jaffe,D., Lennon,N., Erlich,R., Anderson,S., Rizzolo,K., Green,L., Ryan,E., Yu,Q., Berlin,A., Heiman,D., Hepburn,T., Sykes,S., Borenstein,D., Engels,R., Freedman,E., Gellesch,M., Heilman,E., Howarth,C., Jen,D., Larson,L., Lewis,B., Montgomery,P., Park,D., Pearson,M., Richards,J., Roberts,A., Sisk,P., Stolte,C., White,J., Alvarado,L., Champion,M., Godfrey,P., Shenoy,N., Yandava,C., Zeng,Q., Alvarez,P., Brockman,W., Butler,J., Gnerre,S., Grabherr,M., Kleber,M., Mauceli,E., MacCallum,I., Vu,H.T., Nguyen,Q.H., Nguyen,Q.T., Duong,P.H., Simmons,C.P., Wills,B., Nguyen,M.D., Tran,V.N., Tran,H.T., Nguyen,L.T.M., Nguyen,L.P.H., Nusbaum,C., Birren,B.",2006,2009-05-05,ssRNA(+)
FJ898410,dengue virus type I,Orthoflavivirus denguei,,DENV-1/VN/BID-V2888/2006,10690,complete,Viet Nam: South,Homo sapiens,blood,"Henn,M.R., Young,S., Koehrsen,M., Jaffe,D., Lennon,N., Erlich,R., Anderson,S., Rizzolo,K., Green,L., Ryan,E., Yu,Q., Berlin,A., Heiman,D., Hepburn,T., Sykes,S., Borenstein,D., Engels,R., Freedman,E., Gellesch,M., Heilman,E., Howarth,C., Jen,D., Larson,L., Lewis,B., Montgomery,P., Park,D., Pearson,M., Richards,J., Roberts,A., Sisk,P., Stolte,C., White,J., Alvarado,L., Champion,M., Godfrey,P., Shenoy,N., Yandava,C., Zeng,Q., Alvarez,P., Brockman,W., Butler,J., Gnerre,S., Grabherr,M., Kleber,M., Mauceli,E., MacCallum,I., Vu,H.T., Nguyen,Q.H., Nguyen,Q.T., Duong,P.H., Simmons,C.P., Wills,B., Nguyen,M.D., Tran,V.N., Tran,H.T., Nguyen,L.T.M., Nguyen,L.P.H., Nusbaum,C., Birren,B.",2006,2009-05-05,ssRNA(+)
FJ898411,dengue virus type I,Orthoflavivirus denguei,,DENV-1/VN/BID-V2891/2006,10690,complete,Viet Nam: South,Homo sapiens,blood,"Henn,M.R., Young,S., Koehrsen,M., Jaffe,D., Lennon,N., Erlich,R., Anderson,S., Rizzolo,K., Green,L., Ryan,E., Yu,Q., Berlin,A., Heiman,D., Hepburn,T., Sykes,S., Borenstein,D., Engels,R., Freedman,E., Gellesch,M., Heilman,E., Howarth,C., Jen,D., Larson,L., Lewis,B., Montgomery,P., Park,D., Pearson,M., Richards,J., Roberts,A., Sisk,P., Stolte,C., White,J., Alvarado,L., Champion,M., Godfrey,P., Shenoy,N., Yandava,C., Zeng,Q., Alvarez,P., Brockman,W., Butler,J., Gnerre,S., Grabherr,M., Kleber,M., Mauceli,E., MacCallum,I., Vu,H.T., Nguyen,Q.H., Nguyen,Q.T., Duong,P.H., Simmons,C.P., Wills,B., Nguyen,M.D., Tran,V.N., Tran,H.T., Nguyen,L.T.M., Nguyen,L.P.H., Nusbaum,C., Birren,B.",2006,2009-05-05,ssRNA(+)
FJ898412,dengue virus type I,Orthoflavivirus denguei,,DENV-1/VN/BID-V2892/2006,10672,complete,Viet Nam: South,Homo sapiens,blood,"Henn,M.R., Young,S., Koehrsen,M., Jaffe,D., Lennon,N., Erlich,R., Anderson,S., Rizzolo,K., Green,L., Ryan,E., Yu,Q., Berlin,A., Heiman,D., Hepburn,T., Sykes,S., Borenstein,D., Engels,R., Freedman,E., Gellesch,M., Heilman,E., Howarth,C., Jen,D., Larson,L., Lewis,B., Montgomery,P., Park,D., Pearson,M., Richards,J., Roberts,A., Sisk,P., Stolte,C., White,J., Alvarado,L., Champion,M., Godfrey,P., Shenoy,N., Yandava,C., Zeng,Q., Alvarez,P., Brockman,W., Butler,J., Gnerre,S., Grabherr,M., Kleber,M., Mauceli,E., MacCallum,I., Vu,H.T., Nguyen,Q.H., Nguyen,Q.T., Duong,P.H., Simmons,C.P., Wills,B., Nguyen,M.D., Tran,V.N., Tran,H.T., Nguyen,L.T.M., Nguyen,L.P.H., Nusbaum,C., Birren,B.",2006,2009-05-05,ssRNA(+)
FJ898413,dengue virus type I,Orthoflavivirus denguei,,DENV-1/VN/BID-V2894/2006,10684,complete,Viet Nam: South,Homo sapiens,blood,"Henn,M.R., Young,S., Koehrsen,M., Jaffe,D., Lennon,N., Erlich,R., Anderson,S., Rizzolo,K., Green,L., Ryan,E., Yu,Q., Berlin,A., Heiman,D., Hepburn,T., Sykes,S., Borenstein,D., Engels,R., Freedman,E., Gellesch,M., Heilman,E., Howarth,C., Jen,D., Larson,L., Lewis,B., Montgomery,P., Park,D., Pearson,M., Richards,J., Roberts,A., Sisk,P., Stolte,C., White,J., Alvarado,L., Champion,M., Godfrey,P., Shenoy,N., Yandava,C., Zeng,Q., Alvarez,P., Brockman,W., Butler,J., Gnerre,S., Grabherr,M., Kleber,M., Mauceli,E., MacCallum,I., Vu,H.T., Nguyen,Q.H., Nguyen,Q.T., Duong,P.H., Simmons,C.P., Wills,B., Nguyen,M.D., Tran,V.N., Tran,H.T., Nguyen,L.T.M., Nguyen,L.P.H., Nusbaum,C., Birren,B.",2006,2009-05-05,ssRNA(+)
FJ898414,dengue virus type I,Orthoflavivirus denguei,,DENV-1/VN/BID-V2895/2006,10679,complete,Viet Nam: South,Homo sapiens,blood,"Henn,M.R., Young,S., Koehrsen,M., Jaffe,D., Lennon,N., Erlich,R., Anderson,S., Rizzolo,K., Green,L., Ryan,E., Yu,Q., Berlin,A., Heiman,D., Hepburn,T., Sykes,S., Borenstein,D., Engels,R., Freedman,E., Gellesch,M., Heilman,E., Howarth,C., Jen,D., Larson,L., Lewis,B., Montgomery,P., Park,D., Pearson,M., Richards,J., Roberts,A., Sisk,P., Stolte,C., White,J., Alvarado,L., Champion,M., Godfrey,P., Shenoy,N., Yandava,C., Zeng,Q., Alvarez,P., Brockman,W., Butler,J., Gnerre,S., Grabherr,M., Kleber,M., Mauceli,E., MacCallum,I., Vu,H.T., Nguyen,Q.H., Nguyen,Q.T., Duong,P.H., Simmons,C.P., Wills,B., Nguyen,M.D., Tran,V.N., Tran,H.T., Nguyen,L.T.M., Nguyen,L.P.H., Nusbaum,C., Birren,B.",2006,2009-05-05,ssRNA(+)
FJ898415,dengue virus type I,Orthoflavivirus denguei,,DENV-1/VN/BID-V2896/2006,10672,complete,Viet Nam: South,Homo sapiens,blood,"Henn,M.R., Young,S., Koehrsen,M., Jaffe,D., Lennon,N., Erlich,R., Anderson,S., Rizzolo,K., Green,L., Ryan,E., Yu,Q., Berlin,A., Heiman,D., Hepburn,T., Sykes,S., Borenstein,D., Engels,R., Freedman,E., Gellesch,M., Heilman,E., Howarth,C., Jen,D., Larson,L., Lewis,B., Montgomery,P., Park,D., Pearson,M., Richards,J., Roberts,A., Sisk,P., Stolte,C., White,J., Alvarado,L., Champion,M., Godfrey,P., Shenoy,N., Yandava,C., Zeng,Q., Alvarez,P., Brockman,W., Butler,J., Gnerre,S., Grabherr,M., Kleber,M., Mauceli,E., MacCallum,I., Vu,H.T., Nguyen,Q.H., Nguyen,Q.T., Duong,P.H., Simmons,C.P., Wills,B., Nguyen,M.D., Tran,V.N., Tran,H.T., Nguyen,L.T.M., Nguyen,L.P.H., Nusbaum,C., Birren,B.",2006,2009-05-05,ssRNA(+)
FJ898416,dengue virus type I,Orthoflavivirus denguei,,DENV-1/VN/BID-V2899/2006,10689,complete,Viet Nam: South,Homo sapiens,blood,"Henn,M.R., Young,S., Koehrsen,M., Jaffe,D., Lennon,N., Erlich,R., Anderson,S., Rizzolo,K., Green,L., Ryan,E., Yu,Q., Berlin,A., Heiman,D., Hepburn,T., Sykes,S., Borenstein,D., Engels,R., Freedman,E., Gellesch,M., Heilman,E., Howarth,C., Jen,D., Larson,L., Lewis,B., Montgomery,P., Park,D., Pearson,M., Richards,J., Roberts,A., Sisk,P., Stolte,C., White,J., Alvarado,L., Champion,M., Godfrey,P., Shenoy,N., Yandava,C., Zeng,Q., Alvarez,P., Brockman,W., Butler,J., Gnerre,S., Grabherr,M., Kleber,M., Mauceli,E., MacCallum,I., Vu,H.T., Nguyen,Q.H., Nguyen,Q.T., Duong,P.H., Simmons,C.P., Wills,B., Nguyen,M.D., Tran,V.N., Tran,H.T., Nguyen,L.T.M., Nguyen,L.P.H., Nusbaum,C., Birren,B.",2006,2009-05-05,ssRNA(+)
FJ898417,dengue virus type I,Orthoflavivirus denguei,,DENV-1/VN/BID-V2900/2006,10690,complete,Viet Nam: South,Homo sapiens,blood,"Henn,M.R., Young,S., Koehrsen,M., Jaffe,D., Lennon,N., Erlich,R., Anderson,S., Rizzolo,K., Green,L., Ryan,E., Yu,Q., Berlin,A., Heiman,D., Hepburn,T., Sykes,S., Borenstein,D., Engels,R., Freedman,E., Gellesch,M., Heilman,E., Howarth,C., Jen,D., Larson,L., Lewis,B., Montgomery,P., Park,D., Pearson,M., Richards,J., Roberts,A., Sisk,P., Stolte,C., White,J., Alvarado,L., Champion,M., Godfrey,P., Shenoy,N., Yandava,C., Zeng,Q., Alvarez,P., Brockman,W., Butler,J., Gnerre,S., Grabherr,M., Kleber,M., Mauceli,E., MacCallum,I., Vu,H.T., Nguyen,Q.H., Nguyen,Q.T., Duong,P.H., Simmons,C.P., Wills,B., Nguyen,M.D., Tran,V.N., Tran,H.T., Nguyen,L.T.M., Nguyen,L.P.H., Nusbaum,C., Birren,B.",2006,2009-05-05,ssRNA(+)
FJ898418,dengue virus type I,Orthoflavivirus denguei,,DENV-1/VN/BID-V2903/2006,10683,complete,Viet Nam: South,Homo sapiens,blood,"Henn,M.R., Young,S., Koehrsen,M., Jaffe,D., Lennon,N., Erlich,R., Anderson,S., Rizzolo,K., Green,L., Ryan,E., Yu,Q., Berlin,A., Heiman,D., Hepburn,T., Sykes,S., Borenstein,D., Engels,R., Freedman,E., Gellesch,M., Heilman,E., Howarth,C., Jen,D., Larson,L., Lewis,B., Montgomery,P., Park,D., Pearson,M., Richards,J., Roberts,A., Sisk,P., Stolte,C., White,J., Alvarado,L., Champion,M., Godfrey,P., Shenoy,N., Yandava,C., Zeng,Q., Alvarez,P., Brockman,W., Butler,J., Gnerre,S., Grabherr,M., Kleber,M., Mauceli,E., MacCallum,I., Vu,H.T., Nguyen,Q.H., Nguyen,Q.T., Duong,P.H., Simmons,C.P., Wills,B., Nguyen,M.D., Tran,V.N., Tran,H.T., Nguyen,L.T.M., Nguyen,L.P.H., Nusbaum,C., Birren,B.",2006,2009-05-05,ssRNA(+)
FJ898419,dengue virus type I,Orthoflavivirus denguei,,DENV-1/VN/BID-V2904/2006,10676,complete,Viet Nam: South,Homo sapiens,blood,"Henn,M.R., Young,S., Koehrsen,M., Jaffe,D., Lennon,N., Erlich,R., Anderson,S., Rizzolo,K., Green,L., Ryan,E., Yu,Q., Berlin,A., Heiman,D., Hepburn,T., Sykes,S., Borenstein,D., Engels,R., Freedman,E., Gellesch,M., Heilman,E., Howarth,C., Jen,D., Larson,L., Lewis,B., Montgomery,P., Park,D., Pearson,M., Richards,J., Roberts,A., Sisk,P., Stolte,C., White,J., Alvarado,L., Champion,M., Godfrey,P., Shenoy,N., Yandava,C., Zeng,Q., Alvarez,P., Brockman,W., Butler,J., Gnerre,S., Grabherr,M., Kleber,M., Mauceli,E., MacCallum,I., Vu,H.T., Nguyen,Q.H., Nguyen,Q.T., Duong,P.H., Simmons,C.P., Wills,B., Nguyen,M.D., Tran,V.N., Tran,H.T., Nguyen,L.T.M., Nguyen,L.P.H., Nusbaum,C., Birren,B.",2006,2009-05-05,ssRNA(+)
FJ898420,dengue virus type I,Orthoflavivirus denguei,,DENV-1/VN/BID-V2905/2006,10676,complete,Viet Nam: South,Homo sapiens,blood,"Henn,M.R., Young,S., Koehrsen,M., Jaffe,D., Lennon,N., Erlich,R., Anderson,S., Rizzolo,K., Green,L., Ryan,E., Yu,Q., Berlin,A., Heiman,D., Hepburn,T., Sykes,S., Borenstein,D., Engels,R., Freedman,E., Gellesch,M., Heilman,E., Howarth,C., Jen,D., Larson,L., Lewis,B., Montgomery,P., Park,D., Pearson,M., Richards,J., Roberts,A., Sisk,P., Stolte,C., White,J., Alvarado,L., Champion,M., Godfrey,P., Shenoy,N., Yandava,C., Zeng,Q., Alvarez,P., Brockman,W., Butler,J., Gnerre,S., Grabherr,M., Kleber,M., Mauceli,E., MacCallum,I., Vu,H.T., Nguyen,Q.H., Nguyen,Q.T., Duong,P.H., Simmons,C.P., Wills,B., Nguyen,M.D., Tran,V.N., Tran,H.T., Nguyen,L.T.M., Nguyen,L.P.H., Nusbaum,C., Birren,B.",2006,2009-05-05,ssRNA(+)
FJ898421,dengue virus type I,Orthoflavivirus denguei,,DENV-1/VN/BID-V2906/2006,10690,complete,Viet Nam: South,Homo sapiens,blood,"Henn,M.R., Young,S., Koehrsen,M., Jaffe,D., Lennon,N., Erlich,R., Anderson,S., Rizzolo,K., Green,L., Ryan,E., Yu,Q., Berlin,A., Heiman,D., Hepburn,T., Sykes,S., Borenstein,D., Engels,R., Freedman,E., Gellesch,M., Heilman,E., Howarth,C., Jen,D., Larson,L., Lewis,B., Montgomery,P., Park,D., Pearson,M., Richards,J., Roberts,A., Sisk,P., Stolte,C., White,J., Alvarado,L., Champion,M., Godfrey,P., Shenoy,N., Yandava,C., Zeng,Q., Alvarez,P., Brockman,W., Butler,J., Gnerre,S., Grabherr,M., Kleber,M., Mauceli,E., MacCallum,I., Vu,H.T., Nguyen,Q.H., Nguyen,Q.T., Duong,P.H., Simmons,C.P., Wills,B., Nguyen,M.D., Tran,V.N., Tran,H.T., Nguyen,L.T.M., Nguyen,L.P.H., Nusbaum,C., Birren,B.",2006,2009-05-05,ssRNA(+)
FJ898422,dengue virus type I,Orthoflavivirus denguei,,DENV-1/VN/BID-V2907/2006,10690,complete,Viet Nam: South,Homo sapiens,blood,"Henn,M.R., Young,S., Koehrsen,M., Jaffe,D., Lennon,N., Erlich,R., Anderson,S., Rizzolo,K., Green,L., Ryan,E., Yu,Q., Berlin,A., Heiman,D., Hepburn,T., Sykes,S., Borenstein,D., Engels,R., Freedman,E., Gellesch,M., Heilman,E., Howarth,C., Jen,D., Larson,L., Lewis,B., Montgomery,P., Park,D., Pearson,M., Richards,J., Roberts,A., Sisk,P., Stolte,C., White,J., Alvarado,L., Champion,M., Godfrey,P., Shenoy,N., Yandava,C., Zeng,Q., Alvarez,P., Brockman,W., Butler,J., Gnerre,S., Grabherr,M., Kleber,M., Mauceli,E., MacCallum,I., Vu,H.T., Nguyen,Q.H., Nguyen,Q.T., Duong,P.H., Simmons,C.P., Wills,B., Nguyen,M.D., Tran,V.N., Tran,H.T., Nguyen,L.T.M., Nguyen,L.P.H., Nusbaum,C., Birren,B.",2006,2009-05-05,ssRNA(+)
FJ898423,dengue virus type I,Orthoflavivirus denguei,,DENV-1/VN/BID-V2908/2006,10679,complete,Viet Nam: South,Homo sapiens,blood,"Henn,M.R., Young,S., Koehrsen,M., Jaffe,D., Lennon,N., Erlich,R., Anderson,S., Rizzolo,K., Green,L., Ryan,E., Yu,Q., Berlin,A., Heiman,D., Hepburn,T., Sykes,S., Borenstein,D., Engels,R., Freedman,E., Gellesch,M., Heilman,E., Howarth,C., Jen,D., Larson,L., Lewis,B., Montgomery,P., Park,D., Pearson,M., Richards,J., Roberts,A., Sisk,P., Stolte,C., White,J., Alvarado,L., Champion,M., Godfrey,P., Shenoy,N., Yandava,C., Zeng,Q., Alvarez,P., Brockman,W., Butler,J., Gnerre,S., Grabherr,M., Kleber,M., Mauceli,E., MacCallum,I., Vu,H.T., Nguyen,Q.H., Nguyen,Q.T., Duong,P.H., Simmons,C.P., Wills,B., Nguyen,M.D., Tran,V.N., Tran,H.T., Nguyen,L.T.M., Nguyen,L.P.H., Nusbaum,C., Birren,B.",2006,2009-05-05,ssRNA(+)
FJ898424,dengue virus type I,Orthoflavivirus denguei,,DENV-1/VN/BID-V2910/2006,10690,complete,Viet Nam: South,Homo sapiens,blood,"Henn,M.R., Young,S., Koehrsen,M., Jaffe,D., Lennon,N., Erlich,R., Anderson,S., Rizzolo,K., Green,L., Ryan,E., Yu,Q., Berlin,A., Heiman,D., Hepburn,T., Sykes,S., Borenstein,D., Engels,R., Freedman,E., Gellesch,M., Heilman,E., Howarth,C., Jen,D., Larson,L., Lewis,B., Montgomery,P., Park,D., Pearson,M., Richards,J., Roberts,A., Sisk,P., Stolte,C., White,J., Alvarado,L., Champion,M., Godfrey,P., Shenoy,N., Yandava,C., Zeng,Q., Alvarez,P., Brockman,W., Butler,J., Gnerre,S., Grabherr,M., Kleber,M., Mauceli,E., MacCallum,I., Vu,H.T., Nguyen,Q.H., Nguyen,Q.T., Duong,P.H., Simmons,C.P., Wills,B., Nguyen,M.D., Tran,V.N., Tran,H.T., Nguyen,L.T.M., Nguyen,L.P.H., Nusbaum,C., Birren,B.",2006,2009-05-05,ssRNA(+)
FJ898425,dengue virus type I,Orthoflavivirus denguei,,DENV-1/VN/BID-V2911/2006,10691,complete,Viet Nam: South,Homo sapiens,blood,"Henn,M.R., Young,S., Koehrsen,M., Jaffe,D., Lennon,N., Erlich,R., Anderson,S., Rizzolo,K., Green,L., Ryan,E., Yu,Q., Berlin,A., Heiman,D., Hepburn,T., Sykes,S., Borenstein,D., Engels,R., Freedman,E., Gellesch,M., Heilman,E., Howarth,C., Jen,D., Larson,L., Lewis,B., Montgomery,P., Park,D., Pearson,M., Richards,J., Roberts,A., Sisk,P., Stolte,C., White,J., Alvarado,L., Champion,M., Godfrey,P., Shenoy,N., Yandava,C., Zeng,Q., Alvarez,P., Brockman,W., Butler,J., Gnerre,S., Grabherr,M., Kleber,M., Mauceli,E., MacCallum,I., Vu,H.T., Nguyen,Q.H., Nguyen,Q.T., Duong,P.H., Simmons,C.P., Wills,B., Nguyen,M.D., Tran,V.N., Tran,H.T., Nguyen,L.T.M., Nguyen,L.P.H., Nusbaum,C., Birren,B.",2006,2009-05-05,ssRNA(+)
FJ898426,dengue virus type I,Orthoflavivirus denguei,,DENV-1/VN/BID-V2912/2006,10688,complete,Viet Nam: South,Homo sapiens,blood,"Henn,M.R., Young,S., Koehrsen,M., Jaffe,D., Lennon,N., Erlich,R., Anderson,S., Rizzolo,K., Green,L., Ryan,E., Yu,Q., Berlin,A., Heiman,D., Hepburn,T., Sykes,S., Borenstein,D., Engels,R., Freedman,E., Gellesch,M., Heilman,E., Howarth,C., Jen,D., Larson,L., Lewis,B., Montgomery,P., Park,D., Pearson,M., Richards,J., Roberts,A., Sisk,P., Stolte,C., White,J., Alvarado,L., Champion,M., Godfrey,P., Shenoy,N., Yandava,C., Zeng,Q., Alvarez,P., Brockman,W., Butler,J., Gnerre,S., Grabherr,M., Kleber,M., Mauceli,E., MacCallum,I., Vu,H.T., Nguyen,Q.H., Nguyen,Q.T., Duong,P.H., Simmons,C.P., Wills,B., Nguyen,M.D., Tran,V.N., Tran,H.T., Nguyen,L.T.M., Nguyen,L.P.H., Nusbaum,C., Birren,B.",2006,2009-05-05,ssRNA(+)
FJ898427,dengue virus type I,Orthoflavivirus denguei,,DENV-1/VN/BID-V2914/2006,10689,complete,Viet Nam: South,Homo sapiens,blood,"Henn,M.R., Young,S., Koehrsen,M., Jaffe,D., Lennon,N., Erlich,R., Anderson,S., Rizzolo,K., Green,L., Ryan,E., Yu,Q., Berlin,A., Heiman,D., Hepburn,T., Sykes,S., Borenstein,D., Engels,R., Freedman,E., Gellesch,M., Heilman,E., Howarth,C., Jen,D., Larson,L., Lewis,B., Montgomery,P., Park,D., Pearson,M., Richards,J., Roberts,A., Sisk,P., Stolte,C., White,J., Alvarado,L., Champion,M., Godfrey,P., Shenoy,N., Yandava,C., Zeng,Q., Alvarez,P., Brockman,W., Butler,J., Gnerre,S., Grabherr,M., Kleber,M., Mauceli,E., MacCallum,I., Vu,H.T., Nguyen,Q.H., Nguyen,Q.T., Duong,P.H., Simmons,C.P., Wills,B., Nguyen,M.D., Tran,V.N., Tran,H.T., Nguyen,L.T.M., Nguyen,L.P.H., Nusbaum,C., Birren,B.",2006,2009-05-05,ssRNA(+)
FJ898428,dengue virus type I,Orthoflavivirus denguei,,DENV-1/VN/BID-V2915/2006,10691,complete,Viet Nam: South,Homo sapiens,blood,"Henn,M.R., Young,S., Koehrsen,M., Jaffe,D., Lennon,N., Erlich,R., Anderson,S., Rizzolo,K., Green,L., Ryan,E., Yu,Q., Berlin,A., Heiman,D., Hepburn,T., Sykes,S., Borenstein,D., Engels,R., Freedman,E., Gellesch,M., Heilman,E., Howarth,C., Jen,D., Larson,L., Lewis,B., Montgomery,P., Park,D., Pearson,M., Richards,J., Roberts,A., Sisk,P., Stolte,C., White,J., Alvarado,L., Champion,M., Godfrey,P., Shenoy,N., Yandava,C., Zeng,Q., Alvarez,P., Brockman,W., Butler,J., Gnerre,S., Grabherr,M., Kleber,M., Mauceli,E., MacCallum,I., Vu,H.T., Nguyen,Q.H., Nguyen,Q.T., Duong,P.H., Simmons,C.P., Wills,B., Nguyen,M.D., Tran,V.N., Tran,H.T., Nguyen,L.T.M., Nguyen,L.P.H., Nusbaum,C., Birren,B.",2006,2009-05-05,ssRNA(+)
FJ898429,dengue virus type I,Orthoflavivirus denguei,,DENV-1/VN/BID-V2916/2006,10688,complete,Viet Nam: South,Homo sapiens,blood,"Henn,M.R., Young,S., Koehrsen,M., Jaffe,D., Lennon,N., Erlich,R., Anderson,S., Rizzolo,K., Green,L., Ryan,E., Yu,Q., Berlin,A., Heiman,D., Hepburn,T., Sykes,S., Borenstein,D., Engels,R., Freedman,E., Gellesch,M., Heilman,E., Howarth,C., Jen,D., Larson,L., Lewis,B., Montgomery,P., Park,D., Pearson,M., Richards,J., Roberts,A., Sisk,P., Stolte,C., White,J., Alvarado,L., Champion,M., Godfrey,P., Shenoy,N., Yandava,C., Zeng,Q., Alvarez,P., Brockman,W., Butler,J., Gnerre,S., Grabherr,M., Kleber,M., Mauceli,E., MacCallum,I., Vu,H.T., Nguyen,Q.H., Nguyen,Q.T., Duong,P.H., Simmons,C.P., Wills,B., Nguyen,M.D., Tran,V.N., Tran,H.T., Nguyen,L.T.M., Nguyen,L.P.H., Nusbaum,C., Birren,B.",2006,2009-05-05,ssRNA(+)
FJ898430,dengue virus type I,Orthoflavivirus denguei,,DENV-1/VN/BID-V2917/2006,10673,complete,Viet Nam: South,Homo sapiens,blood,"Henn,M.R., Young,S., Koehrsen,M., Jaffe,D., Lennon,N., Erlich,R., Anderson,S., Rizzolo,K., Green,L., Ryan,E., Yu,Q., Berlin,A., Heiman,D., Hepburn,T., Sykes,S., Borenstein,D., Engels,R., Freedman,E., Gellesch,M., Heilman,E., Howarth,C., Jen,D., Larson,L., Lewis,B., Montgomery,P., Park,D., Pearson,M., Richards,J., Roberts,A., Sisk,P., Stolte,C., White,J., Alvarado,L., Champion,M., Godfrey,P., Shenoy,N., Yandava,C., Zeng,Q., Alvarez,P., Brockman,W., Butler,J., Gnerre,S., Grabherr,M., Kleber,M., Mauceli,E., MacCallum,I., Vu,H.T., Nguyen,Q.H., Nguyen,Q.T., Duong,P.H., Simmons,C.P., Wills,B., Nguyen,M.D., Tran,V.N., Tran,H.T., Nguyen,L.T.M., Nguyen,L.P.H., Nusbaum,C., Birren,B.",2006,2009-05-05,ssRNA(+)
FJ898431,dengue virus type I,Orthoflavivirus denguei,,DENV-1/VN/BID-V2919/2006,10690,complete,Viet Nam: South,Homo sapiens,blood,"Henn,M.R., Young,S., Koehrsen,M., Jaffe,D., Lennon,N., Erlich,R., Anderson,S., Rizzolo,K., Green,L., Ryan,E., Yu,Q., Berlin,A., Heiman,D., Hepburn,T., Sykes,S., Borenstein,D., Engels,R., Freedman,E., Gellesch,M., Heilman,E., Howarth,C., Jen,D., Larson,L., Lewis,B., Montgomery,P., Park,D., Pearson,M., Richards,J., Roberts,A., Sisk,P., Stolte,C., White,J., Alvarado,L., Champion,M., Godfrey,P., Shenoy,N., Yandava,C., Zeng,Q., Alvarez,P., Brockman,W., Butler,J., Gnerre,S., Grabherr,M., Kleber,M., Mauceli,E., MacCallum,I., Vu,H.T., Nguyen,Q.H., Nguyen,Q.T., Duong,P.H., Simmons,C.P., Wills,B., Nguyen,M.D., Tran,V.N., Tran,H.T., Nguyen,L.T.M., Nguyen,L.P.H., Nusbaum,C., Birren,B.",2006,2009-05-05,ssRNA(+)
FJ906728,dengue virus type I,Orthoflavivirus denguei,,DENV-1/VN/BID-V1852/2007,10676,complete,Viet Nam: South,Homo sapiens,blood,"Henn,M.R., Young,S., Koehrsen,M., Jaffe,D., Lennon,N., Erlich,R., Anderson,S., Rizzolo,K., Green,L., Ryan,E., Yu,Q., Berlin,A., Heiman,D., Hepburn,T., Sykes,S., Borenstein,D., Engels,R., Freedman,E., Gellesch,M., Heilman,E., Howarth,C., Jen,D., Larson,L., Lewis,B., Montgomery,P., Park,D., Pearson,M., Richards,J., Roberts,A., Sisk,P., Stolte,C., White,J., Alvarado,L., Champion,M., Godfrey,P., Shenoy,N., Yandava,C., Zeng,Q., Alvarez,P., Brockman,W., Butler,J., Gnerre,S., Grabherr,M., Kleber,M., Mauceli,E., MacCallum,I., Vu,H.T., Nguyen,Q.H., Nguyen,Q.T., Duong,P.H., Tran,H.T., Nguyen,L.T.M., Nguyen,L.P.H., Nusbaum,C., Simmons,C.P., Birren,B.",2007,2009-05-05,ssRNA(+)
FJ906963,dengue virus type I,Orthoflavivirus denguei,,DENV-1/VN/BID-V2735/2007,10675,complete,Viet Nam: South,Homo sapiens,blood,"Henn,M.R., Young,S., Koehrsen,M., Jaffe,D., Lennon,N., Erlich,R., Anderson,S., Rizzolo,K., Green,L., Ryan,E., Yu,Q., Berlin,A., Heiman,D., Hepburn,T., Sykes,S., Borenstein,D., Engels,R., Freedman,E., Gellesch,M., Heilman,E., Howarth,C., Jen,D., Larson,L., Lewis,B., Montgomery,P., Park,D., Pearson,M., Richards,J., Roberts,A., Sisk,P., Stolte,C., White,J., Alvarado,L., Champion,M., Godfrey,P., Shenoy,N., Yandava,C., Zeng,Q., Alvarez,P., Brockman,W., Butler,J., Gnerre,S., Grabherr,M., Kleber,M., Mauceli,E., MacCallum,I., Vu,H.T., Nguyen,Q.H., Nguyen,Q.T., Duong,P.H., Simmons,C.P., Wills,B., Nguyen,M.D., Tran,V.N., Tran,H.T., Nguyen,L.T.M., Nguyen,L.P.H., Nusbaum,C., Birren,B.",2007,2009-05-05,ssRNA(+)
FJ906964,dengue virus type I,Orthoflavivirus denguei,,DENV-1/VN/BID-V2736/2007,10672,complete,Viet Nam: South,Homo sapiens,blood,"Henn,M.R., Young,S., Koehrsen,M., Jaffe,D., Lennon,N., Erlich,R., Anderson,S., Rizzolo,K., Green,L., Ryan,E., Yu,Q., Berlin,A., Heiman,D., Hepburn,T., Sykes,S., Borenstein,D., Engels,R., Freedman,E., Gellesch,M., Heilman,E., Howarth,C., Jen,D., Larson,L., Lewis,B., Montgomery,P., Park,D., Pearson,M., Richards,J., Roberts,A., Sisk,P., Stolte,C., White,J., Alvarado,L., Champion,M., Godfrey,P., Shenoy,N., Yandava,C., Zeng,Q., Alvarez,P., Brockman,W., Butler,J., Gnerre,S., Grabherr,M., Kleber,M., Mauceli,E., MacCallum,I., Vu,H.T., Nguyen,Q.H., Nguyen,Q.T., Duong,P.H., Simmons,C.P., Wills,B., Nguyen,M.D., Tran,V.N., Tran,H.T., Nguyen,L.T.M., Nguyen,L.P.H., Nusbaum,C., Birren,B.",2007,2009-05-05,ssRNA(+)
FJ906965,dengue virus type I,Orthoflavivirus denguei,,DENV-1/VN/BID-V2737/2007,10676,complete,Viet Nam: South,Homo sapiens,blood,"Henn,M.R., Young,S., Koehrsen,M., Jaffe,D., Lennon,N., Erlich,R., Anderson,S., Rizzolo,K., Green,L., Ryan,E., Yu,Q., Berlin,A., Heiman,D., Hepburn,T., Sykes,S., Borenstein,D., Engels,R., Freedman,E., Gellesch,M., Heilman,E., Howarth,C., Jen,D., Larson,L., Lewis,B., Montgomery,P., Park,D., Pearson,M., Richards,J., Roberts,A., Sisk,P., Stolte,C., White,J., Alvarado,L., Champion,M., Godfrey,P., Shenoy,N., Yandava,C., Zeng,Q., Alvarez,P., Brockman,W., Butler,J., Gnerre,S., Grabherr,M., Kleber,M., Mauceli,E., MacCallum,I., Vu,H.T., Nguyen,Q.H., Nguyen,Q.T., Duong,P.H., Simmons,C.P., Wills,B., Nguyen,M.D., Tran,V.N., Tran,H.T., Nguyen,L.T.M., Nguyen,L.P.H., Nusbaum,C., Birren,B.",2007,2009-05-05,ssRNA(+)
FJ432722,Dengue virus type 3,Orthoflavivirus denguei,,DENV-3/VN/BID-V1769/2007,10648,complete,Viet Nam: South,Homo sapiens,blood,"Henn,M.R., Young,S., Kodira,C., Koehrsen,M., Jaffe,D., Berlin,A., Heiman,D., Hepburn,T., Sykes,S., Borenstein,D., Engels,R., Freedman,E., Gellesch,M., Howarth,C., Jen,D., Larson,L., Lewis,B., Montgomery,P., Park,D., Pearson,M., Richards,J., Roberts,A., Sisk,P., Stolte,C., White,J., Zeng,Q., Yandava,C., Oleary,S., Alvarado,L., Alvarez,P., Brockman,W., Butler,J., Gnerre,S., Grabherr,M., Kleber,M., Mauceli,E., MacCallum,I., Vu,H.T., Nguyen,Q.H., Nguyen,Q.T., Duong,P.H., Tran,H.T., Nguyen,L.T.M., Nguyen,L.P.H., Lander,E., Galagan,J., Nusbaum,C., Simmons,C.P., Birren,B.",2007,2009-01-26,ssRNA(+)
FJ432723,dengue virus type I,Orthoflavivirus denguei,,DENV-1/VN/BID-V1771/2007,10690,complete,Viet Nam: South,Homo sapiens,blood,"Henn,M.R., Young,S., Kodira,C., Koehrsen,M., Jaffe,D., Berlin,A., Heiman,D., Hepburn,T., Sykes,S., Borenstein,D., Engels,R., Freedman,E., Gellesch,M., Howarth,C., Jen,D., Larson,L., Lewis,B., Montgomery,P., Park,D., Pearson,M., Richards,J., Roberts,A., Sisk,P., Stolte,C., White,J., Zeng,Q., Yandava,C., Oleary,S., Alvarado,L., Alvarez,P., Brockman,W., Butler,J., Gnerre,S., Grabherr,M., Kleber,M., Mauceli,E., MacCallum,I., Vu,H.T., Nguyen,Q.H., Nguyen,Q.T., Duong,P.H., Tran,H.T., Nguyen,L.T.M., Nguyen,L.P.H., Lander,E., Galagan,J., Nusbaum,C., Simmons,C.P., Birren,B.",2007,2009-01-26,ssRNA(+)
FJ432725,dengue virus type I,Orthoflavivirus denguei,,DENV-1/VN/BID-V1779/2007,10676,complete,Viet Nam: South,Homo sapiens,blood,"Henn,M.R., Young,S., Kodira,C., Koehrsen,M., Jaffe,D., Berlin,A., Heiman,D., Hepburn,T., Sykes,S., Borenstein,D., Engels,R., Freedman,E., Gellesch,M., Howarth,C., Jen,D., Larson,L., Lewis,B., Montgomery,P., Park,D., Pearson,M., Richards,J., Roberts,A., Sisk,P., Stolte,C., White,J., Zeng,Q., Yandava,C., Oleary,S., Alvarado,L., Alvarez,P., Brockman,W., Butler,J., Gnerre,S., Grabherr,M., Kleber,M., Mauceli,E., MacCallum,I., Vu,H.T., Nguyen,Q.H., Nguyen,Q.T., Duong,P.H., Tran,H.T., Nguyen,L.T.M., Nguyen,L.P.H., Lander,E., Galagan,J., Nusbaum,C., Simmons,C.P., Birren,B.",2007,2009-01-26,ssRNA(+)
FJ432726,Dengue virus type 2,Orthoflavivirus denguei,,DENV-2/VN/BID-V1780/2007,10678,complete,Viet Nam: South,Homo sapiens,blood,"Henn,M.R., Young,S., Kodira,C., Koehrsen,M., Jaffe,D., Berlin,A., Heiman,D., Hepburn,T., Sykes,S., Borenstein,D., Engels,R., Freedman,E., Gellesch,M., Howarth,C., Jen,D., Larson,L., Lewis,B., Montgomery,P., Park,D., Pearson,M., Richards,J., Roberts,A., Sisk,P., Stolte,C., White,J., Zeng,Q., Yandava,C., Oleary,S., Alvarado,L., Alvarez,P., Brockman,W., Butler,J., Gnerre,S., Grabherr,M., Kleber,M., Mauceli,E., MacCallum,I., Vu,H.T., Nguyen,Q.H., Nguyen,Q.T., Duong,P.H., Tran,H.T., Nguyen,L.T.M., Nguyen,L.P.H., Lander,E., Galagan,J., Nusbaum,C., Simmons,C.P., Birren,B.",2007,2009-01-26,ssRNA(+)
FJ432727,dengue virus type I,Orthoflavivirus denguei,,DENV-1/VN/BID-V1782/2007,10688,complete,Viet Nam: South,Homo sapiens,blood,"Henn,M.R., Young,S., Kodira,C., Koehrsen,M., Jaffe,D., Berlin,A., Heiman,D., Hepburn,T., Sykes,S., Borenstein,D., Engels,R., Freedman,E., Gellesch,M., Howarth,C., Jen,D., Larson,L., Lewis,B., Montgomery,P., Park,D., Pearson,M., Richards,J., Roberts,A., Sisk,P., Stolte,C., White,J., Zeng,Q., Yandava,C., Oleary,S., Alvarado,L., Alvarez,P., Brockman,W., Butler,J., Gnerre,S., Grabherr,M., Kleber,M., Mauceli,E., MacCallum,I., Vu,H.T., Nguyen,Q.H., Nguyen,Q.T., Duong,P.H., Tran,H.T., Nguyen,L.T.M., Nguyen,L.P.H., Lander,E., Galagan,J., Nusbaum,C., Simmons,C.P., Birren,B.",2007,2009-01-26,ssRNA(+)
FJ432728,Dengue virus type 3,Orthoflavivirus denguei,,DENV-3/VN/BID-V1783/2007,10638,complete,Viet Nam: South,Homo sapiens,blood,"Henn,M.R., Young,S., Kodira,C., Koehrsen,M., Jaffe,D., Berlin,A., Heiman,D., Hepburn,T., Sykes,S., Borenstein,D., Engels,R., Freedman,E., Gellesch,M., Howarth,C., Jen,D., Larson,L., Lewis,B., Montgomery,P., Park,D., Pearson,M., Richards,J., Roberts,A., Sisk,P., Stolte,C., White,J., Zeng,Q., Yandava,C., Oleary,S., Alvarado,L., Alvarez,P., Brockman,W., Butler,J., Gnerre,S., Grabherr,M., Kleber,M., Mauceli,E., MacCallum,I., Vu,H.T., Nguyen,Q.H., Nguyen,Q.T., Duong,P.H., Tran,H.T., Nguyen,L.T.M., Nguyen,L.P.H., Lander,E., Galagan,J., Nusbaum,C., Simmons,C.P., Birren,B.",2007,2009-01-26,ssRNA(+)
FJ432729,dengue virus type I,Orthoflavivirus denguei,,DENV-1/VN/BID-V1784/2007,10689,complete,Viet Nam: South,Homo sapiens,blood,"Henn,M.R., Young,S., Kodira,C., Koehrsen,M., Jaffe,D., Berlin,A., Heiman,D., Hepburn,T., Sykes,S., Borenstein,D., Engels,R., Freedman,E., Gellesch,M., Howarth,C., Jen,D., Larson,L., Lewis,B., Montgomery,P., Park,D., Pearson,M., Richards,J., Roberts,A., Sisk,P., Stolte,C., White,J., Zeng,Q., Yandava,C., Oleary,S., Alvarado,L., Alvarez,P., Brockman,W., Butler,J., Gnerre,S., Grabherr,M., Kleber,M., Mauceli,E., MacCallum,I., Vu,H.T., Nguyen,Q.H., Nguyen,Q.T., Duong,P.H., Tran,H.T., Nguyen,L.T.M., Nguyen,L.P.H., Lander,E., Galagan,J., Nusbaum,C., Simmons,C.P., Birren,B.",2007,2009-01-26,ssRNA(+)
FJ432730,dengue virus type I,Orthoflavivirus denguei,,DENV-1/VN/BID-V1785/2007,10688,complete,Viet Nam: South,Homo sapiens,blood,"Henn,M.R., Young,S., Kodira,C., Koehrsen,M., Jaffe,D., Berlin,A., Heiman,D., Hepburn,T., Sykes,S., Borenstein,D., Engels,R., Freedman,E., Gellesch,M., Howarth,C., Jen,D., Larson,L., Lewis,B., Montgomery,P., Park,D., Pearson,M., Richards,J., Roberts,A., Sisk,P., Stolte,C., White,J., Zeng,Q., Yandava,C., Oleary,S., Alvarado,L., Alvarez,P., Brockman,W., Butler,J., Gnerre,S., Grabherr,M., Kleber,M., Mauceli,E., MacCallum,I., Vu,H.T., Nguyen,Q.H., Nguyen,Q.T., Duong,P.H., Tran,H.T., Nguyen,L.T.M., Nguyen,L.P.H., Lander,E., Galagan,J., Nusbaum,C., Simmons,C.P., Birren,B.",2007,2009-01-26,ssRNA(+)
FJ432731,Dengue virus type 3,Orthoflavivirus denguei,,DENV-3/VN/BID-V1786/2007,10638,complete,Viet Nam: South,Homo sapiens,blood,"Henn,M.R., Young,S., Kodira,C., Koehrsen,M., Jaffe,D., Berlin,A., Heiman,D., Hepburn,T., Sykes,S., Borenstein,D., Engels,R., Freedman,E., Gellesch,M., Howarth,C., Jen,D., Larson,L., Lewis,B., Montgomery,P., Park,D., Pearson,M., Richards,J., Roberts,A., Sisk,P., Stolte,C., White,J., Zeng,Q., Yandava,C., Oleary,S., Alvarado,L., Alvarez,P., Brockman,W., Butler,J., Gnerre,S., Grabherr,M., Kleber,M., Mauceli,E., MacCallum,I., Vu,H.T., Nguyen,Q.H., Nguyen,Q.T., Duong,P.H., Tran,H.T., Nguyen,L.T.M., Nguyen,L.P.H., Lander,E., Galagan,J., Nusbaum,C., Simmons,C.P., Birren,B.",2007,2009-01-26,ssRNA(+)
FJ432732,dengue virus type I,Orthoflavivirus denguei,,DENV-1/VN/BID-V1787/2007,10713,complete,Viet Nam: South,Homo sapiens,blood,"Henn,M.R., Young,S., Kodira,C., Koehrsen,M., Jaffe,D., Berlin,A., Heiman,D., Hepburn,T., Sykes,S., Borenstein,D., Engels,R., Freedman,E., Gellesch,M., Howarth,C., Jen,D., Larson,L., Lewis,B., Montgomery,P., Park,D., Pearson,M., Richards,J., Roberts,A., Sisk,P., Stolte,C., White,J., Zeng,Q., Yandava,C., Oleary,S., Alvarado,L., Alvarez,P., Brockman,W., Butler,J., Gnerre,S., Grabherr,M., Kleber,M., Mauceli,E., MacCallum,I., Vu,H.T., Nguyen,Q.H., Nguyen,Q.T., Duong,P.H., Tran,H.T., Nguyen,L.T.M., Nguyen,L.P.H., Lander,E., Galagan,J., Nusbaum,C., Simmons,C.P., Birren,B.",2007,2009-01-26,ssRNA(+)
FJ432733,dengue virus type I,Orthoflavivirus denguei,,DENV-1/VN/BID-V1788/2007,10689,complete,Viet Nam: South,Homo sapiens,blood,"Henn,M.R., Young,S., Kodira,C., Koehrsen,M., Jaffe,D., Berlin,A., Heiman,D., Hepburn,T., Sykes,S., Borenstein,D., Engels,R., Freedman,E., Gellesch,M., Howarth,C., Jen,D., Larson,L., Lewis,B., Montgomery,P., Park,D., Pearson,M., Richards,J., Roberts,A., Sisk,P., Stolte,C., White,J., Zeng,Q., Yandava,C., Oleary,S., Alvarado,L., Alvarez,P., Brockman,W., Butler,J., Gnerre,S., Grabherr,M., Kleber,M., Mauceli,E., MacCallum,I., Vu,H.T., Nguyen,Q.H., Nguyen,Q.T., Duong,P.H., Tran,H.T., Nguyen,L.T.M., Nguyen,L.P.H., Lander,E., Galagan,J., Nusbaum,C., Simmons,C.P., Birren,B.",2007,2009-01-26,ssRNA(+)
FJ432734,dengue virus type I,Orthoflavivirus denguei,,DENV-1/VN/BID-V1792/2007,10689,complete,Viet Nam: South,Homo sapiens,blood,"Henn,M.R., Young,S., Kodira,C., Koehrsen,M., Jaffe,D., Berlin,A., Heiman,D., Hepburn,T., Sykes,S., Borenstein,D., Engels,R., Freedman,E., Gellesch,M., Howarth,C., Jen,D., Larson,L., Lewis,B., Montgomery,P., Park,D., Pearson,M., Richards,J., Roberts,A., Sisk,P., Stolte,C., White,J., Zeng,Q., Yandava,C., Oleary,S., Alvarado,L., Alvarez,P., Brockman,W., Butler,J., Gnerre,S., Grabherr,M., Kleber,M., Mauceli,E., MacCallum,I., Vu,H.T., Nguyen,Q.H., Nguyen,Q.T., Duong,P.H., Tran,H.T., Nguyen,L.T.M., Nguyen,L.P.H., Lander,E., Galagan,J., Nusbaum,C., Simmons,C.P., Birren,B.",2007,2009-01-26,ssRNA(+)
FJ432735,dengue virus type I,Orthoflavivirus denguei,,DENV-1/VN/BID-V1793/2007,10690,complete,Viet Nam: South,Homo sapiens,blood,"Henn,M.R., Young,S., Kodira,C., Koehrsen,M., Jaffe,D., Berlin,A., Heiman,D., Hepburn,T., Sykes,S., Borenstein,D., Engels,R., Freedman,E., Gellesch,M., Howarth,C., Jen,D., Larson,L., Lewis,B., Montgomery,P., Park,D., Pearson,M., Richards,J., Roberts,A., Sisk,P., Stolte,C., White,J., Zeng,Q., Yandava,C., Oleary,S., Alvarado,L., Alvarez,P., Brockman,W., Butler,J., Gnerre,S., Grabherr,M., Kleber,M., Mauceli,E., MacCallum,I., Vu,H.T., Nguyen,Q.H., Nguyen,Q.T., Duong,P.H., Tran,H.T., Nguyen,L.T.M., Nguyen,L.P.H., Lander,E., Galagan,J., Nusbaum,C., Simmons,C.P., Birren,B.",2007,2009-01-26,ssRNA(+)
FJ432736,dengue virus type I,Orthoflavivirus denguei,,DENV-1/VN/BID-V1795/2007,10690,complete,Viet Nam: South,Homo sapiens,blood,"Henn,M.R., Young,S., Kodira,C., Koehrsen,M., Jaffe,D., Berlin,A., Heiman,D., Hepburn,T., Sykes,S., Borenstein,D., Engels,R., Freedman,E., Gellesch,M., Howarth,C., Jen,D., Larson,L., Lewis,B., Montgomery,P., Park,D., Pearson,M., Richards,J., Roberts,A., Sisk,P., Stolte,C., White,J., Zeng,Q., Yandava,C., Oleary,S., Alvarado,L., Alvarez,P., Brockman,W., Butler,J., Gnerre,S., Grabherr,M., Kleber,M., Mauceli,E., MacCallum,I., Vu,H.T., Nguyen,Q.H., Nguyen,Q.T., Duong,P.H., Tran,H.T., Nguyen,L.T.M., Nguyen,L.P.H., Lander,E., Galagan,J., Nusbaum,C., Simmons,C.P., Birren,B.",2007,2009-01-26,ssRNA(+)
FJ432737,dengue virus type I,Orthoflavivirus denguei,,DENV-1/VN/BID-V1798/2007,10690,complete,Viet Nam: South,Homo sapiens,blood,"Henn,M.R., Young,S., Kodira,C., Koehrsen,M., Jaffe,D., Berlin,A., Heiman,D., Hepburn,T., Sykes,S., Borenstein,D., Engels,R., Freedman,E., Gellesch,M., Howarth,C., Jen,D., Larson,L., Lewis,B., Montgomery,P., Park,D., Pearson,M., Richards,J., Roberts,A., Sisk,P., Stolte,C., White,J., Zeng,Q., Yandava,C., Oleary,S., Alvarado,L., Alvarez,P., Brockman,W., Butler,J., Gnerre,S., Grabherr,M., Kleber,M., Mauceli,E., MacCallum,I., Vu,H.T., Nguyen,Q.H., Nguyen,Q.T., Duong,P.H., Tran,H.T., Nguyen,L.T.M., Nguyen,L.P.H., Lander,E., Galagan,J., Nusbaum,C., Simmons,C.P., Birren,B.",2007,2009-01-26,ssRNA(+)
FJ432738,dengue virus type I,Orthoflavivirus denguei,,DENV-1/VN/BID-V1800/2007,10689,complete,Viet Nam: South,Homo sapiens,blood,"Henn,M.R., Young,S., Kodira,C., Koehrsen,M., Jaffe,D., Berlin,A., Heiman,D., Hepburn,T., Sykes,S., Borenstein,D., Engels,R., Freedman,E., Gellesch,M., Howarth,C., Jen,D., Larson,L., Lewis,B., Montgomery,P., Park,D., Pearson,M., Richards,J., Roberts,A., Sisk,P., Stolte,C., White,J., Zeng,Q., Yandava,C., Oleary,S., Alvarado,L., Alvarez,P., Brockman,W., Butler,J., Gnerre,S., Grabherr,M., Kleber,M., Mauceli,E., MacCallum,I., Vu,H.T., Nguyen,Q.H., Nguyen,Q.T., Duong,P.H., Tran,H.T., Nguyen,L.T.M., Nguyen,L.P.H., Lander,E., Galagan,J., Nusbaum,C., Simmons,C.P., Birren,B.",2007,2009-01-26,ssRNA(+)
FJ432739,dengue virus type I,Orthoflavivirus denguei,,DENV-1/VN/BID-V1802/2007,10690,complete,Viet Nam: South,Homo sapiens,blood,"Henn,M.R., Young,S., Kodira,C., Koehrsen,M., Jaffe,D., Berlin,A., Heiman,D., Hepburn,T., Sykes,S., Borenstein,D., Engels,R., Freedman,E., Gellesch,M., Howarth,C., Jen,D., Larson,L., Lewis,B., Montgomery,P., Park,D., Pearson,M., Richards,J., Roberts,A., Sisk,P., Stolte,C., White,J., Zeng,Q., Yandava,C., Oleary,S., Alvarado,L., Alvarez,P., Brockman,W., Butler,J., Gnerre,S., Grabherr,M., Kleber,M., Mauceli,E., MacCallum,I., Vu,H.T., Nguyen,Q.H., Nguyen,Q.T., Duong,P.H., Tran,H.T., Nguyen,L.T.M., Nguyen,L.P.H., Lander,E., Galagan,J., Nusbaum,C., Simmons,C.P., Birren,B.",2007,2009-01-26,ssRNA(+)
FJ432740,dengue virus type I,Orthoflavivirus denguei,,DENV-1/VN/BID-V1805/2007,10682,complete,Viet Nam: South,Homo sapiens,blood,"Henn,M.R., Young,S., Kodira,C., Koehrsen,M., Jaffe,D., Berlin,A., Heiman,D., Hepburn,T., Sykes,S., Borenstein,D., Engels,R., Freedman,E., Gellesch,M., Howarth,C., Jen,D., Larson,L., Lewis,B., Montgomery,P., Park,D., Pearson,M., Richards,J., Roberts,A., Sisk,P., Stolte,C., White,J., Zeng,Q., Yandava,C., Oleary,S., Alvarado,L., Alvarez,P., Brockman,W., Butler,J., Gnerre,S., Grabherr,M., Kleber,M., Mauceli,E., MacCallum,I., Vu,H.T., Nguyen,Q.H., Nguyen,Q.T., Duong,P.H., Tran,H.T., Nguyen,L.T.M., Nguyen,L.P.H., Lander,E., Galagan,J., Nusbaum,C., Simmons,C.P., Birren,B.",2007,2009-01-26,ssRNA(+)
FJ432741,Dengue virus type 3,Orthoflavivirus denguei,,DENV-3/VN/BID-V1810/2007,10638,complete,Viet Nam: South,Homo sapiens,blood,"Henn,M.R., Young,S., Kodira,C., Koehrsen,M., Jaffe,D., Berlin,A., Heiman,D., Hepburn,T., Sykes,S., Borenstein,D., Engels,R., Freedman,E., Gellesch,M., Howarth,C., Jen,D., Larson,L., Lewis,B., Montgomery,P., Park,D., Pearson,M., Richards,J., Roberts,A., Sisk,P., Stolte,C., White,J., Zeng,Q., Yandava,C., Oleary,S., Alvarado,L., Alvarez,P., Brockman,W., Butler,J., Gnerre,S., Grabherr,M., Kleber,M., Mauceli,E., MacCallum,I., Vu,H.T., Nguyen,Q.H., Nguyen,Q.T., Duong,P.H., Tran,H.T., Nguyen,L.T.M., Nguyen,L.P.H., Lander,E., Galagan,J., Nusbaum,C., Simmons,C.P., Birren,B.",2007,2009-01-26,ssRNA(+)
FJ432742,dengue virus type I,Orthoflavivirus denguei,,DENV-1/VN/BID-V1811/2007,10671,complete,Viet Nam: South,Homo sapiens,blood,"Henn,M.R., Young,S., Kodira,C., Koehrsen,M., Jaffe,D., Berlin,A., Heiman,D., Hepburn,T., Sykes,S., Borenstein,D., Engels,R., Freedman,E., Gellesch,M., Howarth,C., Jen,D., Larson,L., Lewis,B., Montgomery,P., Park,D., Pearson,M., Richards,J., Roberts,A., Sisk,P., Stolte,C., White,J., Zeng,Q., Yandava,C., Oleary,S., Alvarado,L., Alvarez,P., Brockman,W., Butler,J., Gnerre,S., Grabherr,M., Kleber,M., Mauceli,E., MacCallum,I., Vu,H.T., Nguyen,Q.H., Nguyen,Q.T., Duong,P.H., Tran,H.T., Nguyen,L.T.M., Nguyen,L.P.H., Lander,E., Galagan,J., Nusbaum,C., Simmons,C.P., Birren,B.",2007,2009-01-26,ssRNA(+)
FJ432743,Dengue virus type 3,Orthoflavivirus denguei,,DENV-3/VN/BID-V1817/2007,10648,complete,Viet Nam: South,Homo sapiens,blood,"Henn,M.R., Young,S., Kodira,C., Koehrsen,M., Jaffe,D., Berlin,A., Heiman,D., Hepburn,T., Sykes,S., Borenstein,D., Engels,R., Freedman,E., Gellesch,M., Howarth,C., Jen,D., Larson,L., Lewis,B., Montgomery,P., Park,D., Pearson,M., Richards,J., Roberts,A., Sisk,P., Stolte,C., White,J., Zeng,Q., Yandava,C., Oleary,S., Alvarado,L., Alvarez,P., Brockman,W., Butler,J., Gnerre,S., Grabherr,M., Kleber,M., Mauceli,E., MacCallum,I., Vu,H.T., Nguyen,Q.H., Nguyen,Q.T., Duong,P.H., Tran,H.T., Nguyen,L.T.M., Nguyen,L.P.H., Lander,E., Galagan,J., Nusbaum,C., Simmons,C.P., Birren,B.",2007,2009-01-26,ssRNA(+)
FJ432744,dengue virus type I,Orthoflavivirus denguei,,DENV-1/VN/BID-V1820/2007,10690,complete,Viet Nam: South,Homo sapiens,blood,"Henn,M.R., Young,S., Kodira,C., Koehrsen,M., Jaffe,D., Berlin,A., Heiman,D., Hepburn,T., Sykes,S., Borenstein,D., Engels,R., Freedman,E., Gellesch,M., Howarth,C., Jen,D., Larson,L., Lewis,B., Montgomery,P., Park,D., Pearson,M., Richards,J., Roberts,A., Sisk,P., Stolte,C., White,J., Zeng,Q., Yandava,C., Oleary,S., Alvarado,L., Alvarez,P., Brockman,W., Butler,J., Gnerre,S., Grabherr,M., Kleber,M., Mauceli,E., MacCallum,I., Vu,H.T., Nguyen,Q.H., Nguyen,Q.T., Duong,P.H., Tran,H.T., Nguyen,L.T.M., Nguyen,L.P.H., Lander,E., Galagan,J., Nusbaum,C., Simmons,C.P., Birren,B.",2007,2009-01-26,ssRNA(+)
FJ432745,dengue virus type I,Orthoflavivirus denguei,,DENV-1/VN/BID-V1823/2007,10680,complete,Viet Nam: South,Homo sapiens,blood,"Henn,M.R., Young,S., Kodira,C., Koehrsen,M., Jaffe,D., Berlin,A., Heiman,D., Hepburn,T., Sykes,S., Borenstein,D., Engels,R., Freedman,E., Gellesch,M., Howarth,C., Jen,D., Larson,L., Lewis,B., Montgomery,P., Park,D., Pearson,M., Richards,J., Roberts,A., Sisk,P., Stolte,C., White,J., Zeng,Q., Yandava,C., Oleary,S., Alvarado,L., Alvarez,P., Brockman,W., Butler,J., Gnerre,S., Grabherr,M., Kleber,M., Mauceli,E., MacCallum,I., Vu,H.T., Nguyen,Q.H., Nguyen,Q.T., Duong,P.H., Tran,H.T., Nguyen,L.T.M., Nguyen,L.P.H., Lander,E., Galagan,J., Nusbaum,C., Simmons,C.P., Birren,B.",2007,2009-01-26,ssRNA(+)
FJ432746,dengue virus type I,Orthoflavivirus denguei,,DENV-1/VN/BID-V1827/2007,10684,complete,Viet Nam: South,Homo sapiens,blood,"Henn,M.R., Young,S., Kodira,C., Koehrsen,M., Jaffe,D., Berlin,A., Heiman,D., Hepburn,T., Sykes,S., Borenstein,D., Engels,R., Freedman,E., Gellesch,M., Howarth,C., Jen,D., Larson,L., Lewis,B., Montgomery,P., Park,D., Pearson,M., Richards,J., Roberts,A., Sisk,P., Stolte,C., White,J., Zeng,Q., Yandava,C., Oleary,S., Alvarado,L., Alvarez,P., Brockman,W., Butler,J., Gnerre,S., Grabherr,M., Kleber,M., Mauceli,E., MacCallum,I., Vu,H.T., Nguyen,Q.H., Nguyen,Q.T., Duong,P.H., Tran,H.T., Nguyen,L.T.M., Nguyen,L.P.H., Lander,E., Galagan,J., Nusbaum,C., Simmons,C.P., Birren,B.",2007,2009-01-26,ssRNA(+)
FJ432747,dengue virus type I,Orthoflavivirus denguei,,DENV-1/VN/BID-V1832/2007,10690,complete,Viet Nam: South,Homo sapiens,blood,"Henn,M.R., Young,S., Kodira,C., Koehrsen,M., Jaffe,D., Berlin,A., Heiman,D., Hepburn,T., Sykes,S., Borenstein,D., Engels,R., Freedman,E., Gellesch,M., Howarth,C., Jen,D., Larson,L., Lewis,B., Montgomery,P., Park,D., Pearson,M., Richards,J., Roberts,A., Sisk,P., Stolte,C., White,J., Zeng,Q., Yandava,C., Oleary,S., Alvarado,L., Alvarez,P., Brockman,W., Butler,J., Gnerre,S., Grabherr,M., Kleber,M., Mauceli,E., MacCallum,I., Vu,H.T., Nguyen,Q.H., Nguyen,Q.T., Duong,P.H., Tran,H.T., Nguyen,L.T.M., Nguyen,L.P.H., Lander,E., Galagan,J., Nusbaum,C., Simmons,C.P., Birren,B.",2007,2009-01-26,ssRNA(+)
FJ432748,dengue virus type I,Orthoflavivirus denguei,,DENV-1/VN/BID-V1834/2007,10675,complete,Viet Nam: South,Homo sapiens,blood,"Henn,M.R., Young,S., Kodira,C., Koehrsen,M., Jaffe,D., Berlin,A., Heiman,D., Hepburn,T., Sykes,S., Borenstein,D., Engels,R., Freedman,E., Gellesch,M., Howarth,C., Jen,D., Larson,L., Lewis,B., Montgomery,P., Park,D., Pearson,M., Richards,J., Roberts,A., Sisk,P., Stolte,C., White,J., Zeng,Q., Yandava,C., Oleary,S., Alvarado,L., Alvarez,P., Brockman,W., Butler,J., Gnerre,S., Grabherr,M., Kleber,M., Mauceli,E., MacCallum,I., Vu,H.T., Nguyen,Q.H., Nguyen,Q.T., Duong,P.H., Tran,H.T., Nguyen,L.T.M., Nguyen,L.P.H., Lander,E., Galagan,J., Nusbaum,C., Simmons,C.P., Birren,B.",2007,2009-01-26,ssRNA(+)
FJ432749,dengue virus type I,Orthoflavivirus denguei,,DENV-1/VN/BID-V1836/2007,10690,complete,Viet Nam: South,Homo sapiens,blood,"Henn,M.R., Young,S., Kodira,C., Koehrsen,M., Jaffe,D., Berlin,A., Heiman,D., Hepburn,T., Sykes,S., Borenstein,D., Engels,R., Freedman,E., Gellesch,M., Howarth,C., Jen,D., Larson,L., Lewis,B., Montgomery,P., Park,D., Pearson,M., Richards,J., Roberts,A., Sisk,P., Stolte,C., White,J., Zeng,Q., Yandava,C., Oleary,S., Alvarado,L., Alvarez,P., Brockman,W., Butler,J., Gnerre,S., Grabherr,M., Kleber,M., Mauceli,E., MacCallum,I., Vu,H.T., Nguyen,Q.H., Nguyen,Q.T., Duong,P.H., Tran,H.T., Nguyen,L.T.M., Nguyen,L.P.H., Lander,E., Galagan,J., Nusbaum,C., Simmons,C.P., Birren,B.",2007,2009-01-26,ssRNA(+)
FJ461305,Dengue virus type 2,Orthoflavivirus denguei,,DENV-2/VN/BID-V1837/2007,10664,complete,Viet Nam: South,Homo sapiens,blood,"Henn,M.R., Young,S., Kodira,C., Koehrsen,M., Jaffe,D., Berlin,A., Heiman,D., Hepburn,T., Sykes,S., Borenstein,D., Engels,R., Freedman,E., Gellesch,M., Howarth,C., Jen,D., Larson,L., Lewis,B., Montgomery,P., Park,D., Pearson,M., Richards,J., Roberts,A., Sisk,P., Stolte,C., White,J., Zeng,Q., Yandava,C., Oleary,S., Alvarado,L., Alvarez,P., Brockman,W., Butler,J., Gnerre,S., Grabherr,M., Kleber,M., Mauceli,E., McCallum,I., Vu,H.T., Nguyen,Q.H., Nguyen,Q.T., Duong,P.H., Tran,H.T., Nguyen,L.T.M., Nguyen,L.P.H., Lander,E., Galagan,J., Nusbaum,C., Simmons,C.P., Birren,B.",2007,2009-01-26,ssRNA(+)
FJ461306,dengue virus type I,Orthoflavivirus denguei,,DENV-1/VN/BID-V1838/2007,10690,complete,Viet Nam: South,Homo sapiens,blood,"Henn,M.R., Young,S., Kodira,C., Koehrsen,M., Jaffe,D., Berlin,A., Heiman,D., Hepburn,T., Sykes,S., Borenstein,D., Engels,R., Freedman,E., Gellesch,M., Howarth,C., Jen,D., Larson,L., Lewis,B., Montgomery,P., Park,D., Pearson,M., Richards,J., Roberts,A., Sisk,P., Stolte,C., White,J., Zeng,Q., Yandava,C., Oleary,S., Alvarado,L., Alvarez,P., Brockman,W., Butler,J., Gnerre,S., Grabherr,M., Kleber,M., Mauceli,E., McCallum,I., Vu,H.T., Nguyen,Q.H., Nguyen,Q.T., Duong,P.H., Tran,H.T., Nguyen,L.T.M., Nguyen,L.P.H., Lander,E., Galagan,J., Nusbaum,C., Simmons,C.P., Birren,B.",2007,2009-01-26,ssRNA(+)
FJ461307,dengue virus type I,Orthoflavivirus denguei,,DENV-1/VN/BID-V1840/2008,10689,complete,Viet Nam: South,Homo sapiens,blood,"Henn,M.R., Young,S., Kodira,C., Koehrsen,M., Jaffe,D., Berlin,A., Heiman,D., Hepburn,T., Sykes,S., Borenstein,D., Engels,R., Freedman,E., Gellesch,M., Howarth,C., Jen,D., Larson,L., Lewis,B., Montgomery,P., Park,D., Pearson,M., Richards,J., Roberts,A., Sisk,P., Stolte,C., White,J., Zeng,Q., Yandava,C., Oleary,S., Alvarado,L., Alvarez,P., Brockman,W., Butler,J., Gnerre,S., Grabherr,M., Kleber,M., Mauceli,E., McCallum,I., Vu,H.T., Nguyen,Q.H., Nguyen,Q.T., Duong,P.H., Tran,H.T., Nguyen,L.T.M., Nguyen,L.P.H., Lander,E., Galagan,J., Nusbaum,C., Simmons,C.P., Birren,B.",2008,2009-01-26,ssRNA(+)
FJ461308,dengue virus type I,Orthoflavivirus denguei,,DENV-1/VN/BID-V1842/2008,10674,complete,Viet Nam: South,Homo sapiens,blood,"Henn,M.R., Young,S., Kodira,C., Koehrsen,M., Jaffe,D., Berlin,A., Heiman,D., Hepburn,T., Sykes,S., Borenstein,D., Engels,R., Freedman,E., Gellesch,M., Howarth,C., Jen,D., Larson,L., Lewis,B., Montgomery,P., Park,D., Pearson,M., Richards,J., Roberts,A., Sisk,P., Stolte,C., White,J., Zeng,Q., Yandava,C., Oleary,S., Alvarado,L., Alvarez,P., Brockman,W., Butler,J., Gnerre,S., Grabherr,M., Kleber,M., Mauceli,E., McCallum,I., Vu,H.T., Nguyen,Q.H., Nguyen,Q.T., Duong,P.H., Tran,H.T., Nguyen,L.T.M., Nguyen,L.P.H., Lander,E., Galagan,J., Nusbaum,C., Simmons,C.P., Birren,B.",2008,2009-01-26,ssRNA(+)
FJ461309,Dengue virus type 2,Orthoflavivirus denguei,,DENV-2/VN/BID-V1845/2008,10678,complete,Viet Nam: South,Homo sapiens,blood,"Henn,M.R., Young,S., Kodira,C., Koehrsen,M., Jaffe,D., Berlin,A., Heiman,D., Hepburn,T., Sykes,S., Borenstein,D., Engels,R., Freedman,E., Gellesch,M., Howarth,C., Jen,D., Larson,L., Lewis,B., Montgomery,P., Park,D., Pearson,M., Richards,J., Roberts,A., Sisk,P., Stolte,C., White,J., Zeng,Q., Yandava,C., Oleary,S., Alvarado,L., Alvarez,P., Brockman,W., Butler,J., Gnerre,S., Grabherr,M., Kleber,M., Mauceli,E., McCallum,I., Vu,H.T., Nguyen,Q.H., Nguyen,Q.T., Duong,P.H., Tran,H.T., Nguyen,L.T.M., Nguyen,L.P.H., Lander,E., Galagan,J., Nusbaum,C., Simmons,C.P., Birren,B.",2008,2009-01-26,ssRNA(+)
FJ461310,dengue virus type I,Orthoflavivirus denguei,,DENV-1/VN/BID-V1846/2008,10676,complete,Viet Nam: South,Homo sapiens,blood,"Henn,M.R., Young,S., Kodira,C., Koehrsen,M., Jaffe,D., Berlin,A., Heiman,D., Hepburn,T., Sykes,S., Borenstein,D., Engels,R., Freedman,E., Gellesch,M., Howarth,C., Jen,D., Larson,L., Lewis,B., Montgomery,P., Park,D., Pearson,M., Richards,J., Roberts,A., Sisk,P., Stolte,C., White,J., Zeng,Q., Yandava,C., Oleary,S., Alvarado,L., Alvarez,P., Brockman,W., Butler,J., Gnerre,S., Grabherr,M., Kleber,M., Mauceli,E., McCallum,I., Vu,H.T., Nguyen,Q.H., Nguyen,Q.T., Duong,P.H., Tran,H.T., Nguyen,L.T.M., Nguyen,L.P.H., Lander,E., Galagan,J., Nusbaum,C., Simmons,C.P., Birren,B.",2008,2009-01-26,ssRNA(+)
FJ461311,Dengue virus type 2,Orthoflavivirus denguei,,DENV-2/VN/BID-V1848/2008,10678,complete,Viet Nam: South,Homo sapiens,blood,"Henn,M.R., Young,S., Kodira,C., Koehrsen,M., Jaffe,D., Berlin,A., Heiman,D., Hepburn,T., Sykes,S., Borenstein,D., Engels,R., Freedman,E., Gellesch,M., Howarth,C., Jen,D., Larson,L., Lewis,B., Montgomery,P., Park,D., Pearson,M., Richards,J., Roberts,A., Sisk,P., Stolte,C., White,J., Zeng,Q., Yandava,C., Oleary,S., Alvarado,L., Alvarez,P., Brockman,W., Butler,J., Gnerre,S., Grabherr,M., Kleber,M., Mauceli,E., McCallum,I., Vu,H.T., Nguyen,Q.H., Nguyen,Q.T., Duong,P.H., Tran,H.T., Nguyen,L.T.M., Nguyen,L.P.H., Lander,E., Galagan,J., Nusbaum,C., Simmons,C.P., Birren,B.",2008,2009-01-26,ssRNA(+)
FJ461312,dengue virus type I,Orthoflavivirus denguei,,DENV-1/VN/BID-V1851/2007,10690,complete,Viet Nam: South,Homo sapiens,blood,"Henn,M.R., Young,S., Kodira,C., Koehrsen,M., Jaffe,D., Berlin,A., Heiman,D., Hepburn,T., Sykes,S., Borenstein,D., Engels,R., Freedman,E., Gellesch,M., Howarth,C., Jen,D., Larson,L., Lewis,B., Montgomery,P., Park,D., Pearson,M., Richards,J., Roberts,A., Sisk,P., Stolte,C., White,J., Zeng,Q., Yandava,C., Oleary,S., Alvarado,L., Alvarez,P., Brockman,W., Butler,J., Gnerre,S., Grabherr,M., Kleber,M., Mauceli,E., McCallum,I., Vu,H.T., Nguyen,Q.H., Nguyen,Q.T., Duong,P.H., Tran,H.T., Nguyen,L.T.M., Nguyen,L.P.H., Lander,E., Galagan,J., Nusbaum,C., Simmons,C.P., Birren,B.",2007,2009-01-26,ssRNA(+)
FJ461313,dengue virus type I,Orthoflavivirus denguei,,DENV-1/VN/BID-V1854/2007,10690,complete,Viet Nam: South,Homo sapiens,blood,"Henn,M.R., Young,S., Kodira,C., Koehrsen,M., Jaffe,D., Berlin,A., Heiman,D., Hepburn,T., Sykes,S., Borenstein,D., Engels,R., Freedman,E., Gellesch,M., Howarth,C., Jen,D., Larson,L., Lewis,B., Montgomery,P., Park,D., Pearson,M., Richards,J., Roberts,A., Sisk,P., Stolte,C., White,J., Zeng,Q., Yandava,C., Oleary,S., Alvarado,L., Alvarez,P., Brockman,W., Butler,J., Gnerre,S., Grabherr,M., Kleber,M., Mauceli,E., McCallum,I., Vu,H.T., Nguyen,Q.H., Nguyen,Q.T., Duong,P.H., Tran,H.T., Nguyen,L.T.M., Nguyen,L.P.H., Lander,E., Galagan,J., Nusbaum,C., Simmons,C.P., Birren,B.",2007,2009-01-26,ssRNA(+)
FJ461314,Dengue virus type 2,Orthoflavivirus denguei,,DENV-2/VN/BID-V1858/2007,10678,complete,Viet Nam: South,Homo sapiens,blood,"Henn,M.R., Young,S., Kodira,C., Koehrsen,M., Jaffe,D., Berlin,A., Heiman,D., Hepburn,T., Sykes,S., Borenstein,D., Engels,R., Freedman,E., Gellesch,M., Howarth,C., Jen,D., Larson,L., Lewis,B., Montgomery,P., Park,D., Pearson,M., Richards,J., Roberts,A., Sisk,P., Stolte,C., White,J., Zeng,Q., Yandava,C., Oleary,S., Alvarado,L., Alvarez,P., Brockman,W., Butler,J., Gnerre,S., Grabherr,M., Kleber,M., Mauceli,E., McCallum,I., Vu,H.T., Nguyen,Q.H., Nguyen,Q.T., Duong,P.H., Tran,H.T., Nguyen,L.T.M., Nguyen,L.P.H., Lander,E., Galagan,J., Nusbaum,C., Simmons,C.P., Birren,B.",2007,2009-01-26,ssRNA(+)
FJ461315,dengue virus type I,Orthoflavivirus denguei,,DENV-1/VN/BID-V1859/2007,10690,complete,Viet Nam: South,Homo sapiens,blood,"Henn,M.R., Young,S., Kodira,C., Koehrsen,M., Jaffe,D., Berlin,A., Heiman,D., Hepburn,T., Sykes,S., Borenstein,D., Engels,R., Freedman,E., Gellesch,M., Howarth,C., Jen,D., Larson,L., Lewis,B., Montgomery,P., Park,D., Pearson,M., Richards,J., Roberts,A., Sisk,P., Stolte,C., White,J., Zeng,Q., Yandava,C., Oleary,S., Alvarado,L., Alvarez,P., Brockman,W., Butler,J., Gnerre,S., Grabherr,M., Kleber,M., Mauceli,E., McCallum,I., Vu,H.T., Nguyen,Q.H., Nguyen,Q.T., Duong,P.H., Tran,H.T., Nguyen,L.T.M., Nguyen,L.P.H., Lander,E., Galagan,J., Nusbaum,C., Simmons,C.P., Birren,B.",2007,2009-01-26,ssRNA(+)
FJ461316,dengue virus type I,Orthoflavivirus denguei,,DENV-1/VN/BID-V1860/2007,10690,complete,Viet Nam: South,Homo sapiens,blood,"Henn,M.R., Young,S., Kodira,C., Koehrsen,M., Jaffe,D., Berlin,A., Heiman,D., Hepburn,T., Sykes,S., Borenstein,D., Engels,R., Freedman,E., Gellesch,M., Howarth,C., Jen,D., Larson,L., Lewis,B., Montgomery,P., Park,D., Pearson,M., Richards,J., Roberts,A., Sisk,P., Stolte,C., White,J., Zeng,Q., Yandava,C., Oleary,S., Alvarado,L., Alvarez,P., Brockman,W., Butler,J., Gnerre,S., Grabherr,M., Kleber,M., Mauceli,E., McCallum,I., Vu,H.T., Nguyen,Q.H., Nguyen,Q.T., Duong,P.H., Tran,H.T., Nguyen,L.T.M., Nguyen,L.P.H., Lander,E., Galagan,J., Nusbaum,C., Simmons,C.P., Birren,B.",2007,2009-01-26,ssRNA(+)
FJ461317,dengue virus type I,Orthoflavivirus denguei,,DENV-1/VN/BID-V1861/2007,10690,complete,Viet Nam: South,Homo sapiens,blood,"Henn,M.R., Young,S., Kodira,C., Koehrsen,M., Jaffe,D., Berlin,A., Heiman,D., Hepburn,T., Sykes,S., Borenstein,D., Engels,R., Freedman,E., Gellesch,M., Howarth,C., Jen,D., Larson,L., Lewis,B., Montgomery,P., Park,D., Pearson,M., Richards,J., Roberts,A., Sisk,P., Stolte,C., White,J., Zeng,Q., Yandava,C., Oleary,S., Alvarado,L., Alvarez,P., Brockman,W., Butler,J., Gnerre,S., Grabherr,M., Kleber,M., Mauceli,E., McCallum,I., Vu,H.T., Nguyen,Q.H., Nguyen,Q.T., Duong,P.H., Tran,H.T., Nguyen,L.T.M., Nguyen,L.P.H., Lander,E., Galagan,J., Nusbaum,C., Simmons,C.P., Birren,B.",2007,2009-01-26,ssRNA(+)
FJ461318,dengue virus type I,Orthoflavivirus denguei,,DENV-1/VN/BID-V1867/2007,10690,complete,Viet Nam: South,Homo sapiens,blood,"Henn,M.R., Young,S., Kodira,C., Koehrsen,M., Jaffe,D., Berlin,A., Heiman,D., Hepburn,T., Sykes,S., Borenstein,D., Engels,R., Freedman,E., Gellesch,M., Howarth,C., Jen,D., Larson,L., Lewis,B., Montgomery,P., Park,D., Pearson,M., Richards,J., Roberts,A., Sisk,P., Stolte,C., White,J., Zeng,Q., Yandava,C., Oleary,S., Alvarado,L., Alvarez,P., Brockman,W., Butler,J., Gnerre,S., Grabherr,M., Kleber,M., Mauceli,E., McCallum,I., Vu,H.T., Nguyen,Q.H., Nguyen,Q.T., Duong,P.H., Tran,H.T., Nguyen,L.T.M., Nguyen,L.P.H., Lander,E., Galagan,J., Nusbaum,C., Simmons,C.P., Birren,B.",2007,2009-01-26,ssRNA(+)
FJ461319,dengue virus type I,Orthoflavivirus denguei,,DENV-1/VN/BID-V1870/2007,10690,complete,Viet Nam: South,Homo sapiens,blood,"Henn,M.R., Young,S., Kodira,C., Koehrsen,M., Jaffe,D., Berlin,A., Heiman,D., Hepburn,T., Sykes,S., Borenstein,D., Engels,R., Freedman,E., Gellesch,M., Howarth,C., Jen,D., Larson,L., Lewis,B., Montgomery,P., Park,D., Pearson,M., Richards,J., Roberts,A., Sisk,P., Stolte,C., White,J., Zeng,Q., Yandava,C., Oleary,S., Alvarado,L., Alvarez,P., Brockman,W., Butler,J., Gnerre,S., Grabherr,M., Kleber,M., Mauceli,E., McCallum,I., Vu,H.T., Nguyen,Q.H., Nguyen,Q.T., Duong,P.H., Tran,H.T., Nguyen,L.T.M., Nguyen,L.P.H., Lander,E., Galagan,J., Nusbaum,C., Simmons,C.P., Birren,B.",2007,2009-01-26,ssRNA(+)
FJ461321,Dengue virus type 2,Orthoflavivirus denguei,,DENV-2/VN/BID-V1873/2007,10694,complete,Viet Nam: South,Homo sapiens,blood,"Henn,M.R., Young,S., Kodira,C., Koehrsen,M., Jaffe,D., Berlin,A., Heiman,D., Hepburn,T., Sykes,S., Borenstein,D., Engels,R., Freedman,E., Gellesch,M., Howarth,C., Jen,D., Larson,L., Lewis,B., Montgomery,P., Park,D., Pearson,M., Richards,J., Roberts,A., Sisk,P., Stolte,C., White,J., Zeng,Q., Yandava,C., Oleary,S., Alvarado,L., Alvarez,P., Brockman,W., Butler,J., Gnerre,S., Grabherr,M., Kleber,M., Mauceli,E., McCallum,I., Vu,H.T., Nguyen,Q.H., Nguyen,Q.T., Duong,P.H., Tran,H.T., Nguyen,L.T.M., Nguyen,L.P.H., Lander,E., Galagan,J., Nusbaum,C., Simmons,C.P., Birren,B.",2007,2009-01-26,ssRNA(+)
FJ461322,Dengue virus type 3,Orthoflavivirus denguei,,DENV-3/VN/BID-V1874/2008,10638,complete,Viet Nam: South,Homo sapiens,blood,"Henn,M.R., Young,S., Kodira,C., Koehrsen,M., Jaffe,D., Berlin,A., Heiman,D., Hepburn,T., Sykes,S., Borenstein,D., Engels,R., Freedman,E., Gellesch,M., Howarth,C., Jen,D., Larson,L., Lewis,B., Montgomery,P., Park,D., Pearson,M., Richards,J., Roberts,A., Sisk,P., Stolte,C., White,J., Zeng,Q., Yandava,C., Oleary,S., Alvarado,L., Alvarez,P., Brockman,W., Butler,J., Gnerre,S., Grabherr,M., Kleber,M., Mauceli,E., McCallum,I., Vu,H.T., Nguyen,Q.H., Nguyen,Q.T., Duong,P.H., Tran,H.T., Nguyen,L.T.M., Nguyen,L.P.H., Lander,E., Galagan,J., Nusbaum,C., Simmons,C.P., Birren,B.",2008,2009-01-26,ssRNA(+)
FJ461323,dengue virus type I,Orthoflavivirus denguei,,DENV-1/VN/BID-V1887/2007,10676,complete,Viet Nam: South,Homo sapiens,blood,"Henn,M.R., Young,S., Kodira,C., Koehrsen,M., Jaffe,D., Berlin,A., Heiman,D., Hepburn,T., Sykes,S., Borenstein,D., Engels,R., Freedman,E., Gellesch,M., Howarth,C., Jen,D., Larson,L., Lewis,B., Montgomery,P., Park,D., Pearson,M., Richards,J., Roberts,A., Sisk,P., Stolte,C., White,J., Zeng,Q., Yandava,C., Oleary,S., Alvarado,L., Alvarez,P., Brockman,W., Butler,J., Gnerre,S., Grabherr,M., Kleber,M., Mauceli,E., McCallum,I., Vu,H.T., Nguyen,Q.H., Nguyen,Q.T., Duong,P.H., Tran,H.T., Nguyen,L.T.M., Nguyen,L.P.H., Lander,E., Galagan,J., Nusbaum,C., Simmons,C.P., Birren,B.",2007,2009-01-26,ssRNA(+)
FJ461324,dengue virus type I,Orthoflavivirus denguei,,DENV-1/VN/BID-V1888/2007,10690,complete,Viet Nam: South,Homo sapiens,blood,"Henn,M.R., Young,S., Kodira,C., Koehrsen,M., Jaffe,D., Berlin,A., Heiman,D., Hepburn,T., Sykes,S., Borenstein,D., Engels,R., Freedman,E., Gellesch,M., Howarth,C., Jen,D., Larson,L., Lewis,B., Montgomery,P., Park,D., Pearson,M., Richards,J., Roberts,A., Sisk,P., Stolte,C., White,J., Zeng,Q., Yandava,C., Oleary,S., Alvarado,L., Alvarez,P., Brockman,W., Butler,J., Gnerre,S., Grabherr,M., Kleber,M., Mauceli,E., McCallum,I., Vu,H.T., Nguyen,Q.H., Nguyen,Q.T., Duong,P.H., Tran,H.T., Nguyen,L.T.M., Nguyen,L.P.H., Lander,E., Galagan,J., Nusbaum,C., Simmons,C.P., Birren,B.",2007,2009-01-26,ssRNA(+)
FJ461325,dengue virus type I,Orthoflavivirus denguei,,DENV-1/VN/BID-V1889/2007,10677,complete,Viet Nam: South,Homo sapiens,blood,"Henn,M.R., Young,S., Kodira,C., Koehrsen,M., Jaffe,D., Berlin,A., Heiman,D., Hepburn,T., Sykes,S., Borenstein,D., Engels,R., Freedman,E., Gellesch,M., Howarth,C., Jen,D., Larson,L., Lewis,B., Montgomery,P., Park,D., Pearson,M., Richards,J., Roberts,A., Sisk,P., Stolte,C., White,J., Zeng,Q., Yandava,C., Oleary,S., Alvarado,L., Alvarez,P., Brockman,W., Butler,J., Gnerre,S., Grabherr,M., Kleber,M., Mauceli,E., McCallum,I., Vu,H.T., Nguyen,Q.H., Nguyen,Q.T., Duong,P.H., Tran,H.T., Nguyen,L.T.M., Nguyen,L.P.H., Lander,E., Galagan,J., Nusbaum,C., Simmons,C.P., Birren,B.",2007,2009-01-26,ssRNA(+)
FJ461326,Dengue virus type 3,Orthoflavivirus denguei,,DENV-3/VN/BID-V1891/2007,10638,complete,Viet Nam: South,Homo sapiens,blood,"Henn,M.R., Young,S., Kodira,C., Koehrsen,M., Jaffe,D., Berlin,A., Heiman,D., Hepburn,T., Sykes,S., Borenstein,D., Engels,R., Freedman,E., Gellesch,M., Howarth,C., Jen,D., Larson,L., Lewis,B., Montgomery,P., Park,D., Pearson,M., Richards,J., Roberts,A., Sisk,P., Stolte,C., White,J., Zeng,Q., Yandava,C., Oleary,S., Alvarado,L., Alvarez,P., Brockman,W., Butler,J., Gnerre,S., Grabherr,M., Kleber,M., Mauceli,E., McCallum,I., Vu,H.T., Nguyen,Q.H., Nguyen,Q.T., Duong,P.H., Tran,H.T., Nguyen,L.T.M., Nguyen,L.P.H., Lander,E., Galagan,J., Nusbaum,C., Simmons,C.P., Birren,B.",2007,2009-01-26,ssRNA(+)
FJ461327,dengue virus type I,Orthoflavivirus denguei,,DENV-1/VN/BID-V1892/2007,10676,complete,Viet Nam: South,Homo sapiens,blood,"Henn,M.R., Young,S., Kodira,C., Koehrsen,M., Jaffe,D., Berlin,A., Heiman,D., Hepburn,T., Sykes,S., Borenstein,D., Engels,R., Freedman,E., Gellesch,M., Howarth,C., Jen,D., Larson,L., Lewis,B., Montgomery,P., Park,D., Pearson,M., Richards,J., Roberts,A., Sisk,P., Stolte,C., White,J., Zeng,Q., Yandava,C., Oleary,S., Alvarado,L., Alvarez,P., Brockman,W., Butler,J., Gnerre,S., Grabherr,M., Kleber,M., Mauceli,E., McCallum,I., Vu,H.T., Nguyen,Q.H., Nguyen,Q.T., Duong,P.H., Tran,H.T., Nguyen,L.T.M., Nguyen,L.P.H., Lander,E., Galagan,J., Nusbaum,C., Simmons,C.P., Birren,B.",2007,2009-01-26,ssRNA(+)
FJ461329,Dengue virus type 3,Orthoflavivirus denguei,,DENV-3/VN/BID-V1897/2007,10638,complete,Viet Nam: South,Homo sapiens,blood,"Henn,M.R., Young,S., Kodira,C., Koehrsen,M., Jaffe,D., Berlin,A., Heiman,D., Hepburn,T., Sykes,S., Borenstein,D., Engels,R., Freedman,E., Gellesch,M., Howarth,C., Jen,D., Larson,L., Lewis,B., Montgomery,P., Park,D., Pearson,M., Richards,J., Roberts,A., Sisk,P., Stolte,C., White,J., Zeng,Q., Yandava,C., Oleary,S., Alvarado,L., Alvarez,P., Brockman,W., Butler,J., Gnerre,S., Grabherr,M., Kleber,M., Mauceli,E., McCallum,I., Vu,H.T., Nguyen,Q.H., Nguyen,Q.T., Duong,P.H., Tran,H.T., Nguyen,L.T.M., Nguyen,L.P.H., Lander,E., Galagan,J., Nusbaum,C., Simmons,C.P., Birren,B.",2007,2009-01-26,ssRNA(+)
FJ461330,dengue virus type I,Orthoflavivirus denguei,,DENV-1/VN/BID-V1910/2008,10635,complete,Viet Nam: South,Homo sapiens,blood,"Henn,M.R., Young,S., Kodira,C., Koehrsen,M., Jaffe,D., Berlin,A., Heiman,D., Hepburn,T., Sykes,S., Borenstein,D., Engels,R., Freedman,E., Gellesch,M., Howarth,C., Jen,D., Larson,L., Lewis,B., Montgomery,P., Park,D., Pearson,M., Richards,J., Roberts,A., Sisk,P., Stolte,C., White,J., Zeng,Q., Yandava,C., Oleary,S., Alvarado,L., Alvarez,P., Brockman,W., Butler,J., Gnerre,S., Grabherr,M., Kleber,M., Mauceli,E., McCallum,I., Vu,H.T., Nguyen,Q.H., Nguyen,Q.T., Duong,P.H., Tran,H.T., Nguyen,L.T.M., Nguyen,L.P.H., Lander,E., Galagan,J., Nusbaum,C., Simmons,C.P., Birren,B.",2008,2009-01-26,ssRNA(+)
FJ461331,dengue virus type I,Orthoflavivirus denguei,,DENV-1/VN/BID-V1922/2008,10690,complete,Viet Nam: South,Homo sapiens,blood,"Henn,M.R., Young,S., Kodira,C., Koehrsen,M., Jaffe,D., Berlin,A., Heiman,D., Hepburn,T., Sykes,S., Borenstein,D., Engels,R., Freedman,E., Gellesch,M., Howarth,C., Jen,D., Larson,L., Lewis,B., Montgomery,P., Park,D., Pearson,M., Richards,J., Roberts,A., Sisk,P., Stolte,C., White,J., Zeng,Q., Yandava,C., Oleary,S., Alvarado,L., Alvarez,P., Brockman,W., Butler,J., Gnerre,S., Grabherr,M., Kleber,M., Mauceli,E., McCallum,I., Vu,H.T., Nguyen,Q.H., Nguyen,Q.T., Duong,P.H., Tran,H.T., Nguyen,L.T.M., Nguyen,L.P.H., Lander,E., Galagan,J., Nusbaum,C., Simmons,C.P., Birren,B.",2008,2009-01-26,ssRNA(+)
FJ461332,dengue virus type I,Orthoflavivirus denguei,,DENV-1/VN/BID-V1926/2008,10690,complete,Viet Nam: South,Homo sapiens,blood,"Henn,M.R., Young,S., Kodira,C., Koehrsen,M., Jaffe,D., Berlin,A., Heiman,D., Hepburn,T., Sykes,S., Borenstein,D., Engels,R., Freedman,E., Gellesch,M., Howarth,C., Jen,D., Larson,L., Lewis,B., Montgomery,P., Park,D., Pearson,M., Richards,J., Roberts,A., Sisk,P., Stolte,C., White,J., Zeng,Q., Yandava,C., Oleary,S., Alvarado,L., Alvarez,P., Brockman,W., Butler,J., Gnerre,S., Grabherr,M., Kleber,M., Mauceli,E., McCallum,I., Vu,H.T., Nguyen,Q.H., Nguyen,Q.T., Duong,P.H., Tran,H.T., Nguyen,L.T.M., Nguyen,L.P.H., Lander,E., Galagan,J., Nusbaum,C., Simmons,C.P., Birren,B.",2008,2009-01-26,ssRNA(+)
FJ461333,dengue virus type I,Orthoflavivirus denguei,,DENV-1/VN/BID-V1931/2007,10690,complete,Viet Nam: South,Homo sapiens,blood,"Henn,M.R., Young,S., Kodira,C., Koehrsen,M., Jaffe,D., Berlin,A., Heiman,D., Hepburn,T., Sykes,S., Borenstein,D., Engels,R., Freedman,E., Gellesch,M., Howarth,C., Jen,D., Larson,L., Lewis,B., Montgomery,P., Park,D., Pearson,M., Richards,J., Roberts,A., Sisk,P., Stolte,C., White,J., Zeng,Q., Yandava,C., Oleary,S., Alvarado,L., Alvarez,P., Brockman,W., Butler,J., Gnerre,S., Grabherr,M., Kleber,M., Mauceli,E., McCallum,I., Vu,H.T., Nguyen,Q.H., Nguyen,Q.T., Duong,P.H., Tran,H.T., Nguyen,L.T.M., Nguyen,L.P.H., Lander,E., Galagan,J., Nusbaum,C., Simmons,C.P., Birren,B.",2007,2009-01-26,ssRNA(+)
FJ461334,Dengue virus type 3,Orthoflavivirus denguei,,DENV-3/VN/BID-V1936/2008,10638,complete,Viet Nam: South,Homo sapiens,blood,"Henn,M.R., Young,S., Kodira,C., Koehrsen,M., Jaffe,D., Berlin,A., Heiman,D., Hepburn,T., Sykes,S., Borenstein,D., Engels,R., Freedman,E., Gellesch,M., Howarth,C., Jen,D., Larson,L., Lewis,B., Montgomery,P., Park,D., Pearson,M., Richards,J., Roberts,A., Sisk,P., Stolte,C., White,J., Zeng,Q., Yandava,C., Oleary,S., Alvarado,L., Alvarez,P., Brockman,W., Butler,J., Gnerre,S., Grabherr,M., Kleber,M., Mauceli,E., McCallum,I., Vu,H.T., Nguyen,Q.H., Nguyen,Q.T., Duong,P.H., Tran,H.T., Nguyen,L.T.M., Nguyen,L.P.H., Lander,E., Galagan,J., Nusbaum,C., Simmons,C.P., Birren,B.",2008,2009-01-26,ssRNA(+)
FJ461335,dengue virus type I,Orthoflavivirus denguei,,DENV-1/VN/BID-V1937/2008,10690,complete,Viet Nam: South,Homo sapiens,blood,"Henn,M.R., Young,S., Kodira,C., Koehrsen,M., Jaffe,D., Berlin,A., Heiman,D., Hepburn,T., Sykes,S., Borenstein,D., Engels,R., Freedman,E., Gellesch,M., Howarth,C., Jen,D., Larson,L., Lewis,B., Montgomery,P., Park,D., Pearson,M., Richards,J., Roberts,A., Sisk,P., Stolte,C., White,J., Zeng,Q., Yandava,C., Oleary,S., Alvarado,L., Alvarez,P., Brockman,W., Butler,J., Gnerre,S., Grabherr,M., Kleber,M., Mauceli,E., McCallum,I., Vu,H.T., Nguyen,Q.H., Nguyen,Q.T., Duong,P.H., Tran,H.T., Nguyen,L.T.M., Nguyen,L.P.H., Lander,E., Galagan,J., Nusbaum,C., Simmons,C.P., Birren,B.",2008,2009-01-26,ssRNA(+)
FJ461336,dengue virus type I,Orthoflavivirus denguei,,DENV-1/VN/BID-V1945/2008,10690,complete,Viet Nam: South,Homo sapiens,blood,"Henn,M.R., Young,S., Kodira,C., Koehrsen,M., Jaffe,D., Berlin,A., Heiman,D., Hepburn,T., Sykes,S., Borenstein,D., Engels,R., Freedman,E., Gellesch,M., Howarth,C., Jen,D., Larson,L., Lewis,B., Montgomery,P., Park,D., Pearson,M., Richards,J., Roberts,A., Sisk,P., Stolte,C., White,J., Zeng,Q., Yandava,C., Oleary,S., Alvarado,L., Alvarez,P., Brockman,W., Butler,J., Gnerre,S., Grabherr,M., Kleber,M., Mauceli,E., McCallum,I., Vu,H.T., Nguyen,Q.H., Nguyen,Q.T., Duong,P.H., Tran,H.T., Nguyen,L.T.M., Nguyen,L.P.H., Lander,E., Galagan,J., Nusbaum,C., Simmons,C.P., Birren,B.",2008,2009-01-26,ssRNA(+)
FJ461337,Dengue virus type 3,Orthoflavivirus denguei,,DENV-3/VN/BID-V1946/2008,10623,complete,Viet Nam: South,Homo sapiens,blood,"Henn,M.R., Young,S., Kodira,C., Koehrsen,M., Jaffe,D., Berlin,A., Heiman,D., Hepburn,T., Sykes,S., Borenstein,D., Engels,R., Freedman,E., Gellesch,M., Howarth,C., Jen,D., Larson,L., Lewis,B., Montgomery,P., Park,D., Pearson,M., Richards,J., Roberts,A., Sisk,P., Stolte,C., White,J., Zeng,Q., Yandava,C., Oleary,S., Alvarado,L., Alvarez,P., Brockman,W., Butler,J., Gnerre,S., Grabherr,M., Kleber,M., Mauceli,E., McCallum,I., Vu,H.T., Nguyen,Q.H., Nguyen,Q.T., Duong,P.H., Tran,H.T., Nguyen,L.T.M., Nguyen,L.P.H., Lander,E., Galagan,J., Nusbaum,C., Simmons,C.P., Birren,B.",2008,2009-01-26,ssRNA(+)
FJ461338,Dengue virus type 3,Orthoflavivirus denguei,,DENV-3/VN/BID-V1953/2008,10638,complete,Viet Nam: South,Homo sapiens,blood,"Henn,M.R., Young,S., Kodira,C., Koehrsen,M., Jaffe,D., Berlin,A., Heiman,D., Hepburn,T., Sykes,S., Borenstein,D., Engels,R., Freedman,E., Gellesch,M., Howarth,C., Jen,D., Larson,L., Lewis,B., Montgomery,P., Park,D., Pearson,M., Richards,J., Roberts,A., Sisk,P., Stolte,C., White,J., Zeng,Q., Yandava,C., Oleary,S., Alvarado,L., Alvarez,P., Brockman,W., Butler,J., Gnerre,S., Grabherr,M., Kleber,M., Mauceli,E., McCallum,I., Vu,H.T., Nguyen,Q.H., Nguyen,Q.T., Duong,P.H., Tran,H.T., Nguyen,L.T.M., Nguyen,L.P.H., Lander,E., Galagan,J., Nusbaum,C., Simmons,C.P., Birren,B.",2008,2009-01-26,ssRNA(+)
FJ461339,dengue virus type I,Orthoflavivirus denguei,,DENV-1/VN/BID-V1975/2008,10690,complete,Viet Nam: South,Homo sapiens,blood,"Henn,M.R., Young,S., Kodira,C., Koehrsen,M., Jaffe,D., Berlin,A., Heiman,D., Hepburn,T., Sykes,S., Borenstein,D., Engels,R., Freedman,E., Gellesch,M., Howarth,C., Jen,D., Larson,L., Lewis,B., Montgomery,P., Park,D., Pearson,M., Richards,J., Roberts,A., Sisk,P., Stolte,C., White,J., Zeng,Q., Yandava,C., Oleary,S., Alvarado,L., Alvarez,P., Brockman,W., Butler,J., Gnerre,S., Grabherr,M., Kleber,M., Mauceli,E., McCallum,I., Vu,H.T., Nguyen,Q.H., Nguyen,Q.T., Duong,P.H., Tran,H.T., Nguyen,L.T.M., Nguyen,L.P.H., Lander,E., Galagan,J., Nusbaum,C., Simmons,C.P., Birren,B.",2008,2009-01-26,ssRNA(+)
FJ461340,dengue virus type I,Orthoflavivirus denguei,,DENV-1/VN/BID-V1976/2008,10690,complete,Viet Nam: South,Homo sapiens,blood,"Henn,M.R., Young,S., Kodira,C., Koehrsen,M., Jaffe,D., Berlin,A., Heiman,D., Hepburn,T., Sykes,S., Borenstein,D., Engels,R., Freedman,E., Gellesch,M., Howarth,C., Jen,D., Larson,L., Lewis,B., Montgomery,P., Park,D., Pearson,M., Richards,J., Roberts,A., Sisk,P., Stolte,C., White,J., Zeng,Q., Yandava,C., Oleary,S., Alvarado,L., Alvarez,P., Brockman,W., Butler,J., Gnerre,S., Grabherr,M., Kleber,M., Mauceli,E., McCallum,I., Vu,H.T., Nguyen,Q.H., Nguyen,Q.T., Duong,P.H., Tran,H.T., Nguyen,L.T.M., Nguyen,L.P.H., Lander,E., Galagan,J., Nusbaum,C., Simmons,C.P., Birren,B.",2008,2009-01-26,ssRNA(+)
FJ461341,dengue virus type I,Orthoflavivirus denguei,,DENV-1/VN/BID-V1977/2008,10690,complete,Viet Nam: South,Homo sapiens,blood,"Henn,M.R., Young,S., Kodira,C., Koehrsen,M., Jaffe,D., Berlin,A., Heiman,D., Hepburn,T., Sykes,S., Borenstein,D., Engels,R., Freedman,E., Gellesch,M., Howarth,C., Jen,D., Larson,L., Lewis,B., Montgomery,P., Park,D., Pearson,M., Richards,J., Roberts,A., Sisk,P., Stolte,C., White,J., Zeng,Q., Yandava,C., Oleary,S., Alvarado,L., Alvarez,P., Brockman,W., Butler,J., Gnerre,S., Grabherr,M., Kleber,M., Mauceli,E., McCallum,I., Vu,H.T., Nguyen,Q.H., Nguyen,Q.T., Duong,P.H., Tran,H.T., Nguyen,L.T.M., Nguyen,L.P.H., Lander,E., Galagan,J., Nusbaum,C., Simmons,C.P., Birren,B.",2008,2009-01-26,ssRNA(+)
FJ547060,dengue virus type I,Orthoflavivirus denguei,,DENV-1/VN/BID-V1822/2007,10684,complete,Viet Nam: South,Homo sapiens,blood,"Henn,M.R., Young,S., Kodira,C., Koehrsen,M., Jaffe,D., Berlin,A., Heiman,D., Hepburn,T., Sykes,S., Borenstein,D., Engels,R., Freedman,E., Gellesch,M., Howarth,C., Jen,D., Larson,L., Lewis,B., Montgomery,P., Park,D., Pearson,M., Richards,J., Roberts,A., Sisk,P., Stolte,C., White,J., Zeng,Q., Yandava,C., Oleary,S., Alvarado,L., Alvarez,P., Brockman,W., Butler,J., Gnerre,S., Grabherr,M., Kleber,M., Mauceli,E., McCallum,I., Vu,H.T., Nguyen,Q.H., Nguyen,Q.T., Duong,P.H., Tran,H.T., Nguyen,L.T.M., Nguyen,L.P.H., Lander,E., Galagan,J., Nusbaum,C., Simmons,C.P., Birren,B.",2007,2009-01-26,ssRNA(+)
FJ547061,Dengue virus type 3,Orthoflavivirus denguei,,DENV-3/VN/BID-V1831/2007,10638,complete,Viet Nam: South,Homo sapiens,blood,"Henn,M.R., Young,S., Kodira,C., Koehrsen,M., Jaffe,D., Berlin,A., Heiman,D., Hepburn,T., Sykes,S., Borenstein,D., Engels,R., Freedman,E., Gellesch,M., Howarth,C., Jen,D., Larson,L., Lewis,B., Montgomery,P., Park,D., Pearson,M., Richards,J., Roberts,A., Sisk,P., Stolte,C., White,J., Zeng,Q., Yandava,C., Oleary,S., Alvarado,L., Alvarez,P., Brockman,W., Butler,J., Gnerre,S., Grabherr,M., Kleber,M., Mauceli,E., McCallum,I., Vu,H.T., Nguyen,Q.H., Nguyen,Q.T., Duong,P.H., Tran,H.T., Nguyen,L.T.M., Nguyen,L.P.H., Lander,E., Galagan,J., Nusbaum,C., Simmons,C.P., Birren,B.",2007,2009-01-26,ssRNA(+)
FJ547062,Dengue virus type 3,Orthoflavivirus denguei,,DENV-3/VN/BID-V1833/2007,10638,complete,Viet Nam: South,Homo sapiens,blood,"Henn,M.R., Young,S., Kodira,C., Koehrsen,M., Jaffe,D., Berlin,A., Heiman,D., Hepburn,T., Sykes,S., Borenstein,D., Engels,R., Freedman,E., Gellesch,M., Howarth,C., Jen,D., Larson,L., Lewis,B., Montgomery,P., Park,D., Pearson,M., Richards,J., Roberts,A., Sisk,P., Stolte,C., White,J., Zeng,Q., Yandava,C., Oleary,S., Alvarado,L., Alvarez,P., Brockman,W., Butler,J., Gnerre,S., Grabherr,M., Kleber,M., Mauceli,E., McCallum,I., Vu,H.T., Nguyen,Q.H., Nguyen,Q.T., Duong,P.H., Tran,H.T., Nguyen,L.T.M., Nguyen,L.P.H., Lander,E., Galagan,J., Nusbaum,C., Simmons,C.P., Birren,B.",2007,2009-01-26,ssRNA(+)
FJ547063,dengue virus type I,Orthoflavivirus denguei,,DENV-1/VN/BID-V1855/2007,10672,complete,Viet Nam: South,Homo sapiens,blood,"Henn,M.R., Young,S., Kodira,C., Koehrsen,M., Jaffe,D., Berlin,A., Heiman,D., Hepburn,T., Sykes,S., Borenstein,D., Engels,R., Freedman,E., Gellesch,M., Howarth,C., Jen,D., Larson,L., Lewis,B., Montgomery,P., Park,D., Pearson,M., Richards,J., Roberts,A., Sisk,P., Stolte,C., White,J., Zeng,Q., Yandava,C., Oleary,S., Alvarado,L., Alvarez,P., Brockman,W., Butler,J., Gnerre,S., Grabherr,M., Kleber,M., Mauceli,E., McCallum,I., Vu,H.T., Nguyen,Q.H., Nguyen,Q.T., Duong,P.H., Tran,H.T., Nguyen,L.T.M., Nguyen,L.P.H., Lander,E., Galagan,J., Nusbaum,C., Simmons,C.P., Birren,B.",2007,2009-01-26,ssRNA(+)
FJ547064,Dengue virus type 2,Orthoflavivirus denguei,,DENV-2/VN/BID-V1868/2007,10679,complete,Viet Nam: South,Homo sapiens,blood,"Henn,M.R., Young,S., Kodira,C., Koehrsen,M., Jaffe,D., Berlin,A., Heiman,D., Hepburn,T., Sykes,S., Borenstein,D., Engels,R., Freedman,E., Gellesch,M., Howarth,C., Jen,D., Larson,L., Lewis,B., Montgomery,P., Park,D., Pearson,M., Richards,J., Roberts,A., Sisk,P., Stolte,C., White,J., Zeng,Q., Yandava,C., Oleary,S., Alvarado,L., Alvarez,P., Brockman,W., Butler,J., Gnerre,S., Grabherr,M., Kleber,M., Mauceli,E., McCallum,I., Vu,H.T., Nguyen,Q.H., Nguyen,Q.T., Duong,P.H., Tran,H.T., Nguyen,L.T.M., Nguyen,L.P.H., Lander,E., Galagan,J., Nusbaum,C., Simmons,C.P., Birren,B.",2007,2009-01-26,ssRNA(+)
FJ547065,dengue virus type I,Orthoflavivirus denguei,,DENV-1/VN/BID-V1883/2007,10674,complete,Viet Nam: South,Homo sapiens,blood,"Henn,M.R., Young,S., Kodira,C., Koehrsen,M., Jaffe,D., Berlin,A., Heiman,D., Hepburn,T., Sykes,S., Borenstein,D., Engels,R., Freedman,E., Gellesch,M., Howarth,C., Jen,D., Larson,L., Lewis,B., Montgomery,P., Park,D., Pearson,M., Richards,J., Roberts,A., Sisk,P., Stolte,C., White,J., Zeng,Q., Yandava,C., Oleary,S., Alvarado,L., Alvarez,P., Brockman,W., Butler,J., Gnerre,S., Grabherr,M., Kleber,M., Mauceli,E., McCallum,I., Vu,H.T., Nguyen,Q.H., Nguyen,Q.T., Duong,P.H., Tran,H.T., Nguyen,L.T.M., Nguyen,L.P.H., Lander,E., Galagan,J., Nusbaum,C., Simmons,C.P., Birren,B.",2007,2009-01-26,ssRNA(+)
FJ547066,Dengue virus type 3,Orthoflavivirus denguei,,DENV-3/VN/BID-V1911/2008,10637,complete,Viet Nam: South,Homo sapiens,blood,"Henn,M.R., Young,S., Kodira,C., Koehrsen,M., Jaffe,D., Berlin,A., Heiman,D., Hepburn,T., Sykes,S., Borenstein,D., Engels,R., Freedman,E., Gellesch,M., Howarth,C., Jen,D., Larson,L., Lewis,B., Montgomery,P., Park,D., Pearson,M., Richards,J., Roberts,A., Sisk,P., Stolte,C., White,J., Zeng,Q., Yandava,C., Oleary,S., Alvarado,L., Alvarez,P., Brockman,W., Butler,J., Gnerre,S., Grabherr,M., Kleber,M., Mauceli,E., McCallum,I., Vu,H.T., Nguyen,Q.H., Nguyen,Q.T., Duong,P.H., Tran,H.T., Nguyen,L.T.M., Nguyen,L.P.H., Lander,E., Galagan,J., Nusbaum,C., Simmons,C.P., Birren,B.",2008,2009-01-26,ssRNA(+)
FJ547067,Dengue virus type 2,Orthoflavivirus denguei,,DENV-2/VN/BID-V1930/2007,10675,complete,Viet Nam: South,Homo sapiens,blood,"Henn,M.R., Young,S., Kodira,C., Koehrsen,M., Jaffe,D., Berlin,A., Heiman,D., Hepburn,T., Sykes,S., Borenstein,D., Engels,R., Freedman,E., Gellesch,M., Howarth,C., Jen,D., Larson,L., Lewis,B., Montgomery,P., Park,D., Pearson,M., Richards,J., Roberts,A., Sisk,P., Stolte,C., White,J., Zeng,Q., Yandava,C., Oleary,S., Alvarado,L., Alvarez,P., Brockman,W., Butler,J., Gnerre,S., Grabherr,M., Kleber,M., Mauceli,E., McCallum,I., Vu,H.T., Nguyen,Q.H., Nguyen,Q.T., Duong,P.H., Tran,H.T., Nguyen,L.T.M., Nguyen,L.P.H., Lander,E., Galagan,J., Nusbaum,C., Simmons,C.P., Birren,B.",2007,2009-01-26,ssRNA(+)
FJ562097,Dengue virus type 3,Orthoflavivirus denguei,,DENV-3/VN/BID-V1790/2007,10648,complete,Viet Nam: South,Homo sapiens,blood,"Henn,M.R., Young,S., Kodira,C., Koehrsen,M., Jaffe,D., Berlin,A., Heiman,D., Hepburn,T., Sykes,S., Borenstein,D., Engels,R., Freedman,E., Gellesch,M., Howarth,C., Jen,D., Larson,L., Lewis,B., Montgomery,P., Park,D., Pearson,M., Richards,J., Roberts,A., Sisk,P., Stolte,C., White,J., Zeng,Q., Yandava,C., Oleary,S., Alvarado,L., Alvarez,P., Brockman,W., Butler,J., Gnerre,S., Grabherr,M., Kleber,M., Mauceli,E., McCallum,I., Vu,H.T., Nguyen,Q.H., Nguyen,Q.T., Duong,P.H., Tran,H.T., Nguyen,L.T.M., Nguyen,L.P.H., Lander,E., Galagan,J., Nusbaum,C., Simmons,C.P., Birren,B.",2007,2009-01-26,ssRNA(+)
FJ562098,Dengue virus type 2,Orthoflavivirus denguei,,DENV-2/VN/BID-V1794/2007,10665,complete,Viet Nam: South,Homo sapiens,blood,"Henn,M.R., Young,S., Kodira,C., Koehrsen,M., Jaffe,D., Berlin,A., Heiman,D., Hepburn,T., Sykes,S., Borenstein,D., Engels,R., Freedman,E., Gellesch,M., Howarth,C., Jen,D., Larson,L., Lewis,B., Montgomery,P., Park,D., Pearson,M., Richards,J., Roberts,A., Sisk,P., Stolte,C., White,J., Zeng,Q., Yandava,C., Oleary,S., Alvarado,L., Alvarez,P., Brockman,W., Butler,J., Gnerre,S., Grabherr,M., Kleber,M., Mauceli,E., McCallum,I., Vu,H.T., Nguyen,Q.H., Nguyen,Q.T., Duong,P.H., Tran,H.T., Nguyen,L.T.M., Nguyen,L.P.H., Lander,E., Galagan,J., Nusbaum,C., Simmons,C.P., Birren,B.",2007,2009-01-26,ssRNA(+)
FJ562099,Dengue virus type 3,Orthoflavivirus denguei,,DENV-3/VN/BID-V1815/2007,10651,complete,Viet Nam: South,Homo sapiens,blood,"Henn,M.R., Young,S., Kodira,C., Koehrsen,M., Jaffe,D., Berlin,A., Heiman,D., Hepburn,T., Sykes,S., Borenstein,D., Engels,R., Freedman,E., Gellesch,M., Howarth,C., Jen,D., Larson,L., Lewis,B., Montgomery,P., Park,D., Pearson,M., Richards,J., Roberts,A., Sisk,P., Stolte,C., White,J., Zeng,Q., Yandava,C., Oleary,S., Alvarado,L., Alvarez,P., Brockman,W., Butler,J., Gnerre,S., Grabherr,M., Kleber,M., Mauceli,E., McCallum,I., Vu,H.T., Nguyen,Q.H., Nguyen,Q.T., Duong,P.H., Tran,H.T., Nguyen,L.T.M., Nguyen,L.P.H., Lander,E., Galagan,J., Nusbaum,C., Simmons,C.P., Birren,B.",2007,2009-01-26,ssRNA(+)
FJ562100,Dengue virus type 3,Orthoflavivirus denguei,,DENV-3/VN/BID-V1824/2007,10638,complete,Viet Nam: South,Homo sapiens,blood,"Henn,M.R., Young,S., Kodira,C., Koehrsen,M., Jaffe,D., Berlin,A., Heiman,D., Hepburn,T., Sykes,S., Borenstein,D., Engels,R., Freedman,E., Gellesch,M., Howarth,C., Jen,D., Larson,L., Lewis,B., Montgomery,P., Park,D., Pearson,M., Richards,J., Roberts,A., Sisk,P., Stolte,C., White,J., Zeng,Q., Yandava,C., Oleary,S., Alvarado,L., Alvarez,P., Brockman,W., Butler,J., Gnerre,S., Grabherr,M., Kleber,M., Mauceli,E., McCallum,I., Vu,H.T., Nguyen,Q.H., Nguyen,Q.T., Duong,P.H., Tran,H.T., Nguyen,L.T.M., Nguyen,L.P.H., Lander,E., Galagan,J., Nusbaum,C., Simmons,C.P., Birren,B.",2007,2009-01-26,ssRNA(+)
FJ562101,dengue virus type I,Orthoflavivirus denguei,,DENV-1/VN/BID-V1850/2007,10690,complete,Viet Nam: South,Homo sapiens,blood,"Henn,M.R., Young,S., Kodira,C., Koehrsen,M., Jaffe,D., Berlin,A., Heiman,D., Hepburn,T., Sykes,S., Borenstein,D., Engels,R., Freedman,E., Gellesch,M., Howarth,C., Jen,D., Larson,L., Lewis,B., Montgomery,P., Park,D., Pearson,M., Richards,J., Roberts,A., Sisk,P., Stolte,C., White,J., Zeng,Q., Yandava,C., Oleary,S., Alvarado,L., Alvarez,P., Brockman,W., Butler,J., Gnerre,S., Grabherr,M., Kleber,M., Mauceli,E., McCallum,I., Vu,H.T., Nguyen,Q.H., Nguyen,Q.T., Duong,P.H., Tran,H.T., Nguyen,L.T.M., Nguyen,L.P.H., Lander,E., Galagan,J., Nusbaum,C., Simmons,C.P., Birren,B.",2007,2009-01-26,ssRNA(+)
FJ562102,Dengue virus type 3,Orthoflavivirus denguei,,DENV-3/VN/BID-V1877/2007,10638,complete,Viet Nam: South,Homo sapiens,blood,"Henn,M.R., Young,S., Kodira,C., Koehrsen,M., Jaffe,D., Berlin,A., Heiman,D., Hepburn,T., Sykes,S., Borenstein,D., Engels,R., Freedman,E., Gellesch,M., Howarth,C., Jen,D., Larson,L., Lewis,B., Montgomery,P., Park,D., Pearson,M., Richards,J., Roberts,A., Sisk,P., Stolte,C., White,J., Zeng,Q., Yandava,C., Oleary,S., Alvarado,L., Alvarez,P., Brockman,W., Butler,J., Gnerre,S., Grabherr,M., Kleber,M., Mauceli,E., McCallum,I., Vu,H.T., Nguyen,Q.H., Nguyen,Q.T., Duong,P.H., Tran,H.T., Nguyen,L.T.M., Nguyen,L.P.H., Lander,E., Galagan,J., Nusbaum,C., Simmons,C.P., Birren,B.",2007,2009-01-26,ssRNA(+)
FJ562103,Dengue virus type 3,Orthoflavivirus denguei,,DENV-3/VN/BID-V1957/2008,10644,complete,Viet Nam: South,Homo sapiens,blood,"Henn,M.R., Young,S., Kodira,C., Koehrsen,M., Jaffe,D., Berlin,A., Heiman,D., Hepburn,T., Sykes,S., Borenstein,D., Engels,R., Freedman,E., Gellesch,M., Howarth,C., Jen,D., Larson,L., Lewis,B., Montgomery,P., Park,D., Pearson,M., Richards,J., Roberts,A., Sisk,P., Stolte,C., White,J., Zeng,Q., Yandava,C., Oleary,S., Alvarado,L., Alvarez,P., Brockman,W., Butler,J., Gnerre,S., Grabherr,M., Kleber,M., Mauceli,E., McCallum,I., Vu,H.T., Nguyen,Q.H., Nguyen,Q.T., Duong,P.H., Tran,H.T., Nguyen,L.T.M., Nguyen,L.P.H., Lander,E., Galagan,J., Nusbaum,C., Simmons,C.P., Birren,B.",2008,2009-01-26,ssRNA(+)
FJ639674,dengue virus type I,Orthoflavivirus denguei,,DENV-1/KH/BID-V1985/2002,10673,complete,Cambodia: KCH,Homo sapiens,blood,"Henn,M.R., Levin,J., Malboeuf,C., Casali,M., Russ,C., Lennon,N., Erlich,R., Anderson,S., Rizzolo,K., Green,L., Ryan,E., Yu,Q., Young,S., Berlin,A., Heiman,D., Hepburn,T., Sykes,S., Koehrsen,M., Borenstein,D., Engels,R., Freedman,E., Gellesch,M., Howarth,C., Jen,D., Larson,L., Lewis,B., Montgomery,P., Park,D., Pearson,M., Richards,J., Roberts,A., Sisk,P., Stolte,C., White,J., Zeng,Q., Yandava,C., Oleary,S., Alvarado,L., Jaffe,D., Alvarez,P., Brockman,W., Butler,J., Gnerre,S., Grabherr,M., Kleber,M., Mauceli,E., McCallum,I., Veasna,D., Sivuth,O., Vong,S., Reynes,J.-M., Chantha,N., Socheat,D., Buchy,P., Nusbaum,C., Birren,B.",2002,2009-01-26,ssRNA(+)
FJ639684,dengue virus type I,Orthoflavivirus denguei,,DENV-1/KH/BID-V2000/2005,10676,complete,Cambodia: KSP,Homo sapiens,blood,"Henn,M.R., Levin,J., Malboeuf,C., Casali,M., Russ,C., Lennon,N., Erlich,R., Anderson,S., Rizzolo,K., Green,L., Ryan,E., Yu,Q., Young,S., Berlin,A., Heiman,D., Hepburn,T., Sykes,S., Koehrsen,M., Borenstein,D., Engels,R., Freedman,E., Gellesch,M., Howarth,C., Jen,D., Larson,L., Lewis,B., Montgomery,P., Park,D., Pearson,M., Richards,J., Roberts,A., Sisk,P., Stolte,C., White,J., Zeng,Q., Yandava,C., Oleary,S., Alvarado,L., Jaffe,D., Alvarez,P., Brockman,W., Butler,J., Gnerre,S., Grabherr,M., Kleber,M., Mauceli,E., McCallum,I., Veasna,D., Sivuth,O., Vong,S., Reynes,J.-M., Chantha,N., Socheat,D., Buchy,P., Nusbaum,C., Birren,B.",2005,2009-01-26,ssRNA(+)
FJ639685,dengue virus type I,Orthoflavivirus denguei,,DENV-1/KH/BID-V2001/2005,10690,complete,Cambodia: BTB,Homo sapiens,blood,"Henn,M.R., Levin,J., Malboeuf,C., Casali,M., Russ,C., Lennon,N., Erlich,R., Anderson,S., Rizzolo,K., Green,L., Ryan,E., Yu,Q., Young,S., Berlin,A., Heiman,D., Hepburn,T., Sykes,S., Koehrsen,M., Borenstein,D., Engels,R., Freedman,E., Gellesch,M., Howarth,C., Jen,D., Larson,L., Lewis,B., Montgomery,P., Park,D., Pearson,M., Richards,J., Roberts,A., Sisk,P., Stolte,C., White,J., Zeng,Q., Yandava,C., Oleary,S., Alvarado,L., Jaffe,D., Alvarez,P., Brockman,W., Butler,J., Gnerre,S., Grabherr,M., Kleber,M., Mauceli,E., McCallum,I., Veasna,D., Sivuth,O., Vong,S., Reynes,J.-M., Chantha,N., Socheat,D., Buchy,P., Nusbaum,C., Birren,B.",2005,2009-01-26,ssRNA(+)
FJ639686,dengue virus type I,Orthoflavivirus denguei,,DENV-1/KH/BID-V2002/2006,10690,complete,Cambodia: KCH,Homo sapiens,blood,"Henn,M.R., Levin,J., Malboeuf,C., Casali,M., Russ,C., Lennon,N., Erlich,R., Anderson,S., Rizzolo,K., Green,L., Ryan,E., Yu,Q., Young,S., Berlin,A., Heiman,D., Hepburn,T., Sykes,S., Koehrsen,M., Borenstein,D., Engels,R., Freedman,E., Gellesch,M., Howarth,C., Jen,D., Larson,L., Lewis,B., Montgomery,P., Park,D., Pearson,M., Richards,J., Roberts,A., Sisk,P., Stolte,C., White,J., Zeng,Q., Yandava,C., Oleary,S., Alvarado,L., Jaffe,D., Alvarez,P., Brockman,W., Butler,J., Gnerre,S., Grabherr,M., Kleber,M., Mauceli,E., McCallum,I., Veasna,D., Sivuth,O., Vong,S., Reynes,J.-M., Chantha,N., Socheat,D., Buchy,P., Nusbaum,C., Birren,B.",2006,2009-01-26,ssRNA(+)
FJ639688,dengue virus type I,Orthoflavivirus denguei,,DENV-1/KH/BID-V2005/2007,10690,complete,Cambodia: KCH,Homo sapiens,blood,"Henn,M.R., Levin,J., Malboeuf,C., Casali,M., Russ,C., Lennon,N., Erlich,R., Anderson,S., Rizzolo,K., Green,L., Ryan,E., Yu,Q., Young,S., Berlin,A., Heiman,D., Hepburn,T., Sykes,S., Koehrsen,M., Borenstein,D., Engels,R., Freedman,E., Gellesch,M., Howarth,C., Jen,D., Larson,L., Lewis,B., Montgomery,P., Park,D., Pearson,M., Richards,J., Roberts,A., Sisk,P., Stolte,C., White,J., Zeng,Q., Yandava,C., Oleary,S., Alvarado,L., Jaffe,D., Alvarez,P., Brockman,W., Butler,J., Gnerre,S., Grabherr,M., Kleber,M., Mauceli,E., McCallum,I., Veasna,D., Sivuth,O., Vong,S., Reynes,J.-M., Chantha,N., Socheat,D., Buchy,P., Nusbaum,C., Birren,B.",2007,2009-01-26,ssRNA(+)
FJ639689,dengue virus type I,Orthoflavivirus denguei,,DENV-1/KH/BID-V2006/2007,10684,complete,Cambodia: KSP,Homo sapiens,blood,"Henn,M.R., Levin,J., Malboeuf,C., Casali,M., Russ,C., Lennon,N., Erlich,R., Anderson,S., Rizzolo,K., Green,L., Ryan,E., Yu,Q., Young,S., Berlin,A., Heiman,D., Hepburn,T., Sykes,S., Koehrsen,M., Borenstein,D., Engels,R., Freedman,E., Gellesch,M., Howarth,C., Jen,D., Larson,L., Lewis,B., Montgomery,P., Park,D., Pearson,M., Richards,J., Roberts,A., Sisk,P., Stolte,C., White,J., Zeng,Q., Yandava,C., Oleary,S., Alvarado,L., Jaffe,D., Alvarez,P., Brockman,W., Butler,J., Gnerre,S., Grabherr,M., Kleber,M., Mauceli,E., McCallum,I., Veasna,D., Sivuth,O., Vong,S., Reynes,J.-M., Chantha,N., Socheat,D., Buchy,P., Nusbaum,C., Birren,B.",2007,2009-01-26,ssRNA(+)
FJ639690,dengue virus type I,Orthoflavivirus denguei,,DENV-1/KH/BID-V2007/2007,10690,complete,Cambodia: KSP,Homo sapiens,blood,"Henn,M.R., Levin,J., Malboeuf,C., Casali,M., Russ,C., Lennon,N., Erlich,R., Anderson,S., Rizzolo,K., Green,L., Ryan,E., Yu,Q., Young,S., Berlin,A., Heiman,D., Hepburn,T., Sykes,S., Koehrsen,M., Borenstein,D., Engels,R., Freedman,E., Gellesch,M., Howarth,C., Jen,D., Larson,L., Lewis,B., Montgomery,P., Park,D., Pearson,M., Richards,J., Roberts,A., Sisk,P., Stolte,C., White,J., Zeng,Q., Yandava,C., Oleary,S., Alvarado,L., Jaffe,D., Alvarez,P., Brockman,W., Butler,J., Gnerre,S., Grabherr,M., Kleber,M., Mauceli,E., McCallum,I., Veasna,D., Sivuth,O., Vong,S., Reynes,J.-M., Chantha,N., Socheat,D., Buchy,P., Nusbaum,C., Birren,B.",2007,2009-01-26,ssRNA(+)
FJ639691,dengue virus type I,Orthoflavivirus denguei,,DENV-1/KH/BID-V2008/2007,10690,complete,Cambodia: BTB,Homo sapiens,blood,"Henn,M.R., Levin,J., Malboeuf,C., Casali,M., Russ,C., Lennon,N., Erlich,R., Anderson,S., Rizzolo,K., Green,L., Ryan,E., Yu,Q., Young,S., Berlin,A., Heiman,D., Hepburn,T., Sykes,S., Koehrsen,M., Borenstein,D., Engels,R., Freedman,E., Gellesch,M., Howarth,C., Jen,D., Larson,L., Lewis,B., Montgomery,P., Park,D., Pearson,M., Richards,J., Roberts,A., Sisk,P., Stolte,C., White,J., Zeng,Q., Yandava,C., Oleary,S., Alvarado,L., Jaffe,D., Alvarez,P., Brockman,W., Butler,J., Gnerre,S., Grabherr,M., Kleber,M., Mauceli,E., McCallum,I., Veasna,D., Sivuth,O., Vong,S., Reynes,J.-M., Chantha,N., Socheat,D., Buchy,P., Nusbaum,C., Birren,B.",2007,2009-01-26,ssRNA(+)
FJ639702,Dengue virus type 2,Orthoflavivirus denguei,,DENV-2/KH/BID-V2030/2003,10667,complete,Cambodia: BTB,Homo sapiens,blood,"Henn,M.R., Levin,J., Malboeuf,C., Casali,M., Russ,C., Lennon,N., Erlich,R., Anderson,S., Rizzolo,K., Green,L., Ryan,E., Yu,Q., Young,S., Berlin,A., Heiman,D., Hepburn,T., Sykes,S., Koehrsen,M., Borenstein,D., Engels,R., Freedman,E., Gellesch,M., Howarth,C., Jen,D., Larson,L., Lewis,B., Montgomery,P., Park,D., Pearson,M., Richards,J., Roberts,A., Sisk,P., Stolte,C., White,J., Zeng,Q., Yandava,C., Oleary,S., Alvarado,L., Jaffe,D., Alvarez,P., Brockman,W., Butler,J., Gnerre,S., Grabherr,M., Kleber,M., Mauceli,E., McCallum,I., Veasna,D., Sivuth,O., Vong,S., Reynes,J.-M., Chantha,N., Socheat,D., Buchy,P., Nusbaum,C., Birren,B.",2003,2009-01-26,ssRNA(+)
FJ639725,Dengue virus type 3,Orthoflavivirus denguei,,DENV-3/KH/BID-V2082/2003,10648,complete,Cambodia: KSO,Homo sapiens,blood,"Henn,M.R., Levin,J., Malboeuf,C., Casali,M., Russ,C., Lennon,N., Erlich,R., Anderson,S., Rizzolo,K., Green,L., Ryan,E., Yu,Q., Young,S., Berlin,A., Heiman,D., Hepburn,T., Sykes,S., Koehrsen,M., Borenstein,D., Engels,R., Freedman,E., Gellesch,M., Howarth,C., Jen,D., Larson,L., Lewis,B., Montgomery,P., Park,D., Pearson,M., Richards,J., Roberts,A., Sisk,P., Stolte,C., White,J., Zeng,Q., Yandava,C., Oleary,S., Alvarado,L., Jaffe,D., Alvarez,P., Brockman,W., Butler,J., Gnerre,S., Grabherr,M., Kleber,M., Mauceli,E., McCallum,I., Veasna,D., Sivuth,O., Vong,S., Reynes,J.-M., Chantha,N., Socheat,D., Buchy,P., Nusbaum,C., Birren,B.",2003,2009-01-26,ssRNA(+)
FJ432719,dengue virus type I,Orthoflavivirus denguei,,DENV-1/VN/BID-V1636/2007,10690,complete,Viet Nam: South,Homo sapiens,blood,"Henn,M.R., Young,S., Kodira,C., Koehrsen,M., Jaffe,D., Berlin,A., Heiman,D., Hepburn,T., Sykes,S., Borenstein,D., Engels,R., Freedman,E., Gellesch,M., Howarth,C., Jen,D., Larson,L., Lewis,B., Montgomery,P., Park,D., Pearson,M., Richards,J., Roberts,A., Sisk,P., Stolte,C., White,J., Zeng,Q., Yandava,C., Oleary,S., Alvarado,L., Alvarez,P., Brockman,W., Butler,J., Gnerre,S., Grabherr,M., Kleber,M., Mauceli,E., MacCallum,I., Vu,H.T., Nguyen,Q.H., Nguyen,Q.T., Duong,P.H., Le,P.T., Duong,K.H., Nguyen,T.T.H., Hoang,L.T., Simmons,C.P., Lander,E., Galagan,J., Nusbaum,C., Birren,B.",2007,2008-12-16,ssRNA(+)
FJ461303,dengue virus type I,Orthoflavivirus denguei,,DENV-1/VN/BID-V971/2007,10691,complete,Viet Nam: South,Homo sapiens,blood,"Henn,M.R., Young,S., Kodira,C., Koehrsen,M., Jaffe,D., Berlin,A., Heiman,D., Hepburn,T., Sykes,S., Borenstein,D., Engels,R., Freedman,E., Howarth,C., Jen,D., Larson,L., Lewis,B., Montgomery,P., Park,D., Pearson,M., Roberts,A., Sisk,P., Stolte,C., White,J., Zeng,Q., Yandava,C., Oleary,S., Alvarado,L., Alvarez,P., Brockman,W., Butler,J., Gnerre,S., Grabherr,M., Kleber,M., Mauceli,E., McCallum,I., Vu,H.T., Nguyen,Q.H., Nguyen,Q.T., Duong,P.H., Lander,E., Galagan,J., Nusbaum,C., Simmons,C.P., Birren,B.",2007,2008-12-16,ssRNA(+)
FJ373296,dengue virus type I,Orthoflavivirus denguei,,DENV-1/VN/BID-V1629/2006,10690,complete,Viet Nam: South,Homo sapiens,blood,"Henn,M.R., Young,S., Kodira,C., Koehrsen,M., Jaffe,D., Berlin,A., Heiman,D., Hepburn,T., Sykes,S., Borenstein,D., Engels,R., Freedman,E., Gellesch,M., Howarth,C., Jen,D., Larson,L., Lewis,B., Montgomery,P., Park,D., Pearson,M., Richards,J., Roberts,A., Sisk,P., Stolte,C., White,J., Zeng,Q., Yandava,C., Oleary,S., Alvarado,L., Alvarez,P., Brockman,W., Butler,J., Gnerre,S., Grabherr,M., Kleber,M., Mauceli,E., MacCallum,I., Vu,H.T., Nguyen,Q.H., Nguyen,Q.T., Duong,P.H., Le,P.T., Duong,K.H., Nguyen,T.T.H., Hoang,L.T., Simmons,C.P., Lander,E., Galagan,J., Nusbaum,C., Birren,B.",2006,2008-11-01,ssRNA(+)
FJ373297,dengue virus type I,Orthoflavivirus denguei,,DENV-1/VN/BID-V1647/2007,10690,complete,Viet Nam: South,Homo sapiens,blood,"Henn,M.R., Young,S., Kodira,C., Koehrsen,M., Jaffe,D., Berlin,A., Heiman,D., Hepburn,T., Sykes,S., Borenstein,D., Engels,R., Freedman,E., Gellesch,M., Howarth,C., Jen,D., Larson,L., Lewis,B., Montgomery,P., Park,D., Pearson,M., Richards,J., Roberts,A., Sisk,P., Stolte,C., White,J., Zeng,Q., Yandava,C., Oleary,S., Alvarado,L., Alvarez,P., Brockman,W., Butler,J., Gnerre,S., Grabherr,M., Kleber,M., Mauceli,E., MacCallum,I., Vu,H.T., Nguyen,Q.H., Nguyen,Q.T., Duong,P.H., Le,P.T., Duong,K.H., Nguyen,T.T.H., Hoang,L.T., Simmons,C.P., Lander,E., Galagan,J., Nusbaum,C., Birren,B.",2007,2008-11-01,ssRNA(+)
FJ373298,dengue virus type I,Orthoflavivirus denguei,,DENV-1/VN/BID-V1650/2007,10690,complete,Viet Nam: South,Homo sapiens,blood,"Henn,M.R., Young,S., Kodira,C., Koehrsen,M., Jaffe,D., Berlin,A., Heiman,D., Hepburn,T., Sykes,S., Borenstein,D., Engels,R., Freedman,E., Gellesch,M., Howarth,C., Jen,D., Larson,L., Lewis,B., Montgomery,P., Park,D., Pearson,M., Richards,J., Roberts,A., Sisk,P., Stolte,C., White,J., Zeng,Q., Yandava,C., Oleary,S., Alvarado,L., Alvarez,P., Brockman,W., Butler,J., Gnerre,S., Grabherr,M., Kleber,M., Mauceli,E., MacCallum,I., Vu,H.T., Nguyen,Q.H., Nguyen,Q.T., Duong,P.H., Le,P.T., Duong,K.H., Nguyen,T.T.H., Hoang,L.T., Simmons,C.P., Lander,E., Galagan,J., Nusbaum,C., Birren,B.",2007,2008-11-01,ssRNA(+)
FJ373299,Dengue virus type 2,Orthoflavivirus denguei,,DENV-2/VN/BID-V1699/2007,10678,complete,Viet Nam: South,Homo sapiens,blood,"Henn,M.R., Young,S., Kodira,C., Koehrsen,M., Jaffe,D., Berlin,A., Heiman,D., Hepburn,T., Sykes,S., Borenstein,D., Engels,R., Freedman,E., Gellesch,M., Howarth,C., Jen,D., Larson,L., Lewis,B., Montgomery,P., Park,D., Pearson,M., Richards,J., Roberts,A., Sisk,P., Stolte,C., White,J., Zeng,Q., Yandava,C., Oleary,S., Alvarado,L., Alvarez,P., Brockman,W., Butler,J., Gnerre,S., Grabherr,M., Kleber,M., Mauceli,E., MacCallum,I., Vu,H.T., Nguyen,Q.H., Nguyen,Q.T., Duong,P.H., Le,P.T., Duong,K.H., Nguyen,T.T.H., Hoang,L.T., Simmons,C.P., Lander,E., Galagan,J., Nusbaum,C., Birren,B.",2007,2008-11-01,ssRNA(+)
FJ373305,dengue virus type I,Orthoflavivirus denguei,,DENV-1/VN/BID-V1500/2006,10690,complete,Viet Nam: South,Homo sapiens,blood,"Henn,M.R., Young,S., Kodira,C., Koehrsen,M., Jaffe,D., Berlin,A., Heiman,D., Hepburn,T., Sykes,S., Borenstein,D., Crawford,M., Engels,R., Freedman,E., Howarth,C., Jen,D., Larson,L., Ledlie,T., Lewis,B., Montgomery,P., Park,D., Pearson,M., Roberts,A., Sisk,P., Stolte,C., White,J., Zeng,Q., Yandava,C., Oleary,S., Alvarado,L., Alvarez,P., Brockman,W., Butler,J., Gnerre,S., Grabherr,M., Kleber,M., Mauceli,E., MacCallum,I., Vu,H.T., Nguyen,Q.H., Nguyen,Q.T., Duong,P.H., Lander,E., Galagan,J., Nusbaum,C., Simmons,C.P., Birren,B.",2006,2008-11-01,ssRNA(+)
FJ390381,dengue virus type I,Orthoflavivirus denguei,,DENV-1/VN/BID-V1652/2007,10690,complete,Viet Nam: South,Homo sapiens,blood,"Henn,M.R., Young,S., Kodira,C., Koehrsen,M., Jaffe,D., Berlin,A., Heiman,D., Hepburn,T., Sykes,S., Borenstein,D., Engels,R., Freedman,E., Gellesch,M., Howarth,C., Jen,D., Larson,L., Lewis,B., Montgomery,P., Park,D., Pearson,M., Richards,J., Roberts,A., Sisk,P., Stolte,C., White,J., Zeng,Q., Yandava,C., Oleary,S., Alvarado,L., Alvarez,P., Brockman,W., Butler,J., Gnerre,S., Grabherr,M., Kleber,M., Mauceli,E., MacCallum,I., Vu,H.T., Nguyen,Q.H., Nguyen,Q.T., Duong,P.H., Le,P.T., Duong,K.H., Nguyen,T.T.H., Hoang,L.T., Simmons,C.P., Lander,E., Galagan,J., Nusbaum,C., Birren,B.",2007,2008-11-01,ssRNA(+)
FJ390382,dengue virus type I,Orthoflavivirus denguei,,DENV-1/VN/BID-V1656/2007,10690,complete,Viet Nam: South,Homo sapiens,blood,"Henn,M.R., Young,S., Kodira,C., Koehrsen,M., Jaffe,D., Berlin,A., Heiman,D., Hepburn,T., Sykes,S., Borenstein,D., Engels,R., Freedman,E., Gellesch,M., Howarth,C., Jen,D., Larson,L., Lewis,B., Montgomery,P., Park,D., Pearson,M., Richards,J., Roberts,A., Sisk,P., Stolte,C., White,J., Zeng,Q., Yandava,C., Oleary,S., Alvarado,L., Alvarez,P., Brockman,W., Butler,J., Gnerre,S., Grabherr,M., Kleber,M., Mauceli,E., MacCallum,I., Vu,H.T., Nguyen,Q.H., Nguyen,Q.T., Duong,P.H., Le,P.T., Duong,K.H., Nguyen,T.T.H., Hoang,L.T., Simmons,C.P., Lander,E., Galagan,J., Nusbaum,C., Birren,B.",2007,2008-11-01,ssRNA(+)
FJ390383,dengue virus type I,Orthoflavivirus denguei,,DENV-1/VN/BID-V1659/2007,10713,complete,Viet Nam: South,Homo sapiens,blood,"Henn,M.R., Young,S., Kodira,C., Koehrsen,M., Jaffe,D., Berlin,A., Heiman,D., Hepburn,T., Sykes,S., Borenstein,D., Engels,R., Freedman,E., Gellesch,M., Howarth,C., Jen,D., Larson,L., Lewis,B., Montgomery,P., Park,D., Pearson,M., Richards,J., Roberts,A., Sisk,P., Stolte,C., White,J., Zeng,Q., Yandava,C., Oleary,S., Alvarado,L., Alvarez,P., Brockman,W., Butler,J., Gnerre,S., Grabherr,M., Kleber,M., Mauceli,E., MacCallum,I., Vu,H.T., Nguyen,Q.H., Nguyen,Q.T., Duong,P.H., Le,P.T., Duong,K.H., Nguyen,T.T.H., Hoang,L.T., Simmons,C.P., Lander,E., Galagan,J., Nusbaum,C., Birren,B.",2007,2008-11-01,ssRNA(+)
FJ390384,Dengue virus type 2,Orthoflavivirus denguei,,DENV-2/VN/BID-V1679/2007,10678,complete,Viet Nam: South,Homo sapiens,blood,"Henn,M.R., Young,S., Kodira,C., Koehrsen,M., Jaffe,D., Berlin,A., Heiman,D., Hepburn,T., Sykes,S., Borenstein,D., Engels,R., Freedman,E., Gellesch,M., Howarth,C., Jen,D., Larson,L., Lewis,B., Montgomery,P., Park,D., Pearson,M., Richards,J., Roberts,A., Sisk,P., Stolte,C., White,J., Zeng,Q., Yandava,C., Oleary,S., Alvarado,L., Alvarez,P., Brockman,W., Butler,J., Gnerre,S., Grabherr,M., Kleber,M., Mauceli,E., MacCallum,I., Vu,H.T., Nguyen,Q.H., Nguyen,Q.T., Duong,P.H., Le,P.T., Duong,K.H., Nguyen,T.T.H., Hoang,L.T., Simmons,C.P., Lander,E., Galagan,J., Nusbaum,C., Birren,B.",2007,2008-11-01,ssRNA(+)
FJ390385,Dengue virus type 2,Orthoflavivirus denguei,,DENV-2/VN/BID-V1684/2007,10678,complete,Viet Nam: South,Homo sapiens,blood,"Henn,M.R., Young,S., Kodira,C., Koehrsen,M., Jaffe,D., Berlin,A., Heiman,D., Hepburn,T., Sykes,S., Borenstein,D., Engels,R., Freedman,E., Gellesch,M., Howarth,C., Jen,D., Larson,L., Lewis,B., Montgomery,P., Park,D., Pearson,M., Richards,J., Roberts,A., Sisk,P., Stolte,C., White,J., Zeng,Q., Yandava,C., Oleary,S., Alvarado,L., Alvarez,P., Brockman,W., Butler,J., Gnerre,S., Grabherr,M., Kleber,M., Mauceli,E., MacCallum,I., Vu,H.T., Nguyen,Q.H., Nguyen,Q.T., Duong,P.H., Le,P.T., Duong,K.H., Nguyen,T.T.H., Hoang,L.T., Simmons,C.P., Lander,E., Galagan,J., Nusbaum,C., Birren,B.",2007,2008-11-01,ssRNA(+)
FJ390386,dengue virus type I,Orthoflavivirus denguei,,DENV-1/VN/BID-V1686/2007,10690,complete,Viet Nam: South,Homo sapiens,blood,"Henn,M.R., Young,S., Kodira,C., Koehrsen,M., Jaffe,D., Berlin,A., Heiman,D., Hepburn,T., Sykes,S., Borenstein,D., Engels,R., Freedman,E., Gellesch,M., Howarth,C., Jen,D., Larson,L., Lewis,B., Montgomery,P., Park,D., Pearson,M., Richards,J., Roberts,A., Sisk,P., Stolte,C., White,J., Zeng,Q., Yandava,C., Oleary,S., Alvarado,L., Alvarez,P., Brockman,W., Butler,J., Gnerre,S., Grabherr,M., Kleber,M., Mauceli,E., MacCallum,I., Vu,H.T., Nguyen,Q.H., Nguyen,Q.T., Duong,P.H., Le,P.T., Duong,K.H., Nguyen,T.T.H., Hoang,L.T., Simmons,C.P., Lander,E., Galagan,J., Nusbaum,C., Birren,B.",2007,2008-11-01,ssRNA(+)
FJ390387,Dengue virus type 2,Orthoflavivirus denguei,,DENV-2/VN/BID-V1696/2007,10668,complete,Viet Nam: South,Homo sapiens,blood,"Henn,M.R., Young,S., Kodira,C., Koehrsen,M., Jaffe,D., Berlin,A., Heiman,D., Hepburn,T., Sykes,S., Borenstein,D., Engels,R., Freedman,E., Gellesch,M., Howarth,C., Jen,D., Larson,L., Lewis,B., Montgomery,P., Park,D., Pearson,M., Richards,J., Roberts,A., Sisk,P., Stolte,C., White,J., Zeng,Q., Yandava,C., Oleary,S., Alvarado,L., Alvarez,P., Brockman,W., Butler,J., Gnerre,S., Grabherr,M., Kleber,M., Mauceli,E., MacCallum,I., Vu,H.T., Nguyen,Q.H., Nguyen,Q.T., Duong,P.H., Le,P.T., Duong,K.H., Nguyen,T.T.H., Hoang,L.T., Simmons,C.P., Lander,E., Galagan,J., Nusbaum,C., Birren,B.",2007,2008-11-01,ssRNA(+)
FJ390388,dengue virus type I,Orthoflavivirus denguei,,DENV-1/VN/BID-V1702/2007,10690,complete,Viet Nam: South,Homo sapiens,blood,"Henn,M.R., Young,S., Kodira,C., Koehrsen,M., Jaffe,D., Berlin,A., Heiman,D., Hepburn,T., Sykes,S., Borenstein,D., Engels,R., Freedman,E., Gellesch,M., Howarth,C., Jen,D., Larson,L., Lewis,B., Montgomery,P., Park,D., Pearson,M., Richards,J., Roberts,A., Sisk,P., Stolte,C., White,J., Zeng,Q., Yandava,C., Oleary,S., Alvarado,L., Alvarez,P., Brockman,W., Butler,J., Gnerre,S., Grabherr,M., Kleber,M., Mauceli,E., MacCallum,I., Vu,H.T., Nguyen,Q.H., Nguyen,Q.T., Duong,P.H., Le,P.T., Duong,K.H., Nguyen,T.T.H., Hoang,L.T., Simmons,C.P., Lander,E., Galagan,J., Nusbaum,C., Birren,B.",2007,2008-11-01,ssRNA(+)
FJ410191,dengue virus type I,Orthoflavivirus denguei,,DENV-1/VN/BID-V1768/2008,10674,complete,Viet Nam: South,Homo sapiens,blood,"Henn,M.R., Young,S., Kodira,C., Koehrsen,M., Jaffe,D., Berlin,A., Heiman,D., Hepburn,T., Sykes,S., Borenstein,D., Engels,R., Freedman,E., Gellesch,M., Howarth,C., Jen,D., Larson,L., Lewis,B., Montgomery,P., Park,D., Pearson,M., Richards,J., Roberts,A., Sisk,P., Stolte,C., White,J., Zeng,Q., Yandava,C., Oleary,S., Alvarado,L., Alvarez,P., Brockman,W., Butler,J., Gnerre,S., Grabherr,M., Kleber,M., Mauceli,E., MacCallum,I., Vu,H.T., Nguyen,Q.H., Nguyen,Q.T., Duong,P.H., Tran,H.T., Nguyen,L.T.M., Nguyen,L.P.H., Lander,E., Galagan,J., Nusbaum,C., Simmons,C.P., Birren,B.",2008,2008-11-01,ssRNA(+)
FJ410192,dengue virus type I,Orthoflavivirus denguei,,DENV-1/VN/BID-V1772/2008,10658,complete,Viet Nam: South,Homo sapiens,blood,"Henn,M.R., Young,S., Kodira,C., Koehrsen,M., Jaffe,D., Berlin,A., Heiman,D., Hepburn,T., Sykes,S., Borenstein,D., Engels,R., Freedman,E., Gellesch,M., Howarth,C., Jen,D., Larson,L., Lewis,B., Montgomery,P., Park,D., Pearson,M., Richards,J., Roberts,A., Sisk,P., Stolte,C., White,J., Zeng,Q., Yandava,C., Oleary,S., Alvarado,L., Alvarez,P., Brockman,W., Butler,J., Gnerre,S., Grabherr,M., Kleber,M., Mauceli,E., MacCallum,I., Vu,H.T., Nguyen,Q.H., Nguyen,Q.T., Duong,P.H., Tran,H.T., Nguyen,L.T.M., Nguyen,L.P.H., Lander,E., Galagan,J., Nusbaum,C., Simmons,C.P., Birren,B.",2008,2008-11-01,ssRNA(+)
FJ410193,Dengue virus type 2,Orthoflavivirus denguei,,DENV-2/VN/BID-V1773/2007,10666,complete,Viet Nam: South,Homo sapiens,blood,"Henn,M.R., Young,S., Kodira,C., Koehrsen,M., Jaffe,D., Berlin,A., Heiman,D., Hepburn,T., Sykes,S., Borenstein,D., Engels,R., Freedman,E., Gellesch,M., Howarth,C., Jen,D., Larson,L., Lewis,B., Montgomery,P., Park,D., Pearson,M., Richards,J., Roberts,A., Sisk,P., Stolte,C., White,J., Zeng,Q., Yandava,C., Oleary,S., Alvarado,L., Alvarez,P., Brockman,W., Butler,J., Gnerre,S., Grabherr,M., Kleber,M., Mauceli,E., MacCallum,I., Vu,H.T., Nguyen,Q.H., Nguyen,Q.T., Duong,P.H., Tran,H.T., Nguyen,L.T.M., Nguyen,L.P.H., Lander,E., Galagan,J., Nusbaum,C., Simmons,C.P., Birren,B.",2007,2008-11-01,ssRNA(+)
FJ410194,dengue virus type I,Orthoflavivirus denguei,,DENV-1/VN/BID-V1774/2007,10681,complete,Viet Nam: South,Homo sapiens,blood,"Henn,M.R., Young,S., Kodira,C., Koehrsen,M., Jaffe,D., Berlin,A., Heiman,D., Hepburn,T., Sykes,S., Borenstein,D., Engels,R., Freedman,E., Gellesch,M., Howarth,C., Jen,D., Larson,L., Lewis,B., Montgomery,P., Park,D., Pearson,M., Richards,J., Roberts,A., Sisk,P., Stolte,C., White,J., Zeng,Q., Yandava,C., Oleary,S., Alvarado,L., Alvarez,P., Brockman,W., Butler,J., Gnerre,S., Grabherr,M., Kleber,M., Mauceli,E., MacCallum,I., Vu,H.T., Nguyen,Q.H., Nguyen,Q.T., Duong,P.H., Tran,H.T., Nguyen,L.T.M., Nguyen,L.P.H., Lander,E., Galagan,J., Nusbaum,C., Simmons,C.P., Birren,B.",2007,2008-11-01,ssRNA(+)
FJ410195,Dengue virus type 2,Orthoflavivirus denguei,,DENV-2/VN/BID-V1776/2007,10678,complete,Viet Nam: South,Homo sapiens,blood,"Henn,M.R., Young,S., Koehrsen,M., Jaffe,D., Lennon,N., Erlich,R., Anderson,S., Rizzolo,K., Green,L., Ryan,E., Yu,Q., Berlin,A., Heiman,D., Hepburn,T., Sykes,S., Borenstein,D., Engels,R., Freedman,E., Gellesch,M., Heilman,E., Howarth,C., Jen,D., Larson,L., Lewis,B., Montgomery,P., Park,D., Pearson,M., Richards,J., Roberts,A., Sisk,P., Stolte,C., White,J., Alvarado,L., Champion,M., Godfrey,P., Shenoy,N., Yandava,C., Zeng,Q., Alvarez,P., Brockman,W., Butler,J., Gnerre,S., Grabherr,M., Kleber,M., Mauceli,E., MacCallum,I., Vu,H.T., Nguyen,Q.H., Nguyen,Q.T., Duong,P.H., Tran,H.T., Nguyen,L.T.M., Nguyen,L.P.H., Nusbaum,C., Simmons,C.P., Birren,B.",2007,2008-11-01,ssRNA(+)
FJ410196,dengue virus type I,Orthoflavivirus denguei,,DENV-1/VN/BID-V1789/2007,10689,complete,Viet Nam: South,Homo sapiens,blood,"Henn,M.R., Young,S., Kodira,C., Koehrsen,M., Jaffe,D., Berlin,A., Heiman,D., Hepburn,T., Sykes,S., Borenstein,D., Engels,R., Freedman,E., Gellesch,M., Howarth,C., Jen,D., Larson,L., Lewis,B., Montgomery,P., Park,D., Pearson,M., Richards,J., Roberts,A., Sisk,P., Stolte,C., White,J., Zeng,Q., Yandava,C., Oleary,S., Alvarado,L., Alvarez,P., Brockman,W., Butler,J., Gnerre,S., Grabherr,M., Kleber,M., Mauceli,E., MacCallum,I., Vu,H.T., Nguyen,Q.H., Nguyen,Q.T., Duong,P.H., Tran,H.T., Nguyen,L.T.M., Nguyen,L.P.H., Lander,E., Galagan,J., Nusbaum,C., Simmons,C.P., Birren,B.",2007,2008-11-01,ssRNA(+)
FJ410197,dengue virus type I,Orthoflavivirus denguei,,DENV-1/VN/BID-V1791/2007,10683,complete,Viet Nam: South,Homo sapiens,blood,"Henn,M.R., Young,S., Kodira,C., Koehrsen,M., Jaffe,D., Berlin,A., Heiman,D., Hepburn,T., Sykes,S., Borenstein,D., Engels,R., Freedman,E., Gellesch,M., Howarth,C., Jen,D., Larson,L., Lewis,B., Montgomery,P., Park,D., Pearson,M., Richards,J., Roberts,A., Sisk,P., Stolte,C., White,J., Zeng,Q., Yandava,C., Oleary,S., Alvarado,L., Alvarez,P., Brockman,W., Butler,J., Gnerre,S., Grabherr,M., Kleber,M., Mauceli,E., MacCallum,I., Vu,H.T., Nguyen,Q.H., Nguyen,Q.T., Duong,P.H., Tran,H.T., Nguyen,L.T.M., Nguyen,L.P.H., Lander,E., Galagan,J., Nusbaum,C., Simmons,C.P., Birren,B.",2007,2008-11-01,ssRNA(+)
FJ410198,dengue virus type I,Orthoflavivirus denguei,,DENV-1/VN/BID-V1797/2007,10675,complete,Viet Nam: South,Homo sapiens,blood,"Henn,M.R., Young,S., Kodira,C., Koehrsen,M., Jaffe,D., Berlin,A., Heiman,D., Hepburn,T., Sykes,S., Borenstein,D., Engels,R., Freedman,E., Gellesch,M., Howarth,C., Jen,D., Larson,L., Lewis,B., Montgomery,P., Park,D., Pearson,M., Richards,J., Roberts,A., Sisk,P., Stolte,C., White,J., Zeng,Q., Yandava,C., Oleary,S., Alvarado,L., Alvarez,P., Brockman,W., Butler,J., Gnerre,S., Grabherr,M., Kleber,M., Mauceli,E., MacCallum,I., Vu,H.T., Nguyen,Q.H., Nguyen,Q.T., Duong,P.H., Tran,H.T., Nguyen,L.T.M., Nguyen,L.P.H., Lander,E., Galagan,J., Nusbaum,C., Simmons,C.P., Birren,B.",2007,2008-11-01,ssRNA(+)
FJ410199,dengue virus type I,Orthoflavivirus denguei,,DENV-1/VN/BID-V1799/2007,10676,complete,Viet Nam: South,Homo sapiens,blood,"Henn,M.R., Young,S., Kodira,C., Koehrsen,M., Jaffe,D., Berlin,A., Heiman,D., Hepburn,T., Sykes,S., Borenstein,D., Engels,R., Freedman,E., Gellesch,M., Howarth,C., Jen,D., Larson,L., Lewis,B., Montgomery,P., Park,D., Pearson,M., Richards,J., Roberts,A., Sisk,P., Stolte,C., White,J., Zeng,Q., Yandava,C., Oleary,S., Alvarado,L., Alvarez,P., Brockman,W., Butler,J., Gnerre,S., Grabherr,M., Kleber,M., Mauceli,E., MacCallum,I., Vu,H.T., Nguyen,Q.H., Nguyen,Q.T., Duong,P.H., Tran,H.T., Nguyen,L.T.M., Nguyen,L.P.H., Lander,E., Galagan,J., Nusbaum,C., Simmons,C.P., Birren,B.",2007,2008-11-01,ssRNA(+)
FJ410200,Dengue virus type 2,Orthoflavivirus denguei,,DENV-2/VN/BID-V1801/2007,10673,complete,Viet Nam: South,Homo sapiens,blood,"Henn,M.R., Young,S., Kodira,C., Koehrsen,M., Jaffe,D., Berlin,A., Heiman,D., Hepburn,T., Sykes,S., Borenstein,D., Engels,R., Freedman,E., Gellesch,M., Howarth,C., Jen,D., Larson,L., Lewis,B., Montgomery,P., Park,D., Pearson,M., Richards,J., Roberts,A., Sisk,P., Stolte,C., White,J., Zeng,Q., Yandava,C., Oleary,S., Alvarado,L., Alvarez,P., Brockman,W., Butler,J., Gnerre,S., Grabherr,M., Kleber,M., Mauceli,E., MacCallum,I., Vu,H.T., Nguyen,Q.H., Nguyen,Q.T., Duong,P.H., Tran,H.T., Nguyen,L.T.M., Nguyen,L.P.H., Lander,E., Galagan,J., Nusbaum,C., Simmons,C.P., Birren,B.",2007,2008-11-01,ssRNA(+)
FJ410201,dengue virus type I,Orthoflavivirus denguei,,DENV-1/VN/BID-V1806/2007,10674,complete,Viet Nam: South,Homo sapiens,blood,"Henn,M.R., Young,S., Kodira,C., Koehrsen,M., Jaffe,D., Berlin,A., Heiman,D., Hepburn,T., Sykes,S., Borenstein,D., Engels,R., Freedman,E., Gellesch,M., Howarth,C., Jen,D., Larson,L., Lewis,B., Montgomery,P., Park,D., Pearson,M., Richards,J., Roberts,A., Sisk,P., Stolte,C., White,J., Zeng,Q., Yandava,C., Oleary,S., Alvarado,L., Alvarez,P., Brockman,W., Butler,J., Gnerre,S., Grabherr,M., Kleber,M., Mauceli,E., MacCallum,I., Vu,H.T., Nguyen,Q.H., Nguyen,Q.T., Duong,P.H., Tran,H.T., Nguyen,L.T.M., Nguyen,L.P.H., Lander,E., Galagan,J., Nusbaum,C., Simmons,C.P., Birren,B.",2007,2008-11-01,ssRNA(+)
FJ410202,Dengue virus type 2,Orthoflavivirus denguei,,DENV-2/VN/BID-V1807/2007,10668,complete,Viet Nam: South,Homo sapiens,blood,"Henn,M.R., Young,S., Kodira,C., Koehrsen,M., Jaffe,D., Berlin,A., Heiman,D., Hepburn,T., Sykes,S., Borenstein,D., Engels,R., Freedman,E., Gellesch,M., Howarth,C., Jen,D., Larson,L., Lewis,B., Montgomery,P., Park,D., Pearson,M., Richards,J., Roberts,A., Sisk,P., Stolte,C., White,J., Zeng,Q., Yandava,C., Oleary,S., Alvarado,L., Alvarez,P., Brockman,W., Butler,J., Gnerre,S., Grabherr,M., Kleber,M., Mauceli,E., MacCallum,I., Vu,H.T., Nguyen,Q.H., Nguyen,Q.T., Duong,P.H., Tran,H.T., Nguyen,L.T.M., Nguyen,L.P.H., Lander,E., Galagan,J., Nusbaum,C., Simmons,C.P., Birren,B.",2007,2008-11-01,ssRNA(+)
FJ410203,dengue virus type I,Orthoflavivirus denguei,,DENV-1/VN/BID-V1808/2007,10686,complete,Viet Nam: South,Homo sapiens,blood,"Henn,M.R., Young,S., Kodira,C., Koehrsen,M., Jaffe,D., Berlin,A., Heiman,D., Hepburn,T., Sykes,S., Borenstein,D., Engels,R., Freedman,E., Gellesch,M., Howarth,C., Jen,D., Larson,L., Lewis,B., Montgomery,P., Park,D., Pearson,M., Richards,J., Roberts,A., Sisk,P., Stolte,C., White,J., Zeng,Q., Yandava,C., Oleary,S., Alvarado,L., Alvarez,P., Brockman,W., Butler,J., Gnerre,S., Grabherr,M., Kleber,M., Mauceli,E., MacCallum,I., Vu,H.T., Nguyen,Q.H., Nguyen,Q.T., Duong,P.H., Tran,H.T., Nguyen,L.T.M., Nguyen,L.P.H., Lander,E., Galagan,J., Nusbaum,C., Simmons,C.P., Birren,B.",2007,2008-11-01,ssRNA(+)
FJ410204,dengue virus type I,Orthoflavivirus denguei,,DENV-1/VN/BID-V1809/2007,10671,complete,Viet Nam: South,Homo sapiens,blood,"Henn,M.R., Young,S., Kodira,C., Koehrsen,M., Jaffe,D., Berlin,A., Heiman,D., Hepburn,T., Sykes,S., Borenstein,D., Engels,R., Freedman,E., Gellesch,M., Howarth,C., Jen,D., Larson,L., Lewis,B., Montgomery,P., Park,D., Pearson,M., Richards,J., Roberts,A., Sisk,P., Stolte,C., White,J., Zeng,Q., Yandava,C., Oleary,S., Alvarado,L., Alvarez,P., Brockman,W., Butler,J., Gnerre,S., Grabherr,M., Kleber,M., Mauceli,E., MacCallum,I., Vu,H.T., Nguyen,Q.H., Nguyen,Q.T., Duong,P.H., Tran,H.T., Nguyen,L.T.M., Nguyen,L.P.H., Lander,E., Galagan,J., Nusbaum,C., Simmons,C.P., Birren,B.",2007,2008-11-01,ssRNA(+)
FJ410205,dengue virus type I,Orthoflavivirus denguei,,DENV-1/VN/BID-V1812/2007,10676,complete,Viet Nam: South,Homo sapiens,blood,"Henn,M.R., Young,S., Kodira,C., Koehrsen,M., Jaffe,D., Berlin,A., Heiman,D., Hepburn,T., Sykes,S., Borenstein,D., Engels,R., Freedman,E., Gellesch,M., Howarth,C., Jen,D., Larson,L., Lewis,B., Montgomery,P., Park,D., Pearson,M., Richards,J., Roberts,A., Sisk,P., Stolte,C., White,J., Zeng,Q., Yandava,C., Oleary,S., Alvarado,L., Alvarez,P., Brockman,W., Butler,J., Gnerre,S., Grabherr,M., Kleber,M., Mauceli,E., MacCallum,I., Vu,H.T., Nguyen,Q.H., Nguyen,Q.T., Duong,P.H., Tran,H.T., Nguyen,L.T.M., Nguyen,L.P.H., Lander,E., Galagan,J., Nusbaum,C., Simmons,C.P., Birren,B.",2007,2008-11-01,ssRNA(+)
FJ410206,dengue virus type I,Orthoflavivirus denguei,,DENV-1/VN/BID-V1813/2007,10694,complete,Viet Nam: South,Homo sapiens,blood,"Henn,M.R., Young,S., Kodira,C., Koehrsen,M., Jaffe,D., Berlin,A., Heiman,D., Hepburn,T., Sykes,S., Borenstein,D., Engels,R., Freedman,E., Gellesch,M., Howarth,C., Jen,D., Larson,L., Lewis,B., Montgomery,P., Park,D., Pearson,M., Richards,J., Roberts,A., Sisk,P., Stolte,C., White,J., Zeng,Q., Yandava,C., Oleary,S., Alvarado,L., Alvarez,P., Brockman,W., Butler,J., Gnerre,S., Grabherr,M., Kleber,M., Mauceli,E., MacCallum,I., Vu,H.T., Nguyen,Q.H., Nguyen,Q.T., Duong,P.H., Tran,H.T., Nguyen,L.T.M., Nguyen,L.P.H., Lander,E., Galagan,J., Nusbaum,C., Simmons,C.P., Birren,B.",2007,2008-11-01,ssRNA(+)
FJ410207,dengue virus type I,Orthoflavivirus denguei,,DENV-1/VN/BID-V1814/2007,10683,complete,Viet Nam: South,Homo sapiens,blood,"Henn,M.R., Young,S., Kodira,C., Koehrsen,M., Jaffe,D., Berlin,A., Heiman,D., Hepburn,T., Sykes,S., Borenstein,D., Engels,R., Freedman,E., Gellesch,M., Howarth,C., Jen,D., Larson,L., Lewis,B., Montgomery,P., Park,D., Pearson,M., Richards,J., Roberts,A., Sisk,P., Stolte,C., White,J., Zeng,Q., Yandava,C., Oleary,S., Alvarado,L., Alvarez,P., Brockman,W., Butler,J., Gnerre,S., Grabherr,M., Kleber,M., Mauceli,E., MacCallum,I., Vu,H.T., Nguyen,Q.H., Nguyen,Q.T., Duong,P.H., Tran,H.T., Nguyen,L.T.M., Nguyen,L.P.H., Lander,E., Galagan,J., Nusbaum,C., Simmons,C.P., Birren,B.",2007,2008-11-01,ssRNA(+)
FJ410208,Dengue virus type 2,Orthoflavivirus denguei,,DENV-2/VN/BID-V1818/2007,10674,complete,Viet Nam: South,Homo sapiens,blood,"Henn,M.R., Young,S., Kodira,C., Koehrsen,M., Jaffe,D., Berlin,A., Heiman,D., Hepburn,T., Sykes,S., Borenstein,D., Engels,R., Freedman,E., Gellesch,M., Howarth,C., Jen,D., Larson,L., Lewis,B., Montgomery,P., Park,D., Pearson,M., Richards,J., Roberts,A., Sisk,P., Stolte,C., White,J., Zeng,Q., Yandava,C., Oleary,S., Alvarado,L., Alvarez,P., Brockman,W., Butler,J., Gnerre,S., Grabherr,M., Kleber,M., Mauceli,E., MacCallum,I., Vu,H.T., Nguyen,Q.H., Nguyen,Q.T., Duong,P.H., Tran,H.T., Nguyen,L.T.M., Nguyen,L.P.H., Lander,E., Galagan,J., Nusbaum,C., Simmons,C.P., Birren,B.",2007,2008-11-01,ssRNA(+)
FJ410209,dengue virus type I,Orthoflavivirus denguei,,DENV-1/VN/BID-V1825/2007,10678,complete,Viet Nam: South,Homo sapiens,blood,"Henn,M.R., Young,S., Kodira,C., Koehrsen,M., Jaffe,D., Berlin,A., Heiman,D., Hepburn,T., Sykes,S., Borenstein,D., Engels,R., Freedman,E., Gellesch,M., Howarth,C., Jen,D., Larson,L., Lewis,B., Montgomery,P., Park,D., Pearson,M., Richards,J., Roberts,A., Sisk,P., Stolte,C., White,J., Zeng,Q., Yandava,C., Oleary,S., Alvarado,L., Alvarez,P., Brockman,W., Butler,J., Gnerre,S., Grabherr,M., Kleber,M., Mauceli,E., MacCallum,I., Vu,H.T., Nguyen,Q.H., Nguyen,Q.T., Duong,P.H., Tran,H.T., Nguyen,L.T.M., Nguyen,L.P.H., Lander,E., Galagan,J., Nusbaum,C., Simmons,C.P., Birren,B.",2007,2008-11-01,ssRNA(+)
FJ410210,dengue virus type I,Orthoflavivirus denguei,,DENV-1/VN/BID-V1826/2007,10672,complete,Viet Nam: South,Homo sapiens,blood,"Henn,M.R., Young,S., Kodira,C., Koehrsen,M., Jaffe,D., Berlin,A., Heiman,D., Hepburn,T., Sykes,S., Borenstein,D., Engels,R., Freedman,E., Gellesch,M., Howarth,C., Jen,D., Larson,L., Lewis,B., Montgomery,P., Park,D., Pearson,M., Richards,J., Roberts,A., Sisk,P., Stolte,C., White,J., Zeng,Q., Yandava,C., Oleary,S., Alvarado,L., Alvarez,P., Brockman,W., Butler,J., Gnerre,S., Grabherr,M., Kleber,M., Mauceli,E., MacCallum,I., Vu,H.T., Nguyen,Q.H., Nguyen,Q.T., Duong,P.H., Tran,H.T., Nguyen,L.T.M., Nguyen,L.P.H., Lander,E., Galagan,J., Nusbaum,C., Simmons,C.P., Birren,B.",2007,2008-11-01,ssRNA(+)
FJ410211,dengue virus type I,Orthoflavivirus denguei,,DENV-1/VN/BID-V1830/2007,10672,complete,Viet Nam: South,Homo sapiens,blood,"Henn,M.R., Young,S., Kodira,C., Koehrsen,M., Jaffe,D., Berlin,A., Heiman,D., Hepburn,T., Sykes,S., Borenstein,D., Engels,R., Freedman,E., Gellesch,M., Howarth,C., Jen,D., Larson,L., Lewis,B., Montgomery,P., Park,D., Pearson,M., Richards,J., Roberts,A., Sisk,P., Stolte,C., White,J., Zeng,Q., Yandava,C., Oleary,S., Alvarado,L., Alvarez,P., Brockman,W., Butler,J., Gnerre,S., Grabherr,M., Kleber,M., Mauceli,E., MacCallum,I., Vu,H.T., Nguyen,Q.H., Nguyen,Q.T., Duong,P.H., Tran,H.T., Nguyen,L.T.M., Nguyen,L.P.H., Lander,E., Galagan,J., Nusbaum,C., Simmons,C.P., Birren,B.",2007,2008-11-01,ssRNA(+)
FJ410212,dengue virus type I,Orthoflavivirus denguei,,DENV-1/VN/BID-V1839/2007,10672,complete,Viet Nam: South,Homo sapiens,blood,"Henn,M.R., Young,S., Kodira,C., Koehrsen,M., Jaffe,D., Berlin,A., Heiman,D., Hepburn,T., Sykes,S., Borenstein,D., Engels,R., Freedman,E., Gellesch,M., Howarth,C., Jen,D., Larson,L., Lewis,B., Montgomery,P., Park,D., Pearson,M., Richards,J., Roberts,A., Sisk,P., Stolte,C., White,J., Zeng,Q., Yandava,C., Oleary,S., Alvarado,L., Alvarez,P., Brockman,W., Butler,J., Gnerre,S., Grabherr,M., Kleber,M., Mauceli,E., MacCallum,I., Vu,H.T., Nguyen,Q.H., Nguyen,Q.T., Duong,P.H., Tran,H.T., Nguyen,L.T.M., Nguyen,L.P.H., Lander,E., Galagan,J., Nusbaum,C., Simmons,C.P., Birren,B.",2007,2008-11-01,ssRNA(+)
FJ410213,dengue virus type I,Orthoflavivirus denguei,,DENV-1/VN/BID-V1841/2008,10670,complete,Viet Nam: South,Homo sapiens,blood,"Henn,M.R., Young,S., Kodira,C., Koehrsen,M., Jaffe,D., Berlin,A., Heiman,D., Hepburn,T., Sykes,S., Borenstein,D., Engels,R., Freedman,E., Gellesch,M., Howarth,C., Jen,D., Larson,L., Lewis,B., Montgomery,P., Park,D., Pearson,M., Richards,J., Roberts,A., Sisk,P., Stolte,C., White,J., Zeng,Q., Yandava,C., Oleary,S., Alvarado,L., Alvarez,P., Brockman,W., Butler,J., Gnerre,S., Grabherr,M., Kleber,M., Mauceli,E., MacCallum,I., Vu,H.T., Nguyen,Q.H., Nguyen,Q.T., Duong,P.H., Tran,H.T., Nguyen,L.T.M., Nguyen,L.P.H., Lander,E., Galagan,J., Nusbaum,C., Simmons,C.P., Birren,B.",2008,2008-11-01,ssRNA(+)
FJ410214,dengue virus type I,Orthoflavivirus denguei,,DENV-1/VN/BID-V1843/2008,10672,complete,Viet Nam: South,Homo sapiens,blood,"Henn,M.R., Young,S., Kodira,C., Koehrsen,M., Jaffe,D., Berlin,A., Heiman,D., Hepburn,T., Sykes,S., Borenstein,D., Engels,R., Freedman,E., Gellesch,M., Howarth,C., Jen,D., Larson,L., Lewis,B., Montgomery,P., Park,D., Pearson,M., Richards,J., Roberts,A., Sisk,P., Stolte,C., White,J., Zeng,Q., Yandava,C., Oleary,S., Alvarado,L., Alvarez,P., Brockman,W., Butler,J., Gnerre,S., Grabherr,M., Kleber,M., Mauceli,E., MacCallum,I., Vu,H.T., Nguyen,Q.H., Nguyen,Q.T., Duong,P.H., Tran,H.T., Nguyen,L.T.M., Nguyen,L.P.H., Lander,E., Galagan,J., Nusbaum,C., Simmons,C.P., Birren,B.",2008,2008-11-01,ssRNA(+)
FJ410215,Dengue virus type 2,Orthoflavivirus denguei,,DENV-2/VN/BID-V1844/2008,10678,complete,Viet Nam: South,Homo sapiens,blood,"Henn,M.R., Young,S., Kodira,C., Koehrsen,M., Jaffe,D., Berlin,A., Heiman,D., Hepburn,T., Sykes,S., Borenstein,D., Engels,R., Freedman,E., Gellesch,M., Howarth,C., Jen,D., Larson,L., Lewis,B., Montgomery,P., Park,D., Pearson,M., Richards,J., Roberts,A., Sisk,P., Stolte,C., White,J., Zeng,Q., Yandava,C., Oleary,S., Alvarado,L., Alvarez,P., Brockman,W., Butler,J., Gnerre,S., Grabherr,M., Kleber,M., Mauceli,E., MacCallum,I., Vu,H.T., Nguyen,Q.H., Nguyen,Q.T., Duong,P.H., Tran,H.T., Nguyen,L.T.M., Nguyen,L.P.H., Lander,E., Galagan,J., Nusbaum,C., Simmons,C.P., Birren,B.",2008,2008-11-01,ssRNA(+)
FJ410216,dengue virus type I,Orthoflavivirus denguei,,DENV-1/VN/BID-V1849/2007,10653,complete,Viet Nam: South,Homo sapiens,blood,"Henn,M.R., Young,S., Kodira,C., Koehrsen,M., Jaffe,D., Berlin,A., Heiman,D., Hepburn,T., Sykes,S., Borenstein,D., Engels,R., Freedman,E., Gellesch,M., Howarth,C., Jen,D., Larson,L., Lewis,B., Montgomery,P., Park,D., Pearson,M., Richards,J., Roberts,A., Sisk,P., Stolte,C., White,J., Zeng,Q., Yandava,C., Oleary,S., Alvarado,L., Alvarez,P., Brockman,W., Butler,J., Gnerre,S., Grabherr,M., Kleber,M., Mauceli,E., MacCallum,I., Vu,H.T., Nguyen,Q.H., Nguyen,Q.T., Duong,P.H., Tran,H.T., Nguyen,L.T.M., Nguyen,L.P.H., Lander,E., Galagan,J., Nusbaum,C., Simmons,C.P., Birren,B.",2007,2008-11-01,ssRNA(+)
FJ410217,Dengue virus type 2,Orthoflavivirus denguei,,DENV-2/VN/BID-V1853/2007,10678,complete,Viet Nam: South,Homo sapiens,blood,"Henn,M.R., Young,S., Kodira,C., Koehrsen,M., Jaffe,D., Berlin,A., Heiman,D., Hepburn,T., Sykes,S., Borenstein,D., Engels,R., Freedman,E., Gellesch,M., Howarth,C., Jen,D., Larson,L., Lewis,B., Montgomery,P., Park,D., Pearson,M., Richards,J., Roberts,A., Sisk,P., Stolte,C., White,J., Zeng,Q., Yandava,C., Oleary,S., Alvarado,L., Alvarez,P., Brockman,W., Butler,J., Gnerre,S., Grabherr,M., Kleber,M., Mauceli,E., MacCallum,I., Vu,H.T., Nguyen,Q.H., Nguyen,Q.T., Duong,P.H., Tran,H.T., Nguyen,L.T.M., Nguyen,L.P.H., Lander,E., Galagan,J., Nusbaum,C., Simmons,C.P., Birren,B.",2007,2008-11-01,ssRNA(+)
FJ410218,dengue virus type I,Orthoflavivirus denguei,,DENV-1/VN/BID-V1856/2007,10676,complete,Viet Nam: South,Homo sapiens,blood,"Henn,M.R., Young,S., Kodira,C., Koehrsen,M., Jaffe,D., Berlin,A., Heiman,D., Hepburn,T., Sykes,S., Borenstein,D., Engels,R., Freedman,E., Gellesch,M., Howarth,C., Jen,D., Larson,L., Lewis,B., Montgomery,P., Park,D., Pearson,M., Richards,J., Roberts,A., Sisk,P., Stolte,C., White,J., Zeng,Q., Yandava,C., Oleary,S., Alvarado,L., Alvarez,P., Brockman,W., Butler,J., Gnerre,S., Grabherr,M., Kleber,M., Mauceli,E., MacCallum,I., Vu,H.T., Nguyen,Q.H., Nguyen,Q.T., Duong,P.H., Tran,H.T., Nguyen,L.T.M., Nguyen,L.P.H., Lander,E., Galagan,J., Nusbaum,C., Simmons,C.P., Birren,B.",2007,2008-11-01,ssRNA(+)
FJ410219,Dengue virus type 2,Orthoflavivirus denguei,,DENV-2/VN/BID-V1857/2007,10668,complete,Viet Nam: South,Homo sapiens,blood,"Henn,M.R., Young,S., Kodira,C., Koehrsen,M., Jaffe,D., Berlin,A., Heiman,D., Hepburn,T., Sykes,S., Borenstein,D., Engels,R., Freedman,E., Gellesch,M., Howarth,C., Jen,D., Larson,L., Lewis,B., Montgomery,P., Park,D., Pearson,M., Richards,J., Roberts,A., Sisk,P., Stolte,C., White,J., Zeng,Q., Yandava,C., Oleary,S., Alvarado,L., Alvarez,P., Brockman,W., Butler,J., Gnerre,S., Grabherr,M., Kleber,M., Mauceli,E., MacCallum,I., Vu,H.T., Nguyen,Q.H., Nguyen,Q.T., Duong,P.H., Tran,H.T., Nguyen,L.T.M., Nguyen,L.P.H., Lander,E., Galagan,J., Nusbaum,C., Simmons,C.P., Birren,B.",2007,2008-11-01,ssRNA(+)
FJ410220,dengue virus type I,Orthoflavivirus denguei,,DENV-1/VN/BID-V1862/2008,10672,complete,Viet Nam: South,Homo sapiens,blood,"Henn,M.R., Young,S., Kodira,C., Koehrsen,M., Jaffe,D., Berlin,A., Heiman,D., Hepburn,T., Sykes,S., Borenstein,D., Engels,R., Freedman,E., Gellesch,M., Howarth,C., Jen,D., Larson,L., Lewis,B., Montgomery,P., Park,D., Pearson,M., Richards,J., Roberts,A., Sisk,P., Stolte,C., White,J., Zeng,Q., Yandava,C., Oleary,S., Alvarado,L., Alvarez,P., Brockman,W., Butler,J., Gnerre,S., Grabherr,M., Kleber,M., Mauceli,E., MacCallum,I., Vu,H.T., Nguyen,Q.H., Nguyen,Q.T., Duong,P.H., Tran,H.T., Nguyen,L.T.M., Nguyen,L.P.H., Lander,E., Galagan,J., Nusbaum,C., Simmons,C.P., Birren,B.",2008,2008-11-01,ssRNA(+)
FJ410221,Dengue virus type 2,Orthoflavivirus denguei,,DENV-2/VN/BID-V1864/2007,10678,complete,Viet Nam: South,Homo sapiens,blood,"Henn,M.R., Young,S., Kodira,C., Koehrsen,M., Jaffe,D., Berlin,A., Heiman,D., Hepburn,T., Sykes,S., Borenstein,D., Engels,R., Freedman,E., Gellesch,M., Howarth,C., Jen,D., Larson,L., Lewis,B., Montgomery,P., Park,D., Pearson,M., Richards,J., Roberts,A., Sisk,P., Stolte,C., White,J., Zeng,Q., Yandava,C., Oleary,S., Alvarado,L., Alvarez,P., Brockman,W., Butler,J., Gnerre,S., Grabherr,M., Kleber,M., Mauceli,E., MacCallum,I., Vu,H.T., Nguyen,Q.H., Nguyen,Q.T., Duong,P.H., Tran,H.T., Nguyen,L.T.M., Nguyen,L.P.H., Lander,E., Galagan,J., Nusbaum,C., Simmons,C.P., Birren,B.",2007,2008-11-01,ssRNA(+)
FJ410222,dengue virus type I,Orthoflavivirus denguei,,DENV-1/VN/BID-V1866/2007,10669,complete,Viet Nam: South,Homo sapiens,blood,"Henn,M.R., Young,S., Kodira,C., Koehrsen,M., Jaffe,D., Berlin,A., Heiman,D., Hepburn,T., Sykes,S., Borenstein,D., Engels,R., Freedman,E., Gellesch,M., Howarth,C., Jen,D., Larson,L., Lewis,B., Montgomery,P., Park,D., Pearson,M., Richards,J., Roberts,A., Sisk,P., Stolte,C., White,J., Zeng,Q., Yandava,C., Oleary,S., Alvarado,L., Alvarez,P., Brockman,W., Butler,J., Gnerre,S., Grabherr,M., Kleber,M., Mauceli,E., MacCallum,I., Vu,H.T., Nguyen,Q.H., Nguyen,Q.T., Duong,P.H., Tran,H.T., Nguyen,L.T.M., Nguyen,L.P.H., Lander,E., Galagan,J., Nusbaum,C., Simmons,C.P., Birren,B.",2007,2008-11-01,ssRNA(+)
FJ410223,Dengue virus type 2,Orthoflavivirus denguei,,DENV-2/VN/BID-V1869/2007,10677,complete,Viet Nam: South,Homo sapiens,blood,"Henn,M.R., Young,S., Kodira,C., Koehrsen,M., Jaffe,D., Berlin,A., Heiman,D., Hepburn,T., Sykes,S., Borenstein,D., Engels,R., Freedman,E., Gellesch,M., Howarth,C., Jen,D., Larson,L., Lewis,B., Montgomery,P., Park,D., Pearson,M., Richards,J., Roberts,A., Sisk,P., Stolte,C., White,J., Zeng,Q., Yandava,C., Oleary,S., Alvarado,L., Alvarez,P., Brockman,W., Butler,J., Gnerre,S., Grabherr,M., Kleber,M., Mauceli,E., MacCallum,I., Vu,H.T., Nguyen,Q.H., Nguyen,Q.T., Duong,P.H., Tran,H.T., Nguyen,L.T.M., Nguyen,L.P.H., Lander,E., Galagan,J., Nusbaum,C., Simmons,C.P., Birren,B.",2007,2008-11-01,ssRNA(+)
FJ410224,Dengue virus type 2,Orthoflavivirus denguei,,DENV-2/VN/BID-V1872/2007,10678,complete,Viet Nam: South,Homo sapiens,blood,"Henn,M.R., Young,S., Kodira,C., Koehrsen,M., Jaffe,D., Berlin,A., Heiman,D., Hepburn,T., Sykes,S., Borenstein,D., Engels,R., Freedman,E., Gellesch,M., Howarth,C., Jen,D., Larson,L., Lewis,B., Montgomery,P., Park,D., Pearson,M., Richards,J., Roberts,A., Sisk,P., Stolte,C., White,J., Zeng,Q., Yandava,C., Oleary,S., Alvarado,L., Alvarez,P., Brockman,W., Butler,J., Gnerre,S., Grabherr,M., Kleber,M., Mauceli,E., MacCallum,I., Vu,H.T., Nguyen,Q.H., Nguyen,Q.T., Duong,P.H., Tran,H.T., Nguyen,L.T.M., Nguyen,L.P.H., Lander,E., Galagan,J., Nusbaum,C., Simmons,C.P., Birren,B.",2007,2008-11-01,ssRNA(+)
FJ410225,dengue virus type I,Orthoflavivirus denguei,,DENV-1/VN/BID-V1875/2007,10674,complete,Viet Nam: South,Homo sapiens,blood,"Henn,M.R., Young,S., Kodira,C., Koehrsen,M., Jaffe,D., Berlin,A., Heiman,D., Hepburn,T., Sykes,S., Borenstein,D., Engels,R., Freedman,E., Gellesch,M., Howarth,C., Jen,D., Larson,L., Lewis,B., Montgomery,P., Park,D., Pearson,M., Richards,J., Roberts,A., Sisk,P., Stolte,C., White,J., Zeng,Q., Yandava,C., Oleary,S., Alvarado,L., Alvarez,P., Brockman,W., Butler,J., Gnerre,S., Grabherr,M., Kleber,M., Mauceli,E., MacCallum,I., Vu,H.T., Nguyen,Q.H., Nguyen,Q.T., Duong,P.H., Tran,H.T., Nguyen,L.T.M., Nguyen,L.P.H., Lander,E., Galagan,J., Nusbaum,C., Simmons,C.P., Birren,B.",2007,2008-11-01,ssRNA(+)
FJ410226,dengue virus type I,Orthoflavivirus denguei,,DENV-1/VN/BID-V1878/2008,10690,complete,Viet Nam: South,Homo sapiens,blood,"Henn,M.R., Young,S., Kodira,C., Koehrsen,M., Jaffe,D., Berlin,A., Heiman,D., Hepburn,T., Sykes,S., Borenstein,D., Engels,R., Freedman,E., Gellesch,M., Howarth,C., Jen,D., Larson,L., Lewis,B., Montgomery,P., Park,D., Pearson,M., Richards,J., Roberts,A., Sisk,P., Stolte,C., White,J., Zeng,Q., Yandava,C., Oleary,S., Alvarado,L., Alvarez,P., Brockman,W., Butler,J., Gnerre,S., Grabherr,M., Kleber,M., Mauceli,E., MacCallum,I., Vu,H.T., Nguyen,Q.H., Nguyen,Q.T., Duong,P.H., Tran,H.T., Nguyen,L.T.M., Nguyen,L.P.H., Lander,E., Galagan,J., Nusbaum,C., Simmons,C.P., Birren,B.",2008,2008-11-01,ssRNA(+)
FJ410227,dengue virus type I,Orthoflavivirus denguei,,DENV-1/VN/BID-V1879/2007,10680,complete,Viet Nam: South,Homo sapiens,blood,"Henn,M.R., Young,S., Kodira,C., Koehrsen,M., Jaffe,D., Berlin,A., Heiman,D., Hepburn,T., Sykes,S., Borenstein,D., Engels,R., Freedman,E., Gellesch,M., Howarth,C., Jen,D., Larson,L., Lewis,B., Montgomery,P., Park,D., Pearson,M., Richards,J., Roberts,A., Sisk,P., Stolte,C., White,J., Zeng,Q., Yandava,C., Oleary,S., Alvarado,L., Alvarez,P., Brockman,W., Butler,J., Gnerre,S., Grabherr,M., Kleber,M., Mauceli,E., MacCallum,I., Vu,H.T., Nguyen,Q.H., Nguyen,Q.T., Duong,P.H., Tran,H.T., Nguyen,L.T.M., Nguyen,L.P.H., Lander,E., Galagan,J., Nusbaum,C., Simmons,C.P., Birren,B.",2007,2008-11-01,ssRNA(+)
FJ410228,Dengue virus type 2,Orthoflavivirus denguei,,DENV-2/VN/BID-V1881/2007,10678,complete,Viet Nam: South,Homo sapiens,blood,"Henn,M.R., Young,S., Kodira,C., Koehrsen,M., Jaffe,D., Berlin,A., Heiman,D., Hepburn,T., Sykes,S., Borenstein,D., Engels,R., Freedman,E., Gellesch,M., Howarth,C., Jen,D., Larson,L., Lewis,B., Montgomery,P., Park,D., Pearson,M., Richards,J., Roberts,A., Sisk,P., Stolte,C., White,J., Zeng,Q., Yandava,C., Oleary,S., Alvarado,L., Alvarez,P., Brockman,W., Butler,J., Gnerre,S., Grabherr,M., Kleber,M., Mauceli,E., MacCallum,I., Vu,H.T., Nguyen,Q.H., Nguyen,Q.T., Duong,P.H., Tran,H.T., Nguyen,L.T.M., Nguyen,L.P.H., Lander,E., Galagan,J., Nusbaum,C., Simmons,C.P., Birren,B.",2007,2008-11-01,ssRNA(+)
FJ410229,Dengue virus type 3,Orthoflavivirus denguei,,DENV-3/VN/BID-V1882/2007,10638,complete,Viet Nam: South,Homo sapiens,blood,"Henn,M.R., Young,S., Kodira,C., Koehrsen,M., Jaffe,D., Berlin,A., Heiman,D., Hepburn,T., Sykes,S., Borenstein,D., Engels,R., Freedman,E., Gellesch,M., Howarth,C., Jen,D., Larson,L., Lewis,B., Montgomery,P., Park,D., Pearson,M., Richards,J., Roberts,A., Sisk,P., Stolte,C., White,J., Zeng,Q., Yandava,C., Oleary,S., Alvarado,L., Alvarez,P., Brockman,W., Butler,J., Gnerre,S., Grabherr,M., Kleber,M., Mauceli,E., MacCallum,I., Vu,H.T., Nguyen,Q.H., Nguyen,Q.T., Duong,P.H., Tran,H.T., Nguyen,L.T.M., Nguyen,L.P.H., Lander,E., Galagan,J., Nusbaum,C., Simmons,C.P., Birren,B.",2007,2008-11-01,ssRNA(+)
FJ410230,dengue virus type I,Orthoflavivirus denguei,,DENV-1/VN/BID-V1884/2008,10676,complete,Viet Nam: South,Homo sapiens,blood,"Henn,M.R., Young,S., Kodira,C., Koehrsen,M., Jaffe,D., Berlin,A., Heiman,D., Hepburn,T., Sykes,S., Borenstein,D., Engels,R., Freedman,E., Gellesch,M., Howarth,C., Jen,D., Larson,L., Lewis,B., Montgomery,P., Park,D., Pearson,M., Richards,J., Roberts,A., Sisk,P., Stolte,C., White,J., Zeng,Q., Yandava,C., Oleary,S., Alvarado,L., Alvarez,P., Brockman,W., Butler,J., Gnerre,S., Grabherr,M., Kleber,M., Mauceli,E., MacCallum,I., Vu,H.T., Nguyen,Q.H., Nguyen,Q.T., Duong,P.H., Tran,H.T., Nguyen,L.T.M., Nguyen,L.P.H., Lander,E., Galagan,J., Nusbaum,C., Simmons,C.P., Birren,B.",2008,2008-11-01,ssRNA(+)
FJ410231,dengue virus type I,Orthoflavivirus denguei,,DENV-1/VN/BID-V1885/2007,10671,complete,Viet Nam: South,Homo sapiens,blood,"Henn,M.R., Young,S., Kodira,C., Koehrsen,M., Jaffe,D., Berlin,A., Heiman,D., Hepburn,T., Sykes,S., Borenstein,D., Engels,R., Freedman,E., Gellesch,M., Howarth,C., Jen,D., Larson,L., Lewis,B., Montgomery,P., Park,D., Pearson,M., Richards,J., Roberts,A., Sisk,P., Stolte,C., White,J., Zeng,Q., Yandava,C., Oleary,S., Alvarado,L., Alvarez,P., Brockman,W., Butler,J., Gnerre,S., Grabherr,M., Kleber,M., Mauceli,E., MacCallum,I., Vu,H.T., Nguyen,Q.H., Nguyen,Q.T., Duong,P.H., Tran,H.T., Nguyen,L.T.M., Nguyen,L.P.H., Lander,E., Galagan,J., Nusbaum,C., Simmons,C.P., Birren,B.",2007,2008-11-01,ssRNA(+)
FJ410232,dengue virus type I,Orthoflavivirus denguei,,DENV-1/VN/BID-V1890/2007,10679,complete,Viet Nam: South,Homo sapiens,blood,"Henn,M.R., Young,S., Kodira,C., Koehrsen,M., Jaffe,D., Berlin,A., Heiman,D., Hepburn,T., Sykes,S., Borenstein,D., Engels,R., Freedman,E., Gellesch,M., Howarth,C., Jen,D., Larson,L., Lewis,B., Montgomery,P., Park,D., Pearson,M., Richards,J., Roberts,A., Sisk,P., Stolte,C., White,J., Zeng,Q., Yandava,C., Oleary,S., Alvarado,L., Alvarez,P., Brockman,W., Butler,J., Gnerre,S., Grabherr,M., Kleber,M., Mauceli,E., MacCallum,I., Vu,H.T., Nguyen,Q.H., Nguyen,Q.T., Duong,P.H., Tran,H.T., Nguyen,L.T.M., Nguyen,L.P.H., Lander,E., Galagan,J., Nusbaum,C., Simmons,C.P., Birren,B.",2007,2008-11-01,ssRNA(+)
FJ410233,Dengue virus type 2,Orthoflavivirus denguei,,DENV-2/VN/BID-V1895/2008,10663,complete,Viet Nam: South,Homo sapiens,blood,"Henn,M.R., Young,S., Kodira,C., Koehrsen,M., Jaffe,D., Berlin,A., Heiman,D., Hepburn,T., Sykes,S., Borenstein,D., Engels,R., Freedman,E., Gellesch,M., Howarth,C., Jen,D., Larson,L., Lewis,B., Montgomery,P., Park,D., Pearson,M., Richards,J., Roberts,A., Sisk,P., Stolte,C., White,J., Zeng,Q., Yandava,C., Oleary,S., Alvarado,L., Alvarez,P., Brockman,W., Butler,J., Gnerre,S., Grabherr,M., Kleber,M., Mauceli,E., MacCallum,I., Vu,H.T., Nguyen,Q.H., Nguyen,Q.T., Duong,P.H., Tran,H.T., Nguyen,L.T.M., Nguyen,L.P.H., Lander,E., Galagan,J., Nusbaum,C., Simmons,C.P., Birren,B.",2008,2008-11-01,ssRNA(+)
FJ410234,dengue virus type I,Orthoflavivirus denguei,,DENV-1/VN/BID-V1896/2007,10690,complete,Viet Nam: South,Homo sapiens,blood,"Henn,M.R., Young,S., Kodira,C., Koehrsen,M., Jaffe,D., Berlin,A., Heiman,D., Hepburn,T., Sykes,S., Borenstein,D., Engels,R., Freedman,E., Gellesch,M., Howarth,C., Jen,D., Larson,L., Lewis,B., Montgomery,P., Park,D., Pearson,M., Richards,J., Roberts,A., Sisk,P., Stolte,C., White,J., Zeng,Q., Yandava,C., Oleary,S., Alvarado,L., Alvarez,P., Brockman,W., Butler,J., Gnerre,S., Grabherr,M., Kleber,M., Mauceli,E., MacCallum,I., Vu,H.T., Nguyen,Q.H., Nguyen,Q.T., Duong,P.H., Tran,H.T., Nguyen,L.T.M., Nguyen,L.P.H., Lander,E., Galagan,J., Nusbaum,C., Simmons,C.P., Birren,B.",2007,2008-11-01,ssRNA(+)
FJ410235,dengue virus type I,Orthoflavivirus denguei,,DENV-1/VN/BID-V1898/2008,10679,complete,Viet Nam: South,Homo sapiens,blood,"Henn,M.R., Young,S., Kodira,C., Koehrsen,M., Jaffe,D., Berlin,A., Heiman,D., Hepburn,T., Sykes,S., Borenstein,D., Engels,R., Freedman,E., Gellesch,M., Howarth,C., Jen,D., Larson,L., Lewis,B., Montgomery,P., Park,D., Pearson,M., Richards,J., Roberts,A., Sisk,P., Stolte,C., White,J., Zeng,Q., Yandava,C., Oleary,S., Alvarado,L., Alvarez,P., Brockman,W., Butler,J., Gnerre,S., Grabherr,M., Kleber,M., Mauceli,E., MacCallum,I., Vu,H.T., Nguyen,Q.H., Nguyen,Q.T., Duong,P.H., Tran,H.T., Nguyen,L.T.M., Nguyen,L.P.H., Lander,E., Galagan,J., Nusbaum,C., Simmons,C.P., Birren,B.",2008,2008-11-01,ssRNA(+)
FJ410236,dengue virus type I,Orthoflavivirus denguei,,DENV-1/VN/BID-V1899/2008,10690,complete,Viet Nam: South,Homo sapiens,blood,"Henn,M.R., Young,S., Kodira,C., Koehrsen,M., Jaffe,D., Berlin,A., Heiman,D., Hepburn,T., Sykes,S., Borenstein,D., Engels,R., Freedman,E., Gellesch,M., Howarth,C., Jen,D., Larson,L., Lewis,B., Montgomery,P., Park,D., Pearson,M., Richards,J., Roberts,A., Sisk,P., Stolte,C., White,J., Zeng,Q., Yandava,C., Oleary,S., Alvarado,L., Alvarez,P., Brockman,W., Butler,J., Gnerre,S., Grabherr,M., Kleber,M., Mauceli,E., MacCallum,I., Vu,H.T., Nguyen,Q.H., Nguyen,Q.T., Duong,P.H., Tran,H.T., Nguyen,L.T.M., Nguyen,L.P.H., Lander,E., Galagan,J., Nusbaum,C., Simmons,C.P., Birren,B.",2008,2008-11-01,ssRNA(+)
FJ410237,Dengue virus type 2,Orthoflavivirus denguei,,DENV-2/VN/BID-V1900/2008,10678,complete,Viet Nam: South,Homo sapiens,blood,"Henn,M.R., Young,S., Kodira,C., Koehrsen,M., Jaffe,D., Berlin,A., Heiman,D., Hepburn,T., Sykes,S., Borenstein,D., Engels,R., Freedman,E., Gellesch,M., Howarth,C., Jen,D., Larson,L., Lewis,B., Montgomery,P., Park,D., Pearson,M., Richards,J., Roberts,A., Sisk,P., Stolte,C., White,J., Zeng,Q., Yandava,C., Oleary,S., Alvarado,L., Alvarez,P., Brockman,W., Butler,J., Gnerre,S., Grabherr,M., Kleber,M., Mauceli,E., MacCallum,I., Vu,H.T., Nguyen,Q.H., Nguyen,Q.T., Duong,P.H., Tran,H.T., Nguyen,L.T.M., Nguyen,L.P.H., Lander,E., Galagan,J., Nusbaum,C., Simmons,C.P., Birren,B.",2008,2008-11-01,ssRNA(+)
FJ410238,dengue virus type I,Orthoflavivirus denguei,,DENV-1/VN/BID-V1901/2008,10690,complete,Viet Nam: South,Homo sapiens,blood,"Henn,M.R., Young,S., Kodira,C., Koehrsen,M., Jaffe,D., Berlin,A., Heiman,D., Hepburn,T., Sykes,S., Borenstein,D., Engels,R., Freedman,E., Gellesch,M., Howarth,C., Jen,D., Larson,L., Lewis,B., Montgomery,P., Park,D., Pearson,M., Richards,J., Roberts,A., Sisk,P., Stolte,C., White,J., Zeng,Q., Yandava,C., Oleary,S., Alvarado,L., Alvarez,P., Brockman,W., Butler,J., Gnerre,S., Grabherr,M., Kleber,M., Mauceli,E., MacCallum,I., Vu,H.T., Nguyen,Q.H., Nguyen,Q.T., Duong,P.H., Tran,H.T., Nguyen,L.T.M., Nguyen,L.P.H., Lander,E., Galagan,J., Nusbaum,C., Simmons,C.P., Birren,B.",2008,2008-11-01,ssRNA(+)
FJ410239,dengue virus type I,Orthoflavivirus denguei,,DENV-1/VN/BID-V1902/2008,10690,complete,Viet Nam: South,Homo sapiens,blood,"Henn,M.R., Young,S., Kodira,C., Koehrsen,M., Jaffe,D., Berlin,A., Heiman,D., Hepburn,T., Sykes,S., Borenstein,D., Engels,R., Freedman,E., Gellesch,M., Howarth,C., Jen,D., Larson,L., Lewis,B., Montgomery,P., Park,D., Pearson,M., Richards,J., Roberts,A., Sisk,P., Stolte,C., White,J., Zeng,Q., Yandava,C., Oleary,S., Alvarado,L., Alvarez,P., Brockman,W., Butler,J., Gnerre,S., Grabherr,M., Kleber,M., Mauceli,E., MacCallum,I., Vu,H.T., Nguyen,Q.H., Nguyen,Q.T., Duong,P.H., Tran,H.T., Nguyen,L.T.M., Nguyen,L.P.H., Lander,E., Galagan,J., Nusbaum,C., Simmons,C.P., Birren,B.",2008,2008-11-01,ssRNA(+)
FJ410240,dengue virus type I,Orthoflavivirus denguei,,DENV-1/VN/BID-V1904/2008,10690,complete,Viet Nam: South,Homo sapiens,blood,"Henn,M.R., Young,S., Kodira,C., Koehrsen,M., Jaffe,D., Berlin,A., Heiman,D., Hepburn,T., Sykes,S., Borenstein,D., Engels,R., Freedman,E., Gellesch,M., Howarth,C., Jen,D., Larson,L., Lewis,B., Montgomery,P., Park,D., Pearson,M., Richards,J., Roberts,A., Sisk,P., Stolte,C., White,J., Zeng,Q., Yandava,C., Oleary,S., Alvarado,L., Alvarez,P., Brockman,W., Butler,J., Gnerre,S., Grabherr,M., Kleber,M., Mauceli,E., MacCallum,I., Vu,H.T., Nguyen,Q.H., Nguyen,Q.T., Duong,P.H., Tran,H.T., Nguyen,L.T.M., Nguyen,L.P.H., Lander,E., Galagan,J., Nusbaum,C., Simmons,C.P., Birren,B.",2008,2008-11-01,ssRNA(+)
FJ410241,Dengue virus type 2,Orthoflavivirus denguei,,DENV-2/VN/BID-V1905/2008,10678,complete,Viet Nam: South,Homo sapiens,blood,"Henn,M.R., Young,S., Kodira,C., Koehrsen,M., Jaffe,D., Berlin,A., Heiman,D., Hepburn,T., Sykes,S., Borenstein,D., Engels,R., Freedman,E., Gellesch,M., Howarth,C., Jen,D., Larson,L., Lewis,B., Montgomery,P., Park,D., Pearson,M., Richards,J., Roberts,A., Sisk,P., Stolte,C., White,J., Zeng,Q., Yandava,C., Oleary,S., Alvarado,L., Alvarez,P., Brockman,W., Butler,J., Gnerre,S., Grabherr,M., Kleber,M., Mauceli,E., MacCallum,I., Vu,H.T., Nguyen,Q.H., Nguyen,Q.T., Duong,P.H., Tran,H.T., Nguyen,L.T.M., Nguyen,L.P.H., Lander,E., Galagan,J., Nusbaum,C., Simmons,C.P., Birren,B.",2008,2008-11-01,ssRNA(+)
FJ410242,dengue virus type I,Orthoflavivirus denguei,,DENV-1/VN/BID-V1906/2008,10690,complete,Viet Nam: South,Homo sapiens,blood,"Henn,M.R., Young,S., Kodira,C., Koehrsen,M., Jaffe,D., Berlin,A., Heiman,D., Hepburn,T., Sykes,S., Borenstein,D., Engels,R., Freedman,E., Gellesch,M., Howarth,C., Jen,D., Larson,L., Lewis,B., Montgomery,P., Park,D., Pearson,M., Richards,J., Roberts,A., Sisk,P., Stolte,C., White,J., Zeng,Q., Yandava,C., Oleary,S., Alvarado,L., Alvarez,P., Brockman,W., Butler,J., Gnerre,S., Grabherr,M., Kleber,M., Mauceli,E., MacCallum,I., Vu,H.T., Nguyen,Q.H., Nguyen,Q.T., Duong,P.H., Tran,H.T., Nguyen,L.T.M., Nguyen,L.P.H., Lander,E., Galagan,J., Nusbaum,C., Simmons,C.P., Birren,B.",2008,2008-11-01,ssRNA(+)
FJ410243,dengue virus type I,Orthoflavivirus denguei,,DENV-1/VN/BID-V1907/2008,10690,complete,Viet Nam: South,Homo sapiens,blood,"Henn,M.R., Young,S., Kodira,C., Koehrsen,M., Jaffe,D., Berlin,A., Heiman,D., Hepburn,T., Sykes,S., Borenstein,D., Engels,R., Freedman,E., Gellesch,M., Howarth,C., Jen,D., Larson,L., Lewis,B., Montgomery,P., Park,D., Pearson,M., Richards,J., Roberts,A., Sisk,P., Stolte,C., White,J., Zeng,Q., Yandava,C., Oleary,S., Alvarado,L., Alvarez,P., Brockman,W., Butler,J., Gnerre,S., Grabherr,M., Kleber,M., Mauceli,E., MacCallum,I., Vu,H.T., Nguyen,Q.H., Nguyen,Q.T., Duong,P.H., Tran,H.T., Nguyen,L.T.M., Nguyen,L.P.H., Lander,E., Galagan,J., Nusbaum,C., Simmons,C.P., Birren,B.",2008,2008-11-01,ssRNA(+)
FJ410244,dengue virus type I,Orthoflavivirus denguei,,DENV-1/VN/BID-V1908/2008,10690,complete,Viet Nam: South,Homo sapiens,blood,"Henn,M.R., Young,S., Kodira,C., Koehrsen,M., Jaffe,D., Berlin,A., Heiman,D., Hepburn,T., Sykes,S., Borenstein,D., Engels,R., Freedman,E., Gellesch,M., Howarth,C., Jen,D., Larson,L., Lewis,B., Montgomery,P., Park,D., Pearson,M., Richards,J., Roberts,A., Sisk,P., Stolte,C., White,J., Zeng,Q., Yandava,C., Oleary,S., Alvarado,L., Alvarez,P., Brockman,W., Butler,J., Gnerre,S., Grabherr,M., Kleber,M., Mauceli,E., MacCallum,I., Vu,H.T., Nguyen,Q.H., Nguyen,Q.T., Duong,P.H., Tran,H.T., Nguyen,L.T.M., Nguyen,L.P.H., Lander,E., Galagan,J., Nusbaum,C., Simmons,C.P., Birren,B.",2008,2008-11-01,ssRNA(+)
FJ410245,dengue virus type I,Orthoflavivirus denguei,,DENV-1/VN/BID-V1909/2008,10684,complete,Viet Nam: South,Homo sapiens,blood,"Henn,M.R., Young,S., Kodira,C., Koehrsen,M., Jaffe,D., Berlin,A., Heiman,D., Hepburn,T., Sykes,S., Borenstein,D., Engels,R., Freedman,E., Gellesch,M., Howarth,C., Jen,D., Larson,L., Lewis,B., Montgomery,P., Park,D., Pearson,M., Richards,J., Roberts,A., Sisk,P., Stolte,C., White,J., Zeng,Q., Yandava,C., Oleary,S., Alvarado,L., Alvarez,P., Brockman,W., Butler,J., Gnerre,S., Grabherr,M., Kleber,M., Mauceli,E., MacCallum,I., Vu,H.T., Nguyen,Q.H., Nguyen,Q.T., Duong,P.H., Tran,H.T., Nguyen,L.T.M., Nguyen,L.P.H., Lander,E., Galagan,J., Nusbaum,C., Simmons,C.P., Birren,B.",2008,2008-11-01,ssRNA(+)
FJ410246,dengue virus type I,Orthoflavivirus denguei,,DENV-1/VN/BID-V1912/2008,10688,complete,Viet Nam: South,Homo sapiens,blood,"Henn,M.R., Young,S., Kodira,C., Koehrsen,M., Jaffe,D., Berlin,A., Heiman,D., Hepburn,T., Sykes,S., Borenstein,D., Engels,R., Freedman,E., Gellesch,M., Howarth,C., Jen,D., Larson,L., Lewis,B., Montgomery,P., Park,D., Pearson,M., Richards,J., Roberts,A., Sisk,P., Stolte,C., White,J., Zeng,Q., Yandava,C., Oleary,S., Alvarado,L., Alvarez,P., Brockman,W., Butler,J., Gnerre,S., Grabherr,M., Kleber,M., Mauceli,E., MacCallum,I., Vu,H.T., Nguyen,Q.H., Nguyen,Q.T., Duong,P.H., Tran,H.T., Nguyen,L.T.M., Nguyen,L.P.H., Lander,E., Galagan,J., Nusbaum,C., Simmons,C.P., Birren,B.",2008,2008-11-01,ssRNA(+)
FJ410247,dengue virus type I,Orthoflavivirus denguei,,DENV-1/VN/BID-V1913/2008,10690,complete,Viet Nam: South,Homo sapiens,blood,"Henn,M.R., Young,S., Kodira,C., Koehrsen,M., Jaffe,D., Berlin,A., Heiman,D., Hepburn,T., Sykes,S., Borenstein,D., Engels,R., Freedman,E., Gellesch,M., Howarth,C., Jen,D., Larson,L., Lewis,B., Montgomery,P., Park,D., Pearson,M., Richards,J., Roberts,A., Sisk,P., Stolte,C., White,J., Zeng,Q., Yandava,C., Oleary,S., Alvarado,L., Alvarez,P., Brockman,W., Butler,J., Gnerre,S., Grabherr,M., Kleber,M., Mauceli,E., MacCallum,I., Vu,H.T., Nguyen,Q.H., Nguyen,Q.T., Duong,P.H., Tran,H.T., Nguyen,L.T.M., Nguyen,L.P.H., Lander,E., Galagan,J., Nusbaum,C., Simmons,C.P., Birren,B.",2008,2008-11-01,ssRNA(+)
FJ410248,dengue virus type I,Orthoflavivirus denguei,,DENV-1/VN/BID-V1914/2008,10690,complete,Viet Nam: South,Homo sapiens,blood,"Henn,M.R., Young,S., Kodira,C., Koehrsen,M., Jaffe,D., Berlin,A., Heiman,D., Hepburn,T., Sykes,S., Borenstein,D., Engels,R., Freedman,E., Gellesch,M., Howarth,C., Jen,D., Larson,L., Lewis,B., Montgomery,P., Park,D., Pearson,M., Richards,J., Roberts,A., Sisk,P., Stolte,C., White,J., Zeng,Q., Yandava,C., Oleary,S., Alvarado,L., Alvarez,P., Brockman,W., Butler,J., Gnerre,S., Grabherr,M., Kleber,M., Mauceli,E., MacCallum,I., Vu,H.T., Nguyen,Q.H., Nguyen,Q.T., Duong,P.H., Tran,H.T., Nguyen,L.T.M., Nguyen,L.P.H., Lander,E., Galagan,J., Nusbaum,C., Simmons,C.P., Birren,B.",2008,2008-11-01,ssRNA(+)
FJ410249,dengue virus type I,Orthoflavivirus denguei,,DENV-1/VN/BID-V1915/2008,10690,complete,Viet Nam: South,Homo sapiens,blood,"Henn,M.R., Young,S., Kodira,C., Koehrsen,M., Jaffe,D., Berlin,A., Heiman,D., Hepburn,T., Sykes,S., Borenstein,D., Engels,R., Freedman,E., Gellesch,M., Howarth,C., Jen,D., Larson,L., Lewis,B., Montgomery,P., Park,D., Pearson,M., Richards,J., Roberts,A., Sisk,P., Stolte,C., White,J., Zeng,Q., Yandava,C., Oleary,S., Alvarado,L., Alvarez,P., Brockman,W., Butler,J., Gnerre,S., Grabherr,M., Kleber,M., Mauceli,E., MacCallum,I., Vu,H.T., Nguyen,Q.H., Nguyen,Q.T., Duong,P.H., Tran,H.T., Nguyen,L.T.M., Nguyen,L.P.H., Lander,E., Galagan,J., Nusbaum,C., Simmons,C.P., Birren,B.",2008,2008-11-01,ssRNA(+)
FJ410250,dengue virus type I,Orthoflavivirus denguei,,DENV-1/VN/BID-V1917/2007,10688,complete,Viet Nam: South,Homo sapiens,blood,"Henn,M.R., Young,S., Kodira,C., Koehrsen,M., Jaffe,D., Berlin,A., Heiman,D., Hepburn,T., Sykes,S., Borenstein,D., Engels,R., Freedman,E., Gellesch,M., Howarth,C., Jen,D., Larson,L., Lewis,B., Montgomery,P., Park,D., Pearson,M., Richards,J., Roberts,A., Sisk,P., Stolte,C., White,J., Zeng,Q., Yandava,C., Oleary,S., Alvarado,L., Alvarez,P., Brockman,W., Butler,J., Gnerre,S., Grabherr,M., Kleber,M., Mauceli,E., MacCallum,I., Vu,H.T., Nguyen,Q.H., Nguyen,Q.T., Duong,P.H., Tran,H.T., Nguyen,L.T.M., Nguyen,L.P.H., Lander,E., Galagan,J., Nusbaum,C., Simmons,C.P., Birren,B.",2007,2008-11-01,ssRNA(+)
FJ410251,dengue virus type I,Orthoflavivirus denguei,,DENV-1/VN/BID-V1918/2008,10690,complete,Viet Nam: South,Homo sapiens,blood,"Henn,M.R., Young,S., Kodira,C., Koehrsen,M., Jaffe,D., Berlin,A., Heiman,D., Hepburn,T., Sykes,S., Borenstein,D., Engels,R., Freedman,E., Gellesch,M., Howarth,C., Jen,D., Larson,L., Lewis,B., Montgomery,P., Park,D., Pearson,M., Richards,J., Roberts,A., Sisk,P., Stolte,C., White,J., Zeng,Q., Yandava,C., Oleary,S., Alvarado,L., Alvarez,P., Brockman,W., Butler,J., Gnerre,S., Grabherr,M., Kleber,M., Mauceli,E., MacCallum,I., Vu,H.T., Nguyen,Q.H., Nguyen,Q.T., Duong,P.H., Tran,H.T., Nguyen,L.T.M., Nguyen,L.P.H., Lander,E., Galagan,J., Nusbaum,C., Simmons,C.P., Birren,B.",2008,2008-11-01,ssRNA(+)
FJ410252,dengue virus type I,Orthoflavivirus denguei,,DENV-1/VN/BID-V1919/2007,10684,complete,Viet Nam: South,Homo sapiens,blood,"Henn,M.R., Young,S., Kodira,C., Koehrsen,M., Jaffe,D., Berlin,A., Heiman,D., Hepburn,T., Sykes,S., Borenstein,D., Engels,R., Freedman,E., Gellesch,M., Howarth,C., Jen,D., Larson,L., Lewis,B., Montgomery,P., Park,D., Pearson,M., Richards,J., Roberts,A., Sisk,P., Stolte,C., White,J., Zeng,Q., Yandava,C., Oleary,S., Alvarado,L., Alvarez,P., Brockman,W., Butler,J., Gnerre,S., Grabherr,M., Kleber,M., Mauceli,E., MacCallum,I., Vu,H.T., Nguyen,Q.H., Nguyen,Q.T., Duong,P.H., Tran,H.T., Nguyen,L.T.M., Nguyen,L.P.H., Lander,E., Galagan,J., Nusbaum,C., Simmons,C.P., Birren,B.",2007,2008-11-01,ssRNA(+)
FJ410253,dengue virus type I,Orthoflavivirus denguei,,DENV-1/VN/BID-V1920/2007,10690,complete,Viet Nam: South,Homo sapiens,blood,"Henn,M.R., Young,S., Kodira,C., Koehrsen,M., Jaffe,D., Berlin,A., Heiman,D., Hepburn,T., Sykes,S., Borenstein,D., Engels,R., Freedman,E., Gellesch,M., Howarth,C., Jen,D., Larson,L., Lewis,B., Montgomery,P., Park,D., Pearson,M., Richards,J., Roberts,A., Sisk,P., Stolte,C., White,J., Zeng,Q., Yandava,C., Oleary,S., Alvarado,L., Alvarez,P., Brockman,W., Butler,J., Gnerre,S., Grabherr,M., Kleber,M., Mauceli,E., MacCallum,I., Vu,H.T., Nguyen,Q.H., Nguyen,Q.T., Duong,P.H., Tran,H.T., Nguyen,L.T.M., Nguyen,L.P.H., Lander,E., Galagan,J., Nusbaum,C., Simmons,C.P., Birren,B.",2007,2008-11-01,ssRNA(+)
FJ410254,dengue virus type I,Orthoflavivirus denguei,,DENV-1/VN/BID-V1921/2008,10690,complete,Viet Nam: South,Homo sapiens,blood,"Henn,M.R., Young,S., Kodira,C., Koehrsen,M., Jaffe,D., Berlin,A., Heiman,D., Hepburn,T., Sykes,S., Borenstein,D., Engels,R., Freedman,E., Gellesch,M., Howarth,C., Jen,D., Larson,L., Lewis,B., Montgomery,P., Park,D., Pearson,M., Richards,J., Roberts,A., Sisk,P., Stolte,C., White,J., Zeng,Q., Yandava,C., Oleary,S., Alvarado,L., Alvarez,P., Brockman,W., Butler,J., Gnerre,S., Grabherr,M., Kleber,M., Mauceli,E., MacCallum,I., Vu,H.T., Nguyen,Q.H., Nguyen,Q.T., Duong,P.H., Tran,H.T., Nguyen,L.T.M., Nguyen,L.P.H., Lander,E., Galagan,J., Nusbaum,C., Simmons,C.P., Birren,B.",2008,2008-11-01,ssRNA(+)
FJ410255,dengue virus type I,Orthoflavivirus denguei,,DENV-1/VN/BID-V1923/2008,10690,complete,Viet Nam: South,Homo sapiens,blood,"Henn,M.R., Young,S., Kodira,C., Koehrsen,M., Jaffe,D., Berlin,A., Heiman,D., Hepburn,T., Sykes,S., Borenstein,D., Engels,R., Freedman,E., Gellesch,M., Howarth,C., Jen,D., Larson,L., Lewis,B., Montgomery,P., Park,D., Pearson,M., Richards,J., Roberts,A., Sisk,P., Stolte,C., White,J., Zeng,Q., Yandava,C., Oleary,S., Alvarado,L., Alvarez,P., Brockman,W., Butler,J., Gnerre,S., Grabherr,M., Kleber,M., Mauceli,E., MacCallum,I., Vu,H.T., Nguyen,Q.H., Nguyen,Q.T., Duong,P.H., Tran,H.T., Nguyen,L.T.M., Nguyen,L.P.H., Lander,E., Galagan,J., Nusbaum,C., Simmons,C.P., Birren,B.",2008,2008-11-01,ssRNA(+)
FJ410256,dengue virus type I,Orthoflavivirus denguei,,DENV-1/VN/BID-V1924/2008,10690,complete,Viet Nam: South,Homo sapiens,blood,"Henn,M.R., Young,S., Kodira,C., Koehrsen,M., Jaffe,D., Berlin,A., Heiman,D., Hepburn,T., Sykes,S., Borenstein,D., Engels,R., Freedman,E., Gellesch,M., Howarth,C., Jen,D., Larson,L., Lewis,B., Montgomery,P., Park,D., Pearson,M., Richards,J., Roberts,A., Sisk,P., Stolte,C., White,J., Zeng,Q., Yandava,C., Oleary,S., Alvarado,L., Alvarez,P., Brockman,W., Butler,J., Gnerre,S., Grabherr,M., Kleber,M., Mauceli,E., MacCallum,I., Vu,H.T., Nguyen,Q.H., Nguyen,Q.T., Duong,P.H., Tran,H.T., Nguyen,L.T.M., Nguyen,L.P.H., Lander,E., Galagan,J., Nusbaum,C., Simmons,C.P., Birren,B.",2008,2008-11-01,ssRNA(+)
FJ410257,dengue virus type I,Orthoflavivirus denguei,,DENV-1/VN/BID-V1925/2008,10690,complete,Viet Nam: South,Homo sapiens,blood,"Henn,M.R., Young,S., Kodira,C., Koehrsen,M., Jaffe,D., Berlin,A., Heiman,D., Hepburn,T., Sykes,S., Borenstein,D., Engels,R., Freedman,E., Gellesch,M., Howarth,C., Jen,D., Larson,L., Lewis,B., Montgomery,P., Park,D., Pearson,M., Richards,J., Roberts,A., Sisk,P., Stolte,C., White,J., Zeng,Q., Yandava,C., Oleary,S., Alvarado,L., Alvarez,P., Brockman,W., Butler,J., Gnerre,S., Grabherr,M., Kleber,M., Mauceli,E., MacCallum,I., Vu,H.T., Nguyen,Q.H., Nguyen,Q.T., Duong,P.H., Tran,H.T., Nguyen,L.T.M., Nguyen,L.P.H., Lander,E., Galagan,J., Nusbaum,C., Simmons,C.P., Birren,B.",2008,2008-11-01,ssRNA(+)
FJ410258,dengue virus type I,Orthoflavivirus denguei,,DENV-1/VN/BID-V1927/2008,10690,complete,Viet Nam: South,Homo sapiens,blood,"Henn,M.R., Young,S., Kodira,C., Koehrsen,M., Jaffe,D., Berlin,A., Heiman,D., Hepburn,T., Sykes,S., Borenstein,D., Engels,R., Freedman,E., Gellesch,M., Howarth,C., Jen,D., Larson,L., Lewis,B., Montgomery,P., Park,D., Pearson,M., Richards,J., Roberts,A., Sisk,P., Stolte,C., White,J., Zeng,Q., Yandava,C., Oleary,S., Alvarado,L., Alvarez,P., Brockman,W., Butler,J., Gnerre,S., Grabherr,M., Kleber,M., Mauceli,E., MacCallum,I., Vu,H.T., Nguyen,Q.H., Nguyen,Q.T., Duong,P.H., Tran,H.T., Nguyen,L.T.M., Nguyen,L.P.H., Lander,E., Galagan,J., Nusbaum,C., Simmons,C.P., Birren,B.",2008,2008-11-01,ssRNA(+)
FJ410259,Dengue virus type 2,Orthoflavivirus denguei,,DENV-2/VN/BID-V1928/2008,10678,complete,Viet Nam: South,Homo sapiens,blood,"Henn,M.R., Young,S., Kodira,C., Koehrsen,M., Jaffe,D., Berlin,A., Heiman,D., Hepburn,T., Sykes,S., Borenstein,D., Engels,R., Freedman,E., Gellesch,M., Howarth,C., Jen,D., Larson,L., Lewis,B., Montgomery,P., Park,D., Pearson,M., Richards,J., Roberts,A., Sisk,P., Stolte,C., White,J., Zeng,Q., Yandava,C., Oleary,S., Alvarado,L., Alvarez,P., Brockman,W., Butler,J., Gnerre,S., Grabherr,M., Kleber,M., Mauceli,E., MacCallum,I., Vu,H.T., Nguyen,Q.H., Nguyen,Q.T., Duong,P.H., Tran,H.T., Nguyen,L.T.M., Nguyen,L.P.H., Lander,E., Galagan,J., Nusbaum,C., Simmons,C.P., Birren,B.",2008,2008-11-01,ssRNA(+)
FJ410260,dengue virus type I,Orthoflavivirus denguei,,DENV-1/VN/BID-V1932/2008,10690,complete,Viet Nam: South,Homo sapiens,blood,"Henn,M.R., Young,S., Kodira,C., Koehrsen,M., Jaffe,D., Berlin,A., Heiman,D., Hepburn,T., Sykes,S., Borenstein,D., Engels,R., Freedman,E., Gellesch,M., Howarth,C., Jen,D., Larson,L., Lewis,B., Montgomery,P., Park,D., Pearson,M., Richards,J., Roberts,A., Sisk,P., Stolte,C., White,J., Zeng,Q., Yandava,C., Oleary,S., Alvarado,L., Alvarez,P., Brockman,W., Butler,J., Gnerre,S., Grabherr,M., Kleber,M., Mauceli,E., MacCallum,I., Vu,H.T., Nguyen,Q.H., Nguyen,Q.T., Duong,P.H., Tran,H.T., Nguyen,L.T.M., Nguyen,L.P.H., Lander,E., Galagan,J., Nusbaum,C., Simmons,C.P., Birren,B.",2008,2008-11-01,ssRNA(+)
FJ410261,dengue virus type I,Orthoflavivirus denguei,,DENV-1/VN/BID-V1935/2008,10690,complete,Viet Nam: South,Homo sapiens,blood,"Henn,M.R., Young,S., Kodira,C., Koehrsen,M., Jaffe,D., Berlin,A., Heiman,D., Hepburn,T., Sykes,S., Borenstein,D., Engels,R., Freedman,E., Gellesch,M., Howarth,C., Jen,D., Larson,L., Lewis,B., Montgomery,P., Park,D., Pearson,M., Richards,J., Roberts,A., Sisk,P., Stolte,C., White,J., Zeng,Q., Yandava,C., Oleary,S., Alvarado,L., Alvarez,P., Brockman,W., Butler,J., Gnerre,S., Grabherr,M., Kleber,M., Mauceli,E., MacCallum,I., Vu,H.T., Nguyen,Q.H., Nguyen,Q.T., Duong,P.H., Tran,H.T., Nguyen,L.T.M., Nguyen,L.P.H., Lander,E., Galagan,J., Nusbaum,C., Simmons,C.P., Birren,B.",2008,2008-11-01,ssRNA(+)
FJ410262,dengue virus type I,Orthoflavivirus denguei,,DENV-1/VN/BID-V1939/2008,10690,complete,Viet Nam: South,Homo sapiens,blood,"Henn,M.R., Young,S., Kodira,C., Koehrsen,M., Jaffe,D., Berlin,A., Heiman,D., Hepburn,T., Sykes,S., Borenstein,D., Engels,R., Freedman,E., Gellesch,M., Howarth,C., Jen,D., Larson,L., Lewis,B., Montgomery,P., Park,D., Pearson,M., Richards,J., Roberts,A., Sisk,P., Stolte,C., White,J., Zeng,Q., Yandava,C., Oleary,S., Alvarado,L., Alvarez,P., Brockman,W., Butler,J., Gnerre,S., Grabherr,M., Kleber,M., Mauceli,E., MacCallum,I., Vu,H.T., Nguyen,Q.H., Nguyen,Q.T., Duong,P.H., Tran,H.T., Nguyen,L.T.M., Nguyen,L.P.H., Lander,E., Galagan,J., Nusbaum,C., Simmons,C.P., Birren,B.",2008,2008-11-01,ssRNA(+)
FJ410263,dengue virus type I,Orthoflavivirus denguei,,DENV-1/VN/BID-V1940/2008,10684,complete,Viet Nam: South,Homo sapiens,blood,"Henn,M.R., Young,S., Kodira,C., Koehrsen,M., Jaffe,D., Berlin,A., Heiman,D., Hepburn,T., Sykes,S., Borenstein,D., Engels,R., Freedman,E., Gellesch,M., Howarth,C., Jen,D., Larson,L., Lewis,B., Montgomery,P., Park,D., Pearson,M., Richards,J., Roberts,A., Sisk,P., Stolte,C., White,J., Zeng,Q., Yandava,C., Oleary,S., Alvarado,L., Alvarez,P., Brockman,W., Butler,J., Gnerre,S., Grabherr,M., Kleber,M., Mauceli,E., MacCallum,I., Vu,H.T., Nguyen,Q.H., Nguyen,Q.T., Duong,P.H., Tran,H.T., Nguyen,L.T.M., Nguyen,L.P.H., Lander,E., Galagan,J., Nusbaum,C., Simmons,C.P., Birren,B.",2008,2008-11-01,ssRNA(+)
FJ410264,dengue virus type I,Orthoflavivirus denguei,,DENV-1/VN/BID-V1941/2008,10685,complete,Viet Nam: South,Homo sapiens,blood,"Henn,M.R., Young,S., Kodira,C., Koehrsen,M., Jaffe,D., Berlin,A., Heiman,D., Hepburn,T., Sykes,S., Borenstein,D., Engels,R., Freedman,E., Gellesch,M., Howarth,C., Jen,D., Larson,L., Lewis,B., Montgomery,P., Park,D., Pearson,M., Richards,J., Roberts,A., Sisk,P., Stolte,C., White,J., Zeng,Q., Yandava,C., Oleary,S., Alvarado,L., Alvarez,P., Brockman,W., Butler,J., Gnerre,S., Grabherr,M., Kleber,M., Mauceli,E., MacCallum,I., Vu,H.T., Nguyen,Q.H., Nguyen,Q.T., Duong,P.H., Tran,H.T., Nguyen,L.T.M., Nguyen,L.P.H., Lander,E., Galagan,J., Nusbaum,C., Simmons,C.P., Birren,B.",2008,2008-11-01,ssRNA(+)
FJ410265,dengue virus type I,Orthoflavivirus denguei,,DENV-1/VN/BID-V1942/2008,10690,complete,Viet Nam: South,Homo sapiens,blood,"Henn,M.R., Young,S., Kodira,C., Koehrsen,M., Jaffe,D., Berlin,A., Heiman,D., Hepburn,T., Sykes,S., Borenstein,D., Engels,R., Freedman,E., Gellesch,M., Howarth,C., Jen,D., Larson,L., Lewis,B., Montgomery,P., Park,D., Pearson,M., Richards,J., Roberts,A., Sisk,P., Stolte,C., White,J., Zeng,Q., Yandava,C., Oleary,S., Alvarado,L., Alvarez,P., Brockman,W., Butler,J., Gnerre,S., Grabherr,M., Kleber,M., Mauceli,E., MacCallum,I., Vu,H.T., Nguyen,Q.H., Nguyen,Q.T., Duong,P.H., Tran,H.T., Nguyen,L.T.M., Nguyen,L.P.H., Lander,E., Galagan,J., Nusbaum,C., Simmons,C.P., Birren,B.",2008,2008-11-01,ssRNA(+)
FJ410266,dengue virus type I,Orthoflavivirus denguei,,DENV-1/VN/BID-V1947/2008,10688,complete,Viet Nam: South,Homo sapiens,blood,"Henn,M.R., Young,S., Kodira,C., Koehrsen,M., Jaffe,D., Berlin,A., Heiman,D., Hepburn,T., Sykes,S., Borenstein,D., Engels,R., Freedman,E., Gellesch,M., Howarth,C., Jen,D., Larson,L., Lewis,B., Montgomery,P., Park,D., Pearson,M., Richards,J., Roberts,A., Sisk,P., Stolte,C., White,J., Zeng,Q., Yandava,C., Oleary,S., Alvarado,L., Alvarez,P., Brockman,W., Butler,J., Gnerre,S., Grabherr,M., Kleber,M., Mauceli,E., MacCallum,I., Vu,H.T., Nguyen,Q.H., Nguyen,Q.T., Duong,P.H., Tran,H.T., Nguyen,L.T.M., Nguyen,L.P.H., Lander,E., Galagan,J., Nusbaum,C., Simmons,C.P., Birren,B.",2008,2008-11-01,ssRNA(+)
FJ410267,dengue virus type I,Orthoflavivirus denguei,,DENV-1/VN/BID-V1948/2008,10690,complete,Viet Nam: South,Homo sapiens,blood,"Henn,M.R., Young,S., Kodira,C., Koehrsen,M., Jaffe,D., Berlin,A., Heiman,D., Hepburn,T., Sykes,S., Borenstein,D., Engels,R., Freedman,E., Gellesch,M., Howarth,C., Jen,D., Larson,L., Lewis,B., Montgomery,P., Park,D., Pearson,M., Richards,J., Roberts,A., Sisk,P., Stolte,C., White,J., Zeng,Q., Yandava,C., Oleary,S., Alvarado,L., Alvarez,P., Brockman,W., Butler,J., Gnerre,S., Grabherr,M., Kleber,M., Mauceli,E., MacCallum,I., Vu,H.T., Nguyen,Q.H., Nguyen,Q.T., Duong,P.H., Tran,H.T., Nguyen,L.T.M., Nguyen,L.P.H., Lander,E., Galagan,J., Nusbaum,C., Simmons,C.P., Birren,B.",2008,2008-11-01,ssRNA(+)
FJ410268,dengue virus type I,Orthoflavivirus denguei,,DENV-1/VN/BID-V1949/2008,10690,complete,Viet Nam: South,Homo sapiens,blood,"Henn,M.R., Young,S., Kodira,C., Koehrsen,M., Jaffe,D., Berlin,A., Heiman,D., Hepburn,T., Sykes,S., Borenstein,D., Engels,R., Freedman,E., Gellesch,M., Howarth,C., Jen,D., Larson,L., Lewis,B., Montgomery,P., Park,D., Pearson,M., Richards,J., Roberts,A., Sisk,P., Stolte,C., White,J., Zeng,Q., Yandava,C., Oleary,S., Alvarado,L., Alvarez,P., Brockman,W., Butler,J., Gnerre,S., Grabherr,M., Kleber,M., Mauceli,E., MacCallum,I., Vu,H.T., Nguyen,Q.H., Nguyen,Q.T., Duong,P.H., Tran,H.T., Nguyen,L.T.M., Nguyen,L.P.H., Lander,E., Galagan,J., Nusbaum,C., Simmons,C.P., Birren,B.",2008,2008-11-01,ssRNA(+)
FJ410269,dengue virus type I,Orthoflavivirus denguei,,DENV-1/VN/BID-V1950/2008,10688,complete,Viet Nam: South,Homo sapiens,blood,"Henn,M.R., Young,S., Kodira,C., Koehrsen,M., Jaffe,D., Berlin,A., Heiman,D., Hepburn,T., Sykes,S., Borenstein,D., Engels,R., Freedman,E., Gellesch,M., Howarth,C., Jen,D., Larson,L., Lewis,B., Montgomery,P., Park,D., Pearson,M., Richards,J., Roberts,A., Sisk,P., Stolte,C., White,J., Zeng,Q., Yandava,C., Oleary,S., Alvarado,L., Alvarez,P., Brockman,W., Butler,J., Gnerre,S., Grabherr,M., Kleber,M., Mauceli,E., MacCallum,I., Vu,H.T., Nguyen,Q.H., Nguyen,Q.T., Duong,P.H., Tran,H.T., Nguyen,L.T.M., Nguyen,L.P.H., Lander,E., Galagan,J., Nusbaum,C., Simmons,C.P., Birren,B.",2008,2008-11-01,ssRNA(+)
FJ410270,dengue virus type I,Orthoflavivirus denguei,,DENV-1/VN/BID-V1951/2008,10688,complete,Viet Nam: South,Homo sapiens,blood,"Henn,M.R., Young,S., Kodira,C., Koehrsen,M., Jaffe,D., Berlin,A., Heiman,D., Hepburn,T., Sykes,S., Borenstein,D., Engels,R., Freedman,E., Gellesch,M., Howarth,C., Jen,D., Larson,L., Lewis,B., Montgomery,P., Park,D., Pearson,M., Richards,J., Roberts,A., Sisk,P., Stolte,C., White,J., Zeng,Q., Yandava,C., Oleary,S., Alvarado,L., Alvarez,P., Brockman,W., Butler,J., Gnerre,S., Grabherr,M., Kleber,M., Mauceli,E., MacCallum,I., Vu,H.T., Nguyen,Q.H., Nguyen,Q.T., Duong,P.H., Tran,H.T., Nguyen,L.T.M., Nguyen,L.P.H., Lander,E., Galagan,J., Nusbaum,C., Simmons,C.P., Birren,B.",2008,2008-11-01,ssRNA(+)
FJ410272,dengue virus type I,Orthoflavivirus denguei,,DENV-1/VN/BID-V1954/2008,10690,complete,Viet Nam: South,Homo sapiens,blood,"Henn,M.R., Young,S., Kodira,C., Koehrsen,M., Jaffe,D., Berlin,A., Heiman,D., Hepburn,T., Sykes,S., Borenstein,D., Engels,R., Freedman,E., Gellesch,M., Howarth,C., Jen,D., Larson,L., Lewis,B., Montgomery,P., Park,D., Pearson,M., Richards,J., Roberts,A., Sisk,P., Stolte,C., White,J., Zeng,Q., Yandava,C., Oleary,S., Alvarado,L., Alvarez,P., Brockman,W., Butler,J., Gnerre,S., Grabherr,M., Kleber,M., Mauceli,E., MacCallum,I., Vu,H.T., Nguyen,Q.H., Nguyen,Q.T., Duong,P.H., Tran,H.T., Nguyen,L.T.M., Nguyen,L.P.H., Lander,E., Galagan,J., Nusbaum,C., Simmons,C.P., Birren,B.",2008,2008-11-01,ssRNA(+)
FJ410273,dengue virus type I,Orthoflavivirus denguei,,DENV-1/VN/BID-V1955/2008,10690,complete,Viet Nam: South,Homo sapiens,blood,"Henn,M.R., Young,S., Kodira,C., Koehrsen,M., Jaffe,D., Berlin,A., Heiman,D., Hepburn,T., Sykes,S., Borenstein,D., Engels,R., Freedman,E., Gellesch,M., Howarth,C., Jen,D., Larson,L., Lewis,B., Montgomery,P., Park,D., Pearson,M., Richards,J., Roberts,A., Sisk,P., Stolte,C., White,J., Zeng,Q., Yandava,C., Oleary,S., Alvarado,L., Alvarez,P., Brockman,W., Butler,J., Gnerre,S., Grabherr,M., Kleber,M., Mauceli,E., MacCallum,I., Vu,H.T., Nguyen,Q.H., Nguyen,Q.T., Duong,P.H., Tran,H.T., Nguyen,L.T.M., Nguyen,L.P.H., Lander,E., Galagan,J., Nusbaum,C., Simmons,C.P., Birren,B.",2008,2008-11-01,ssRNA(+)
FJ410274,dengue virus type I,Orthoflavivirus denguei,,DENV-1/VN/BID-V1956/2008,10685,complete,Viet Nam: South,Homo sapiens,blood,"Henn,M.R., Young,S., Kodira,C., Koehrsen,M., Jaffe,D., Berlin,A., Heiman,D., Hepburn,T., Sykes,S., Borenstein,D., Engels,R., Freedman,E., Gellesch,M., Howarth,C., Jen,D., Larson,L., Lewis,B., Montgomery,P., Park,D., Pearson,M., Richards,J., Roberts,A., Sisk,P., Stolte,C., White,J., Zeng,Q., Yandava,C., Oleary,S., Alvarado,L., Alvarez,P., Brockman,W., Butler,J., Gnerre,S., Grabherr,M., Kleber,M., Mauceli,E., MacCallum,I., Vu,H.T., Nguyen,Q.H., Nguyen,Q.T., Duong,P.H., Tran,H.T., Nguyen,L.T.M., Nguyen,L.P.H., Lander,E., Galagan,J., Nusbaum,C., Simmons,C.P., Birren,B.",2008,2008-11-01,ssRNA(+)
FJ410275,dengue virus type I,Orthoflavivirus denguei,,DENV-1/VN/BID-V1958/2008,10721,complete,Viet Nam: South,Homo sapiens,blood,"Henn,M.R., Young,S., Kodira,C., Koehrsen,M., Jaffe,D., Berlin,A., Heiman,D., Hepburn,T., Sykes,S., Borenstein,D., Engels,R., Freedman,E., Gellesch,M., Howarth,C., Jen,D., Larson,L., Lewis,B., Montgomery,P., Park,D., Pearson,M., Richards,J., Roberts,A., Sisk,P., Stolte,C., White,J., Zeng,Q., Yandava,C., Oleary,S., Alvarado,L., Alvarez,P., Brockman,W., Butler,J., Gnerre,S., Grabherr,M., Kleber,M., Mauceli,E., MacCallum,I., Vu,H.T., Nguyen,Q.H., Nguyen,Q.T., Duong,P.H., Tran,H.T., Nguyen,L.T.M., Nguyen,L.P.H., Lander,E., Galagan,J., Nusbaum,C., Simmons,C.P., Birren,B.",2008,2008-11-01,ssRNA(+)
FJ410276,dengue virus type I,Orthoflavivirus denguei,,DENV-1/VN/BID-V1960/2008,10690,complete,Viet Nam: South,Homo sapiens,blood,"Henn,M.R., Young,S., Kodira,C., Koehrsen,M., Jaffe,D., Berlin,A., Heiman,D., Hepburn,T., Sykes,S., Borenstein,D., Engels,R., Freedman,E., Gellesch,M., Howarth,C., Jen,D., Larson,L., Lewis,B., Montgomery,P., Park,D., Pearson,M., Richards,J., Roberts,A., Sisk,P., Stolte,C., White,J., Zeng,Q., Yandava,C., Oleary,S., Alvarado,L., Alvarez,P., Brockman,W., Butler,J., Gnerre,S., Grabherr,M., Kleber,M., Mauceli,E., MacCallum,I., Vu,H.T., Nguyen,Q.H., Nguyen,Q.T., Duong,P.H., Tran,H.T., Nguyen,L.T.M., Nguyen,L.P.H., Lander,E., Galagan,J., Nusbaum,C., Simmons,C.P., Birren,B.",2008,2008-11-01,ssRNA(+)
FJ410277,dengue virus type I,Orthoflavivirus denguei,,DENV-1/VN/BID-V1961/2008,10690,complete,Viet Nam: South,Homo sapiens,blood,"Henn,M.R., Young,S., Kodira,C., Koehrsen,M., Jaffe,D., Berlin,A., Heiman,D., Hepburn,T., Sykes,S., Borenstein,D., Engels,R., Freedman,E., Gellesch,M., Howarth,C., Jen,D., Larson,L., Lewis,B., Montgomery,P., Park,D., Pearson,M., Richards,J., Roberts,A., Sisk,P., Stolte,C., White,J., Zeng,Q., Yandava,C., Oleary,S., Alvarado,L., Alvarez,P., Brockman,W., Butler,J., Gnerre,S., Grabherr,M., Kleber,M., Mauceli,E., MacCallum,I., Vu,H.T., Nguyen,Q.H., Nguyen,Q.T., Duong,P.H., Tran,H.T., Nguyen,L.T.M., Nguyen,L.P.H., Lander,E., Galagan,J., Nusbaum,C., Simmons,C.P., Birren,B.",2008,2008-11-01,ssRNA(+)
FJ410278,dengue virus type I,Orthoflavivirus denguei,,DENV-1/VN/BID-V1962/2008,10690,complete,Viet Nam: South,Homo sapiens,blood,"Henn,M.R., Young,S., Kodira,C., Koehrsen,M., Jaffe,D., Berlin,A., Heiman,D., Hepburn,T., Sykes,S., Borenstein,D., Engels,R., Freedman,E., Gellesch,M., Howarth,C., Jen,D., Larson,L., Lewis,B., Montgomery,P., Park,D., Pearson,M., Richards,J., Roberts,A., Sisk,P., Stolte,C., White,J., Zeng,Q., Yandava,C., Oleary,S., Alvarado,L., Alvarez,P., Brockman,W., Butler,J., Gnerre,S., Grabherr,M., Kleber,M., Mauceli,E., MacCallum,I., Vu,H.T., Nguyen,Q.H., Nguyen,Q.T., Duong,P.H., Tran,H.T., Nguyen,L.T.M., Nguyen,L.P.H., Lander,E., Galagan,J., Nusbaum,C., Simmons,C.P., Birren,B.",2008,2008-11-01,ssRNA(+)
FJ410279,dengue virus type I,Orthoflavivirus denguei,,DENV-1/VN/BID-V1965/2008,10690,complete,Viet Nam: South,Homo sapiens,blood,"Henn,M.R., Young,S., Kodira,C., Koehrsen,M., Jaffe,D., Berlin,A., Heiman,D., Hepburn,T., Sykes,S., Borenstein,D., Engels,R., Freedman,E., Gellesch,M., Howarth,C., Jen,D., Larson,L., Lewis,B., Montgomery,P., Park,D., Pearson,M., Richards,J., Roberts,A., Sisk,P., Stolte,C., White,J., Zeng,Q., Yandava,C., Oleary,S., Alvarado,L., Alvarez,P., Brockman,W., Butler,J., Gnerre,S., Grabherr,M., Kleber,M., Mauceli,E., MacCallum,I., Vu,H.T., Nguyen,Q.H., Nguyen,Q.T., Duong,P.H., Tran,H.T., Nguyen,L.T.M., Nguyen,L.P.H., Lander,E., Galagan,J., Nusbaum,C., Simmons,C.P., Birren,B.",2008,2008-11-01,ssRNA(+)
FJ410280,dengue virus type I,Orthoflavivirus denguei,,DENV-1/VN/BID-V1966/2008,10690,complete,Viet Nam: South,Homo sapiens,blood,"Henn,M.R., Young,S., Kodira,C., Koehrsen,M., Jaffe,D., Berlin,A., Heiman,D., Hepburn,T., Sykes,S., Borenstein,D., Engels,R., Freedman,E., Gellesch,M., Howarth,C., Jen,D., Larson,L., Lewis,B., Montgomery,P., Park,D., Pearson,M., Richards,J., Roberts,A., Sisk,P., Stolte,C., White,J., Zeng,Q., Yandava,C., Oleary,S., Alvarado,L., Alvarez,P., Brockman,W., Butler,J., Gnerre,S., Grabherr,M., Kleber,M., Mauceli,E., MacCallum,I., Vu,H.T., Nguyen,Q.H., Nguyen,Q.T., Duong,P.H., Tran,H.T., Nguyen,L.T.M., Nguyen,L.P.H., Lander,E., Galagan,J., Nusbaum,C., Simmons,C.P., Birren,B.",2008,2008-11-01,ssRNA(+)
FJ410281,dengue virus type I,Orthoflavivirus denguei,,DENV-1/VN/BID-V1967/2008,10690,complete,Viet Nam: South,Homo sapiens,blood,"Henn,M.R., Young,S., Kodira,C., Koehrsen,M., Jaffe,D., Berlin,A., Heiman,D., Hepburn,T., Sykes,S., Borenstein,D., Engels,R., Freedman,E., Gellesch,M., Howarth,C., Jen,D., Larson,L., Lewis,B., Montgomery,P., Park,D., Pearson,M., Richards,J., Roberts,A., Sisk,P., Stolte,C., White,J., Zeng,Q., Yandava,C., Oleary,S., Alvarado,L., Alvarez,P., Brockman,W., Butler,J., Gnerre,S., Grabherr,M., Kleber,M., Mauceli,E., MacCallum,I., Vu,H.T., Nguyen,Q.H., Nguyen,Q.T., Duong,P.H., Tran,H.T., Nguyen,L.T.M., Nguyen,L.P.H., Lander,E., Galagan,J., Nusbaum,C., Simmons,C.P., Birren,B.",2008,2008-11-01,ssRNA(+)
FJ410282,dengue virus type I,Orthoflavivirus denguei,,DENV-1/VN/BID-V1968/2008,10690,complete,Viet Nam: South,Homo sapiens,blood,"Henn,M.R., Young,S., Kodira,C., Koehrsen,M., Jaffe,D., Berlin,A., Heiman,D., Hepburn,T., Sykes,S., Borenstein,D., Engels,R., Freedman,E., Gellesch,M., Howarth,C., Jen,D., Larson,L., Lewis,B., Montgomery,P., Park,D., Pearson,M., Richards,J., Roberts,A., Sisk,P., Stolte,C., White,J., Zeng,Q., Yandava,C., Oleary,S., Alvarado,L., Alvarez,P., Brockman,W., Butler,J., Gnerre,S., Grabherr,M., Kleber,M., Mauceli,E., MacCallum,I., Vu,H.T., Nguyen,Q.H., Nguyen,Q.T., Duong,P.H., Tran,H.T., Nguyen,L.T.M., Nguyen,L.P.H., Lander,E., Galagan,J., Nusbaum,C., Simmons,C.P., Birren,B.",2008,2008-11-01,ssRNA(+)
FJ410283,dengue virus type I,Orthoflavivirus denguei,,DENV-1/VN/BID-V1970/2008,10688,complete,Viet Nam: South,Homo sapiens,blood,"Henn,M.R., Young,S., Kodira,C., Koehrsen,M., Jaffe,D., Berlin,A., Heiman,D., Hepburn,T., Sykes,S., Borenstein,D., Engels,R., Freedman,E., Gellesch,M., Howarth,C., Jen,D., Larson,L., Lewis,B., Montgomery,P., Park,D., Pearson,M., Richards,J., Roberts,A., Sisk,P., Stolte,C., White,J., Zeng,Q., Yandava,C., Oleary,S., Alvarado,L., Alvarez,P., Brockman,W., Butler,J., Gnerre,S., Grabherr,M., Kleber,M., Mauceli,E., MacCallum,I., Vu,H.T., Nguyen,Q.H., Nguyen,Q.T., Duong,P.H., Tran,H.T., Nguyen,L.T.M., Nguyen,L.P.H., Lander,E., Galagan,J., Nusbaum,C., Simmons,C.P., Birren,B.",2008,2008-11-01,ssRNA(+)
FJ410284,dengue virus type I,Orthoflavivirus denguei,,DENV-1/VN/BID-V1971/2008,10690,complete,Viet Nam: South,Homo sapiens,blood,"Henn,M.R., Young,S., Kodira,C., Koehrsen,M., Jaffe,D., Berlin,A., Heiman,D., Hepburn,T., Sykes,S., Borenstein,D., Engels,R., Freedman,E., Gellesch,M., Howarth,C., Jen,D., Larson,L., Lewis,B., Montgomery,P., Park,D., Pearson,M., Richards,J., Roberts,A., Sisk,P., Stolte,C., White,J., Zeng,Q., Yandava,C., Oleary,S., Alvarado,L., Alvarez,P., Brockman,W., Butler,J., Gnerre,S., Grabherr,M., Kleber,M., Mauceli,E., MacCallum,I., Vu,H.T., Nguyen,Q.H., Nguyen,Q.T., Duong,P.H., Tran,H.T., Nguyen,L.T.M., Nguyen,L.P.H., Lander,E., Galagan,J., Nusbaum,C., Simmons,C.P., Birren,B.",2008,2008-11-01,ssRNA(+)
FJ410285,dengue virus type I,Orthoflavivirus denguei,,DENV-1/VN/BID-V1972/2008,10690,complete,Viet Nam: South,Homo sapiens,blood,"Henn,M.R., Young,S., Kodira,C., Koehrsen,M., Jaffe,D., Berlin,A., Heiman,D., Hepburn,T., Sykes,S., Borenstein,D., Engels,R., Freedman,E., Gellesch,M., Howarth,C., Jen,D., Larson,L., Lewis,B., Montgomery,P., Park,D., Pearson,M., Richards,J., Roberts,A., Sisk,P., Stolte,C., White,J., Zeng,Q., Yandava,C., Oleary,S., Alvarado,L., Alvarez,P., Brockman,W., Butler,J., Gnerre,S., Grabherr,M., Kleber,M., Mauceli,E., MacCallum,I., Vu,H.T., Nguyen,Q.H., Nguyen,Q.T., Duong,P.H., Tran,H.T., Nguyen,L.T.M., Nguyen,L.P.H., Lander,E., Galagan,J., Nusbaum,C., Simmons,C.P., Birren,B.",2008,2008-11-01,ssRNA(+)
FJ410286,dengue virus type I,Orthoflavivirus denguei,,DENV-1/VN/BID-V1974/2008,10690,complete,Viet Nam: South,Homo sapiens,blood,"Henn,M.R., Young,S., Kodira,C., Koehrsen,M., Jaffe,D., Berlin,A., Heiman,D., Hepburn,T., Sykes,S., Borenstein,D., Engels,R., Freedman,E., Gellesch,M., Howarth,C., Jen,D., Larson,L., Lewis,B., Montgomery,P., Park,D., Pearson,M., Richards,J., Roberts,A., Sisk,P., Stolte,C., White,J., Zeng,Q., Yandava,C., Oleary,S., Alvarado,L., Alvarez,P., Brockman,W., Butler,J., Gnerre,S., Grabherr,M., Kleber,M., Mauceli,E., MacCallum,I., Vu,H.T., Nguyen,Q.H., Nguyen,Q.T., Duong,P.H., Tran,H.T., Nguyen,L.T.M., Nguyen,L.P.H., Lander,E., Galagan,J., Nusbaum,C., Simmons,C.P., Birren,B.",2008,2008-11-01,ssRNA(+)
FJ410287,dengue virus type I,Orthoflavivirus denguei,,DENV-1/VN/BID-V1634/2006,10690,complete,Viet Nam: South,Homo sapiens,blood,"Henn,M.R., Young,S., Kodira,C., Koehrsen,M., Jaffe,D., Berlin,A., Heiman,D., Hepburn,T., Sykes,S., Borenstein,D., Engels,R., Freedman,E., Gellesch,M., Howarth,C., Jen,D., Larson,L., Lewis,B., Montgomery,P., Park,D., Pearson,M., Richards,J., Roberts,A., Sisk,P., Stolte,C., White,J., Zeng,Q., Yandava,C., Oleary,S., Alvarado,L., Alvarez,P., Brockman,W., Butler,J., Gnerre,S., Grabherr,M., Kleber,M., Mauceli,E., MacCallum,I., Vu,H.T., Nguyen,Q.H., Nguyen,Q.T., Duong,P.H., Le,P.T., Duong,K.H., Nguyen,T.T.H., Hoang,L.T., Simmons,C.P., Lander,E., Galagan,J., Nusbaum,C., Birren,B.",2006,2008-11-01,ssRNA(+)
FJ410288,Dengue virus type 2,Orthoflavivirus denguei,,DENV-2/VN/BID-V1654/2007,10678,complete,Viet Nam: South,Homo sapiens,blood,"Henn,M.R., Young,S., Kodira,C., Koehrsen,M., Jaffe,D., Berlin,A., Heiman,D., Hepburn,T., Sykes,S., Borenstein,D., Engels,R., Freedman,E., Gellesch,M., Howarth,C., Jen,D., Larson,L., Lewis,B., Montgomery,P., Park,D., Pearson,M., Richards,J., Roberts,A., Sisk,P., Stolte,C., White,J., Zeng,Q., Yandava,C., Oleary,S., Alvarado,L., Alvarez,P., Brockman,W., Butler,J., Gnerre,S., Grabherr,M., Kleber,M., Mauceli,E., MacCallum,I., Vu,H.T., Nguyen,Q.H., Nguyen,Q.T., Duong,P.H., Le,P.T., Duong,K.H., Nguyen,T.T.H., Hoang,L.T., Simmons,C.P., Lander,E., Galagan,J., Nusbaum,C., Birren,B.",2007,2008-11-01,ssRNA(+)
FJ410289,dengue virus type I,Orthoflavivirus denguei,,DENV-1/VN/BID-V1671/2007,10679,complete,Viet Nam: South,Homo sapiens,blood,"Henn,M.R., Young,S., Kodira,C., Koehrsen,M., Jaffe,D., Berlin,A., Heiman,D., Hepburn,T., Sykes,S., Borenstein,D., Engels,R., Freedman,E., Gellesch,M., Howarth,C., Jen,D., Larson,L., Lewis,B., Montgomery,P., Park,D., Pearson,M., Richards,J., Roberts,A., Sisk,P., Stolte,C., White,J., Zeng,Q., Yandava,C., Oleary,S., Alvarado,L., Alvarez,P., Brockman,W., Butler,J., Gnerre,S., Grabherr,M., Kleber,M., Mauceli,E., MacCallum,I., Vu,H.T., Nguyen,Q.H., Nguyen,Q.T., Duong,P.H., Le,P.T., Duong,K.H., Nguyen,T.T.H., Hoang,L.T., Simmons,C.P., Lander,E., Galagan,J., Nusbaum,C., Birren,B.",2007,2008-11-01,ssRNA(+)
FJ182003,dengue virus type I,Orthoflavivirus denguei,,DENV-1/VN/BID-V1657/2007,10690,complete,Viet Nam: South,Homo sapiens,blood,"Henn,M.R., Young,S., Kodira,C., Koehrsen,M., Jaffe,D., Berlin,A., Heiman,D., Hepburn,T., Sykes,S., Borenstein,D., Engels,R., Freedman,E., Gellesch,M., Howarth,C., Jen,D., Larson,L., Lewis,B., Montgomery,P., Park,D., Pearson,M., Richards,J., Roberts,A., Sisk,P., Stolte,C., White,J., Zeng,Q., Yandava,C., Oleary,S., Alvarado,L., Alvarez,P., Brockman,W., Butler,J., Gnerre,S., Grabherr,M., Kleber,M., Mauceli,E., MacCallum,I., Vu,H.T., Nguyen,Q.H., Nguyen,Q.T., Duong,P.H., Le,P.T., Duong,K.H., Nguyen,T.T.H., Hoang,L.T., Simmons,C.P., Lander,E., Galagan,J., Nusbaum,C., Birren,B.",2007,2008-09-30,ssRNA(+)
FJ182018,dengue virus type I,Orthoflavivirus denguei,,DENV-1/VN/BID-V1632/2006,10690,complete,Viet Nam: South,Homo sapiens,blood,"Henn,M.R., Young,S., Kodira,C., Koehrsen,M., Jaffe,D., Berlin,A., Heiman,D., Hepburn,T., Sykes,S., Borenstein,D., Engels,R., Freedman,E., Gellesch,M., Howarth,C., Jen,D., Larson,L., Lewis,B., Montgomery,P., Park,D., Pearson,M., Richards,J., Roberts,A., Sisk,P., Stolte,C., White,J., Zeng,Q., Yandava,C., Oleary,S., Alvarado,L., Alvarez,P., Brockman,W., Butler,J., Gnerre,S., Grabherr,M., Kleber,M., Mauceli,E., MacCallum,I., Vu,H.T., Nguyen,Q.H., Nguyen,Q.T., Duong,P.H., Le,P.T., Duong,K.H., Nguyen,T.T.H., Hoang,L.T., Simmons,C.P., Lander,E., Galagan,J., Nusbaum,C., Birren,B.",2006,2008-09-30,ssRNA(+)
FJ182019,dengue virus type I,Orthoflavivirus denguei,,DENV-1/VN/BID-V1635/2007,10690,complete,Viet Nam: South,Homo sapiens,blood,"Henn,M.R., Young,S., Kodira,C., Koehrsen,M., Jaffe,D., Berlin,A., Heiman,D., Hepburn,T., Sykes,S., Borenstein,D., Engels,R., Freedman,E., Gellesch,M., Howarth,C., Jen,D., Larson,L., Lewis,B., Montgomery,P., Park,D., Pearson,M., Richards,J., Roberts,A., Sisk,P., Stolte,C., White,J., Zeng,Q., Yandava,C., Oleary,S., Alvarado,L., Alvarez,P., Brockman,W., Butler,J., Gnerre,S., Grabherr,M., Kleber,M., Mauceli,E., MacCallum,I., Vu,H.T., Nguyen,Q.H., Nguyen,Q.T., Duong,P.H., Le,P.T., Duong,K.H., Nguyen,T.T.H., Hoang,L.T., Simmons,C.P., Lander,E., Galagan,J., Nusbaum,C., Birren,B.",2007,2008-09-30,ssRNA(+)
FJ182020,dengue virus type I,Orthoflavivirus denguei,,DENV-1/VN/BID-V1637/2007,10675,complete,Viet Nam: South,Homo sapiens,blood,"Henn,M.R., Young,S., Kodira,C., Koehrsen,M., Jaffe,D., Berlin,A., Heiman,D., Hepburn,T., Sykes,S., Borenstein,D., Engels,R., Freedman,E., Gellesch,M., Howarth,C., Jen,D., Larson,L., Lewis,B., Montgomery,P., Park,D., Pearson,M., Richards,J., Roberts,A., Sisk,P., Stolte,C., White,J., Zeng,Q., Yandava,C., Oleary,S., Alvarado,L., Alvarez,P., Brockman,W., Butler,J., Gnerre,S., Grabherr,M., Kleber,M., Mauceli,E., MacCallum,I., Vu,H.T., Nguyen,Q.H., Nguyen,Q.T., Duong,P.H., Le,P.T., Duong,K.H., Nguyen,T.T.H., Hoang,L.T., Simmons,C.P., Lander,E., Galagan,J., Nusbaum,C., Birren,B.",2007,2008-09-30,ssRNA(+)
FJ182021,dengue virus type I,Orthoflavivirus denguei,,DENV-1/VN/BID-V1639/2007,10690,complete,Viet Nam: South,Homo sapiens,blood,"Henn,M.R., Young,S., Kodira,C., Koehrsen,M., Jaffe,D., Berlin,A., Heiman,D., Hepburn,T., Sykes,S., Borenstein,D., Engels,R., Freedman,E., Gellesch,M., Howarth,C., Jen,D., Larson,L., Lewis,B., Montgomery,P., Park,D., Pearson,M., Richards,J., Roberts,A., Sisk,P., Stolte,C., White,J., Zeng,Q., Yandava,C., Oleary,S., Alvarado,L., Alvarez,P., Brockman,W., Butler,J., Gnerre,S., Grabherr,M., Kleber,M., Mauceli,E., MacCallum,I., Vu,H.T., Nguyen,Q.H., Nguyen,Q.T., Duong,P.H., Le,P.T., Duong,K.H., Nguyen,T.T.H., Hoang,L.T., Simmons,C.P., Lander,E., Galagan,J., Nusbaum,C., Birren,B.",2007,2008-09-30,ssRNA(+)
FJ182022,dengue virus type I,Orthoflavivirus denguei,,DENV-1/VN/BID-V1640/2007,10690,complete,Viet Nam: South,Homo sapiens,blood,"Henn,M.R., Young,S., Kodira,C., Koehrsen,M., Jaffe,D., Berlin,A., Heiman,D., Hepburn,T., Sykes,S., Borenstein,D., Engels,R., Freedman,E., Gellesch,M., Howarth,C., Jen,D., Larson,L., Lewis,B., Montgomery,P., Park,D., Pearson,M., Richards,J., Roberts,A., Sisk,P., Stolte,C., White,J., Zeng,Q., Yandava,C., Oleary,S., Alvarado,L., Alvarez,P., Brockman,W., Butler,J., Gnerre,S., Grabherr,M., Kleber,M., Mauceli,E., MacCallum,I., Vu,H.T., Nguyen,Q.H., Nguyen,Q.T., Duong,P.H., Le,P.T., Duong,K.H., Nguyen,T.T.H., Hoang,L.T., Simmons,C.P., Lander,E., Galagan,J., Nusbaum,C., Birren,B.",2007,2008-09-30,ssRNA(+)
FJ182023,dengue virus type I,Orthoflavivirus denguei,,DENV-1/VN/BID-V1642/2007,10690,complete,Viet Nam: South,Homo sapiens,blood,"Henn,M.R., Young,S., Kodira,C., Koehrsen,M., Jaffe,D., Berlin,A., Heiman,D., Hepburn,T., Sykes,S., Borenstein,D., Engels,R., Freedman,E., Gellesch,M., Howarth,C., Jen,D., Larson,L., Lewis,B., Montgomery,P., Park,D., Pearson,M., Richards,J., Roberts,A., Sisk,P., Stolte,C., White,J., Zeng,Q., Yandava,C., Oleary,S., Alvarado,L., Alvarez,P., Brockman,W., Butler,J., Gnerre,S., Grabherr,M., Kleber,M., Mauceli,E., MacCallum,I., Vu,H.T., Nguyen,Q.H., Nguyen,Q.T., Duong,P.H., Le,P.T., Duong,K.H., Nguyen,T.T.H., Hoang,L.T., Simmons,C.P., Lander,E., Galagan,J., Nusbaum,C., Birren,B.",2007,2008-09-30,ssRNA(+)
FJ182024,dengue virus type I,Orthoflavivirus denguei,,DENV-1/VN/BID-V1644/2007,10675,complete,Viet Nam: South,Homo sapiens,blood,"Henn,M.R., Young,S., Kodira,C., Koehrsen,M., Jaffe,D., Berlin,A., Heiman,D., Hepburn,T., Sykes,S., Borenstein,D., Engels,R., Freedman,E., Gellesch,M., Howarth,C., Jen,D., Larson,L., Lewis,B., Montgomery,P., Park,D., Pearson,M., Richards,J., Roberts,A., Sisk,P., Stolte,C., White,J., Zeng,Q., Yandava,C., Oleary,S., Alvarado,L., Alvarez,P., Brockman,W., Butler,J., Gnerre,S., Grabherr,M., Kleber,M., Mauceli,E., MacCallum,I., Vu,H.T., Nguyen,Q.H., Nguyen,Q.T., Duong,P.H., Le,P.T., Duong,K.H., Nguyen,T.T.H., Hoang,L.T., Simmons,C.P., Lander,E., Galagan,J., Nusbaum,C., Birren,B.",2007,2008-09-30,ssRNA(+)
FJ182025,dengue virus type I,Orthoflavivirus denguei,,DENV-1/VN/BID-V1646/2007,10690,complete,Viet Nam: South,Homo sapiens,blood,"Henn,M.R., Young,S., Kodira,C., Koehrsen,M., Jaffe,D., Berlin,A., Heiman,D., Hepburn,T., Sykes,S., Borenstein,D., Engels,R., Freedman,E., Gellesch,M., Howarth,C., Jen,D., Larson,L., Lewis,B., Montgomery,P., Park,D., Pearson,M., Richards,J., Roberts,A., Sisk,P., Stolte,C., White,J., Zeng,Q., Yandava,C., Oleary,S., Alvarado,L., Alvarez,P., Brockman,W., Butler,J., Gnerre,S., Grabherr,M., Kleber,M., Mauceli,E., MacCallum,I., Vu,H.T., Nguyen,Q.H., Nguyen,Q.T., Duong,P.H., Le,P.T., Duong,K.H., Nguyen,T.T.H., Hoang,L.T., Simmons,C.P., Lander,E., Galagan,J., Nusbaum,C., Birren,B.",2007,2008-09-30,ssRNA(+)
FJ182026,dengue virus type I,Orthoflavivirus denguei,,DENV-1/VN/BID-V1649/2007,10690,complete,Viet Nam: South,Homo sapiens,blood,"Henn,M.R., Young,S., Kodira,C., Koehrsen,M., Jaffe,D., Berlin,A., Heiman,D., Hepburn,T., Sykes,S., Borenstein,D., Engels,R., Freedman,E., Gellesch,M., Howarth,C., Jen,D., Larson,L., Lewis,B., Montgomery,P., Park,D., Pearson,M., Richards,J., Roberts,A., Sisk,P., Stolte,C., White,J., Zeng,Q., Yandava,C., Oleary,S., Alvarado,L., Alvarez,P., Brockman,W., Butler,J., Gnerre,S., Grabherr,M., Kleber,M., Mauceli,E., MacCallum,I., Vu,H.T., Nguyen,Q.H., Nguyen,Q.T., Duong,P.H., Le,P.T., Duong,K.H., Nguyen,T.T.H., Hoang,L.T., Simmons,C.P., Lander,E., Galagan,J., Nusbaum,C., Birren,B.",2007,2008-09-30,ssRNA(+)
FJ182027,dengue virus type I,Orthoflavivirus denguei,,DENV-1/VN/BID-V1651/2007,10690,complete,Viet Nam: South,Homo sapiens,blood,"Henn,M.R., Young,S., Kodira,C., Koehrsen,M., Jaffe,D., Berlin,A., Heiman,D., Hepburn,T., Sykes,S., Borenstein,D., Engels,R., Freedman,E., Gellesch,M., Howarth,C., Jen,D., Larson,L., Lewis,B., Montgomery,P., Park,D., Pearson,M., Richards,J., Roberts,A., Sisk,P., Stolte,C., White,J., Zeng,Q., Yandava,C., Oleary,S., Alvarado,L., Alvarez,P., Brockman,W., Butler,J., Gnerre,S., Grabherr,M., Kleber,M., Mauceli,E., MacCallum,I., Vu,H.T., Nguyen,Q.H., Nguyen,Q.T., Duong,P.H., Le,P.T., Duong,K.H., Nguyen,T.T.H., Hoang,L.T., Simmons,C.P., Lander,E., Galagan,J., Nusbaum,C., Birren,B.",2007,2008-09-30,ssRNA(+)
FJ182028,dengue virus type I,Orthoflavivirus denguei,,DENV-1/VN/BID-V1653/2007,10690,complete,Viet Nam: South,Homo sapiens,blood,"Henn,M.R., Young,S., Kodira,C., Koehrsen,M., Jaffe,D., Berlin,A., Heiman,D., Hepburn,T., Sykes,S., Borenstein,D., Engels,R., Freedman,E., Gellesch,M., Howarth,C., Jen,D., Larson,L., Lewis,B., Montgomery,P., Park,D., Pearson,M., Richards,J., Roberts,A., Sisk,P., Stolte,C., White,J., Zeng,Q., Yandava,C., Oleary,S., Alvarado,L., Alvarez,P., Brockman,W., Butler,J., Gnerre,S., Grabherr,M., Kleber,M., Mauceli,E., MacCallum,I., Vu,H.T., Nguyen,Q.H., Nguyen,Q.T., Duong,P.H., Le,P.T., Duong,K.H., Nguyen,T.T.H., Hoang,L.T., Simmons,C.P., Lander,E., Galagan,J., Nusbaum,C., Birren,B.",2007,2008-09-30,ssRNA(+)
FJ182029,dengue virus type I,Orthoflavivirus denguei,,DENV-1/VN/BID-V1658/2007,10690,complete,Viet Nam: South,Homo sapiens,blood,"Henn,M.R., Young,S., Kodira,C., Koehrsen,M., Jaffe,D., Berlin,A., Heiman,D., Hepburn,T., Sykes,S., Borenstein,D., Engels,R., Freedman,E., Gellesch,M., Howarth,C., Jen,D., Larson,L., Lewis,B., Montgomery,P., Park,D., Pearson,M., Richards,J., Roberts,A., Sisk,P., Stolte,C., White,J., Zeng,Q., Yandava,C., Oleary,S., Alvarado,L., Alvarez,P., Brockman,W., Butler,J., Gnerre,S., Grabherr,M., Kleber,M., Mauceli,E., MacCallum,I., Vu,H.T., Nguyen,Q.H., Nguyen,Q.T., Duong,P.H., Le,P.T., Duong,K.H., Nguyen,T.T.H., Hoang,L.T., Simmons,C.P., Lander,E., Galagan,J., Nusbaum,C., Birren,B.",2007,2008-09-30,ssRNA(+)
FJ182030,dengue virus type I,Orthoflavivirus denguei,,DENV-1/VN/BID-V1662/2007,10690,complete,Viet Nam: South,Homo sapiens,blood,"Henn,M.R., Young,S., Kodira,C., Koehrsen,M., Jaffe,D., Berlin,A., Heiman,D., Hepburn,T., Sykes,S., Borenstein,D., Engels,R., Freedman,E., Gellesch,M., Howarth,C., Jen,D., Larson,L., Lewis,B., Montgomery,P., Park,D., Pearson,M., Richards,J., Roberts,A., Sisk,P., Stolte,C., White,J., Zeng,Q., Yandava,C., Oleary,S., Alvarado,L., Alvarez,P., Brockman,W., Butler,J., Gnerre,S., Grabherr,M., Kleber,M., Mauceli,E., MacCallum,I., Vu,H.T., Nguyen,Q.H., Nguyen,Q.T., Duong,P.H., Le,P.T., Duong,K.H., Nguyen,T.T.H., Hoang,L.T., Simmons,C.P., Lander,E., Galagan,J., Nusbaum,C., Birren,B.",2007,2008-09-30,ssRNA(+)
FJ182031,dengue virus type I,Orthoflavivirus denguei,,DENV-1/VN/BID-V1663/2007,10690,complete,Viet Nam: South,Homo sapiens,blood,"Henn,M.R., Young,S., Kodira,C., Koehrsen,M., Jaffe,D., Berlin,A., Heiman,D., Hepburn,T., Sykes,S., Borenstein,D., Engels,R., Freedman,E., Gellesch,M., Howarth,C., Jen,D., Larson,L., Lewis,B., Montgomery,P., Park,D., Pearson,M., Richards,J., Roberts,A., Sisk,P., Stolte,C., White,J., Zeng,Q., Yandava,C., Oleary,S., Alvarado,L., Alvarez,P., Brockman,W., Butler,J., Gnerre,S., Grabherr,M., Kleber,M., Mauceli,E., MacCallum,I., Vu,H.T., Nguyen,Q.H., Nguyen,Q.T., Duong,P.H., Le,P.T., Duong,K.H., Nguyen,T.T.H., Hoang,L.T., Simmons,C.P., Lander,E., Galagan,J., Nusbaum,C., Birren,B.",2007,2008-09-30,ssRNA(+)
FJ182032,dengue virus type I,Orthoflavivirus denguei,,DENV-1/VN/BID-V1664/2007,10691,complete,Viet Nam: South,Homo sapiens,blood,"Henn,M.R., Young,S., Kodira,C., Koehrsen,M., Jaffe,D., Berlin,A., Heiman,D., Hepburn,T., Sykes,S., Borenstein,D., Engels,R., Freedman,E., Gellesch,M., Howarth,C., Jen,D., Larson,L., Lewis,B., Montgomery,P., Park,D., Pearson,M., Richards,J., Roberts,A., Sisk,P., Stolte,C., White,J., Zeng,Q., Yandava,C., Oleary,S., Alvarado,L., Alvarez,P., Brockman,W., Butler,J., Gnerre,S., Grabherr,M., Kleber,M., Mauceli,E., MacCallum,I., Vu,H.T., Nguyen,Q.H., Nguyen,Q.T., Duong,P.H., Le,P.T., Duong,K.H., Nguyen,T.T.H., Hoang,L.T., Simmons,C.P., Lander,E., Galagan,J., Nusbaum,C., Birren,B.",2007,2008-09-30,ssRNA(+)
FJ182033,dengue virus type I,Orthoflavivirus denguei,,DENV-1/VN/BID-V1666/2007,10690,complete,Viet Nam: South,Homo sapiens,blood,"Henn,M.R., Young,S., Kodira,C., Koehrsen,M., Jaffe,D., Berlin,A., Heiman,D., Hepburn,T., Sykes,S., Borenstein,D., Engels,R., Freedman,E., Gellesch,M., Howarth,C., Jen,D., Larson,L., Lewis,B., Montgomery,P., Park,D., Pearson,M., Richards,J., Roberts,A., Sisk,P., Stolte,C., White,J., Zeng,Q., Yandava,C., Oleary,S., Alvarado,L., Alvarez,P., Brockman,W., Butler,J., Gnerre,S., Grabherr,M., Kleber,M., Mauceli,E., MacCallum,I., Vu,H.T., Nguyen,Q.H., Nguyen,Q.T., Duong,P.H., Le,P.T., Duong,K.H., Nguyen,T.T.H., Hoang,L.T., Simmons,C.P., Lander,E., Galagan,J., Nusbaum,C., Birren,B.",2007,2008-09-30,ssRNA(+)
FJ182034,dengue virus type I,Orthoflavivirus denguei,,DENV-1/VN/BID-V1667/2007,10676,complete,Viet Nam: South,Homo sapiens,blood,"Henn,M.R., Young,S., Kodira,C., Koehrsen,M., Jaffe,D., Berlin,A., Heiman,D., Hepburn,T., Sykes,S., Borenstein,D., Engels,R., Freedman,E., Gellesch,M., Howarth,C., Jen,D., Larson,L., Lewis,B., Montgomery,P., Park,D., Pearson,M., Richards,J., Roberts,A., Sisk,P., Stolte,C., White,J., Zeng,Q., Yandava,C., Oleary,S., Alvarado,L., Alvarez,P., Brockman,W., Butler,J., Gnerre,S., Grabherr,M., Kleber,M., Mauceli,E., MacCallum,I., Vu,H.T., Nguyen,Q.H., Nguyen,Q.T., Duong,P.H., Le,P.T., Duong,K.H., Nguyen,T.T.H., Hoang,L.T., Simmons,C.P., Lander,E., Galagan,J., Nusbaum,C., Birren,B.",2007,2008-09-30,ssRNA(+)
FJ182035,dengue virus type I,Orthoflavivirus denguei,,DENV-1/VN/BID-V1668/2007,10691,complete,Viet Nam: South,Homo sapiens,blood,"Henn,M.R., Young,S., Kodira,C., Koehrsen,M., Jaffe,D., Berlin,A., Heiman,D., Hepburn,T., Sykes,S., Borenstein,D., Engels,R., Freedman,E., Gellesch,M., Howarth,C., Jen,D., Larson,L., Lewis,B., Montgomery,P., Park,D., Pearson,M., Richards,J., Roberts,A., Sisk,P., Stolte,C., White,J., Zeng,Q., Yandava,C., Oleary,S., Alvarado,L., Alvarez,P., Brockman,W., Butler,J., Gnerre,S., Grabherr,M., Kleber,M., Mauceli,E., MacCallum,I., Vu,H.T., Nguyen,Q.H., Nguyen,Q.T., Duong,P.H., Le,P.T., Duong,K.H., Nguyen,T.T.H., Hoang,L.T., Simmons,C.P., Lander,E., Galagan,J., Nusbaum,C., Birren,B.",2007,2008-09-30,ssRNA(+)
FJ182036,dengue virus type I,Orthoflavivirus denguei,,DENV-1/VN/BID-V1670/2007,10690,complete,Viet Nam: South,Homo sapiens,blood,"Henn,M.R., Young,S., Kodira,C., Koehrsen,M., Jaffe,D., Berlin,A., Heiman,D., Hepburn,T., Sykes,S., Borenstein,D., Engels,R., Freedman,E., Gellesch,M., Howarth,C., Jen,D., Larson,L., Lewis,B., Montgomery,P., Park,D., Pearson,M., Richards,J., Roberts,A., Sisk,P., Stolte,C., White,J., Zeng,Q., Yandava,C., Oleary,S., Alvarado,L., Alvarez,P., Brockman,W., Butler,J., Gnerre,S., Grabherr,M., Kleber,M., Mauceli,E., MacCallum,I., Vu,H.T., Nguyen,Q.H., Nguyen,Q.T., Duong,P.H., Le,P.T., Duong,K.H., Nguyen,T.T.H., Hoang,L.T., Simmons,C.P., Lander,E., Galagan,J., Nusbaum,C., Birren,B.",2007,2008-09-30,ssRNA(+)
FJ205876,dengue virus type I,Orthoflavivirus denguei,,DENV-1/VN/BID-V1673/2007,10690,complete,Viet Nam: South,Homo sapiens,blood,"Henn,M.R., Young,S., Kodira,C., Koehrsen,M., Jaffe,D., Berlin,A., Heiman,D., Hepburn,T., Sykes,S., Borenstein,D., Engels,R., Freedman,E., Gellesch,M., Howarth,C., Jen,D., Larson,L., Lewis,B., Montgomery,P., Park,D., Pearson,M., Richards,J., Roberts,A., Sisk,P., Stolte,C., White,J., Zeng,Q., Yandava,C., Oleary,S., Alvarado,L., Alvarez,P., Brockman,W., Butler,J., Gnerre,S., Grabherr,M., Kleber,M., Mauceli,E., MacCallum,I., Vu,H.T., Nguyen,Q.H., Nguyen,Q.T., Duong,P.H., Le,P.T., Duong,K.H., Nguyen,T.T.H., Hoang,L.T., Simmons,C.P., Lander,E., Galagan,J., Nusbaum,C., Birren,B.",2007,2008-09-30,ssRNA(+)
FJ205877,Dengue virus type 2,Orthoflavivirus denguei,,DENV-2/VN/BID-V1674/2007,10677,complete,Viet Nam: South,Homo sapiens,blood,"Henn,M.R., Young,S., Kodira,C., Koehrsen,M., Jaffe,D., Berlin,A., Heiman,D., Hepburn,T., Sykes,S., Borenstein,D., Engels,R., Freedman,E., Gellesch,M., Howarth,C., Jen,D., Larson,L., Lewis,B., Montgomery,P., Park,D., Pearson,M., Richards,J., Roberts,A., Sisk,P., Stolte,C., White,J., Zeng,Q., Yandava,C., Oleary,S., Alvarado,L., Alvarez,P., Brockman,W., Butler,J., Gnerre,S., Grabherr,M., Kleber,M., Mauceli,E., MacCallum,I., Vu,H.T., Nguyen,Q.H., Nguyen,Q.T., Duong,P.H., Le,P.T., Duong,K.H., Nguyen,T.T.H., Hoang,L.T., Simmons,C.P., Lander,E., Galagan,J., Nusbaum,C., Birren,B.",2007,2008-09-30,ssRNA(+)
FJ205878,Dengue virus type 2,Orthoflavivirus denguei,,DENV-2/VN/BID-V1680/2007,10678,complete,Viet Nam: South,Homo sapiens,blood,"Henn,M.R., Young,S., Kodira,C., Koehrsen,M., Jaffe,D., Berlin,A., Heiman,D., Hepburn,T., Sykes,S., Borenstein,D., Engels,R., Freedman,E., Gellesch,M., Howarth,C., Jen,D., Larson,L., Lewis,B., Montgomery,P., Park,D., Pearson,M., Richards,J., Roberts,A., Sisk,P., Stolte,C., White,J., Zeng,Q., Yandava,C., Oleary,S., Alvarado,L., Alvarez,P., Brockman,W., Butler,J., Gnerre,S., Grabherr,M., Kleber,M., Mauceli,E., MacCallum,I., Vu,H.T., Nguyen,Q.H., Nguyen,Q.T., Duong,P.H., Le,P.T., Duong,K.H., Nguyen,T.T.H., Hoang,L.T., Simmons,C.P., Lander,E., Galagan,J., Nusbaum,C., Birren,B.",2007,2008-09-30,ssRNA(+)
FJ205879,Dengue virus type 2,Orthoflavivirus denguei,,DENV-2/VN/BID-V1682/2007,10678,complete,Viet Nam: South,Homo sapiens,blood,"Henn,M.R., Young,S., Kodira,C., Koehrsen,M., Jaffe,D., Berlin,A., Heiman,D., Hepburn,T., Sykes,S., Borenstein,D., Engels,R., Freedman,E., Gellesch,M., Howarth,C., Jen,D., Larson,L., Lewis,B., Montgomery,P., Park,D., Pearson,M., Richards,J., Roberts,A., Sisk,P., Stolte,C., White,J., Zeng,Q., Yandava,C., Oleary,S., Alvarado,L., Alvarez,P., Brockman,W., Butler,J., Gnerre,S., Grabherr,M., Kleber,M., Mauceli,E., MacCallum,I., Vu,H.T., Nguyen,Q.H., Nguyen,Q.T., Duong,P.H., Le,P.T., Duong,K.H., Nguyen,T.T.H., Hoang,L.T., Simmons,C.P., Lander,E., Galagan,J., Nusbaum,C., Birren,B.",2007,2008-09-30,ssRNA(+)
FJ205880,Dengue virus type 2,Orthoflavivirus denguei,,DENV-2/VN/BID-V1690/2007,10678,complete,Viet Nam: South,Homo sapiens,blood,"Henn,M.R., Young,S., Kodira,C., Koehrsen,M., Jaffe,D., Berlin,A., Heiman,D., Hepburn,T., Sykes,S., Borenstein,D., Engels,R., Freedman,E., Gellesch,M., Howarth,C., Jen,D., Larson,L., Lewis,B., Montgomery,P., Park,D., Pearson,M., Richards,J., Roberts,A., Sisk,P., Stolte,C., White,J., Zeng,Q., Yandava,C., Oleary,S., Alvarado,L., Alvarez,P., Brockman,W., Butler,J., Gnerre,S., Grabherr,M., Kleber,M., Mauceli,E., MacCallum,I., Vu,H.T., Nguyen,Q.H., Nguyen,Q.T., Duong,P.H., Le,P.T., Duong,K.H., Nguyen,T.T.H., Hoang,L.T., Simmons,C.P., Lander,E., Galagan,J., Nusbaum,C., Birren,B.",2007,2008-09-30,ssRNA(+)
FJ205881,dengue virus type I,Orthoflavivirus denguei,,DENV-1/VN/BID-V1691/2007,10690,complete,Viet Nam: South,Homo sapiens,blood,"Henn,M.R., Young,S., Kodira,C., Koehrsen,M., Jaffe,D., Berlin,A., Heiman,D., Hepburn,T., Sykes,S., Borenstein,D., Engels,R., Freedman,E., Gellesch,M., Howarth,C., Jen,D., Larson,L., Lewis,B., Montgomery,P., Park,D., Pearson,M., Richards,J., Roberts,A., Sisk,P., Stolte,C., White,J., Zeng,Q., Yandava,C., Oleary,S., Alvarado,L., Alvarez,P., Brockman,W., Butler,J., Gnerre,S., Grabherr,M., Kleber,M., Mauceli,E., MacCallum,I., Vu,H.T., Nguyen,Q.H., Nguyen,Q.T., Duong,P.H., Le,P.T., Duong,K.H., Nguyen,T.T.H., Hoang,L.T., Simmons,C.P., Lander,E., Galagan,J., Nusbaum,C., Birren,B.",2007,2008-09-30,ssRNA(+)
FJ205882,dengue virus type I,Orthoflavivirus denguei,,DENV-1/VN/BID-V1693/2007,10684,complete,Viet Nam: South,Homo sapiens,blood,"Henn,M.R., Young,S., Kodira,C., Koehrsen,M., Jaffe,D., Berlin,A., Heiman,D., Hepburn,T., Sykes,S., Borenstein,D., Engels,R., Freedman,E., Gellesch,M., Howarth,C., Jen,D., Larson,L., Lewis,B., Montgomery,P., Park,D., Pearson,M., Richards,J., Roberts,A., Sisk,P., Stolte,C., White,J., Zeng,Q., Yandava,C., Oleary,S., Alvarado,L., Alvarez,P., Brockman,W., Butler,J., Gnerre,S., Grabherr,M., Kleber,M., Mauceli,E., MacCallum,I., Vu,H.T., Nguyen,Q.H., Nguyen,Q.T., Duong,P.H., Le,P.T., Duong,K.H., Nguyen,T.T.H., Hoang,L.T., Simmons,C.P., Lander,E., Galagan,J., Nusbaum,C., Birren,B.",2007,2008-09-30,ssRNA(+)
FJ205883,dengue virus type I,Orthoflavivirus denguei,,DENV-1/VN/BID-V1694/2007,10690,complete,Viet Nam: South,Homo sapiens,blood,"Henn,M.R., Young,S., Kodira,C., Koehrsen,M., Jaffe,D., Berlin,A., Heiman,D., Hepburn,T., Sykes,S., Borenstein,D., Engels,R., Freedman,E., Gellesch,M., Howarth,C., Jen,D., Larson,L., Lewis,B., Montgomery,P., Park,D., Pearson,M., Richards,J., Roberts,A., Sisk,P., Stolte,C., White,J., Zeng,Q., Yandava,C., Oleary,S., Alvarado,L., Alvarez,P., Brockman,W., Butler,J., Gnerre,S., Grabherr,M., Kleber,M., Mauceli,E., MacCallum,I., Vu,H.T., Nguyen,Q.H., Nguyen,Q.T., Duong,P.H., Le,P.T., Duong,K.H., Nguyen,T.T.H., Hoang,L.T., Simmons,C.P., Lander,E., Galagan,J., Nusbaum,C., Birren,B.",2007,2008-09-30,ssRNA(+)
FJ205884,dengue virus type I,Orthoflavivirus denguei,,DENV-1/VN/BID-V1698/2007,10690,complete,Viet Nam: South,Homo sapiens,blood,"Henn,M.R., Young,S., Kodira,C., Koehrsen,M., Jaffe,D., Berlin,A., Heiman,D., Hepburn,T., Sykes,S., Borenstein,D., Engels,R., Freedman,E., Gellesch,M., Howarth,C., Jen,D., Larson,L., Lewis,B., Montgomery,P., Park,D., Pearson,M., Richards,J., Roberts,A., Sisk,P., Stolte,C., White,J., Zeng,Q., Yandava,C., Oleary,S., Alvarado,L., Alvarez,P., Brockman,W., Butler,J., Gnerre,S., Grabherr,M., Kleber,M., Mauceli,E., MacCallum,I., Vu,H.T., Nguyen,Q.H., Nguyen,Q.T., Duong,P.H., Le,P.T., Duong,K.H., Nguyen,T.T.H., Hoang,L.T., Simmons,C.P., Lander,E., Galagan,J., Nusbaum,C., Birren,B.",2007,2008-09-30,ssRNA(+)
FM210204,Dengue virus type 2,Orthoflavivirus denguei,,MD903,10559,complete,Viet Nam:South,Homo sapiens,blood,"Hang,V.T.T., Edward,H.C., Quyen,N.T.H., Hien,T.T., Quail,M., Churcher,C., Parkhill,J., Farrar,J., Wills,B., Lennon,N., Henn,M., Simmons,C.P., Aslett,M.A.",2003,2008-09-13,ssRNA(+)
FM210205,Dengue virus type 2,Orthoflavivirus denguei,,MD1533,10691,complete,Viet Nam:South,Homo sapiens,blood,"Hang,V.T.T., Edward,H.C., Quyen,N.T.H., Hien,T.T., Quail,M., Churcher,C., Parkhill,J., Farrar,J., Wills,B., Lennon,N., Henn,M., Simmons,C.P., Aslett,M.A.",2005,2008-09-13,ssRNA(+)
FM210206,Dengue virus type 2,Orthoflavivirus denguei,,MD1600,10691,complete,Viet Nam:South,Homo sapiens,blood,"Hang,V.T.T., Edward,H.C., Quyen,N.T.H., Hien,T.T., Quail,M., Churcher,C., Parkhill,J., Farrar,J., Wills,B., Lennon,N., Henn,M., Simmons,C.P., Aslett,M.A.",2005,2008-09-13,ssRNA(+)
FM210207,Dengue virus type 2,Orthoflavivirus denguei,,MD1619,10691,complete,Viet Nam:South,Homo sapiens,blood,"Hang,V.T.T., Edward,H.C., Quyen,N.T.H., Hien,T.T., Quail,M., Churcher,C., Parkhill,J., Farrar,J., Wills,B., Lennon,N., Henn,M., Simmons,C.P., Aslett,M.A.",2005,2008-09-13,ssRNA(+)
FM210212,Dengue virus type 2,Orthoflavivirus denguei,,MD902,10486,complete,Viet Nam:South,Homo sapiens,blood,"Hang,V.T.T., Edward,H.C., Quyen,N.T.H., Hien,T.T., Quail,M., Churcher,C., Parkhill,J., Farrar,J., Wills,B., Lennon,N., Henn,M., Simmons,C.P., Aslett,M.A.",2003,2008-09-13,ssRNA(+)
FM210213,Dengue virus type 2,Orthoflavivirus denguei,,MD1504,10694,complete,Viet Nam:South,Homo sapiens,blood,"Hang,V.T.T., Edward,H.C., Quyen,N.T.H., Hien,T.T., Quail,M., Churcher,C., Parkhill,J., Farrar,J., Wills,B., Lennon,N., Henn,M., Simmons,C.P., Aslett,M.A.",2005,2008-09-13,ssRNA(+)
FM210215,Dengue virus type 2,Orthoflavivirus denguei,,DF380,10685,complete,Viet Nam:South,Homo sapiens,blood,"Hang,V.T.T., Edward,H.C., Quyen,N.T.H., Hien,T.T., Quail,M., Churcher,C., Parkhill,J., Farrar,J., Wills,B., Lennon,N., Henn,M., Simmons,C.P., Aslett,M.A.",2004,2008-09-13,ssRNA(+)
FM210216,Dengue virus type 2,Orthoflavivirus denguei,,DF401,10685,complete,Viet Nam:South,Homo sapiens,blood,"Hang,V.T.T., Edward,H.C., Quyen,N.T.H., Hien,T.T., Quail,M., Churcher,C., Parkhill,J., Farrar,J., Wills,B., Lennon,N., Henn,M., Simmons,C.P., Aslett,M.A.",2004,2008-09-13,ssRNA(+)
FM210217,Dengue virus type 2,Orthoflavivirus denguei,,DF404,10685,complete,Viet Nam:South,Homo sapiens,blood,"Hang,V.T.T., Edward,H.C., Quyen,N.T.H., Hien,T.T., Quail,M., Churcher,C., Parkhill,J., Farrar,J., Wills,B., Lennon,N., Henn,M., Simmons,C.P., Aslett,M.A.",1999,2008-09-13,ssRNA(+)
FM210224,Dengue virus type 2,Orthoflavivirus denguei,,MD518,10689,complete,Viet Nam:South,Homo sapiens,blood,"Hang,V.T.T., Edward,H.C., Quyen,N.T.H., Hien,T.T., Quail,M., Churcher,C., Parkhill,J., Farrar,J., Wills,B., Lennon,N., Henn,M., Simmons,C.P., Aslett,M.A.",2001,2008-09-13,ssRNA(+)
FM210225,Dengue virus type 2,Orthoflavivirus denguei,,MD594,10684,complete,Viet Nam:South,Homo sapiens,blood,"Hang,V.T.T., Edward,H.C., Quyen,N.T.H., Hien,T.T., Quail,M., Churcher,C., Parkhill,J., Farrar,J., Wills,B., Lennon,N., Henn,M., Simmons,C.P., Aslett,M.A.",2001,2008-09-13,ssRNA(+)
FM210226,Dengue virus type 2,Orthoflavivirus denguei,,MD861,10685,complete,Viet Nam:South,Homo sapiens,blood,"Hang,V.T.T., Edward,H.C., Quyen,N.T.H., Hien,T.T., Quail,M., Churcher,C., Parkhill,J., Farrar,J., Wills,B., Lennon,N., Henn,M., Simmons,C.P., Aslett,M.A.",2002,2008-09-13,ssRNA(+)
FM210227,Dengue virus type 2,Orthoflavivirus denguei,,MD863,10685,complete,Viet Nam:South,Homo sapiens,blood,"Hang,V.T.T., Edward,H.C., Quyen,N.T.H., Hien,T.T., Quail,M., Churcher,C., Parkhill,J., Farrar,J., Wills,B., Lennon,N., Henn,M., Simmons,C.P., Aslett,M.A.",2002,2008-09-13,ssRNA(+)
FM210228,Dengue virus type 2,Orthoflavivirus denguei,,MD917,10685,complete,Viet Nam:South,Homo sapiens,blood,"Hang,V.T.T., Edward,H.C., Quyen,N.T.H., Hien,T.T., Quail,M., Churcher,C., Parkhill,J., Farrar,J., Wills,B., Lennon,N., Henn,M., Simmons,C.P., Aslett,M.A.",2003,2008-09-13,ssRNA(+)
FM210229,Dengue virus type 2,Orthoflavivirus denguei,,MD919,10392,complete,Viet Nam:South,Homo sapiens,blood,"Hang,V.T.T., Edward,H.C., Quyen,N.T.H., Hien,T.T., Quail,M., Churcher,C., Parkhill,J., Farrar,J., Wills,B., Lennon,N., Henn,M., Simmons,C.P., Aslett,M.A.",2003,2008-09-13,ssRNA(+)
FM210230,Dengue virus type 2,Orthoflavivirus denguei,,MD944,10687,complete,Viet Nam:South,Homo sapiens,blood,"Hang,V.T.T., Edward,H.C., Quyen,N.T.H., Hien,T.T., Quail,M., Churcher,C., Parkhill,J., Farrar,J., Wills,B., Lennon,N., Henn,M., Simmons,C.P., Aslett,M.A.",2003,2008-09-13,ssRNA(+)
FM210231,Dengue virus type 2,Orthoflavivirus denguei,,MD1240,10685,complete,Viet Nam:South,Homo sapiens,blood,"Hang,V.T.T., Edward,H.C., Quyen,N.T.H., Hien,T.T., Quail,M., Churcher,C., Parkhill,J., Farrar,J., Wills,B., Lennon,N., Henn,M., Simmons,C.P., Aslett,M.A.",2004,2008-09-13,ssRNA(+)
FM210232,Dengue virus type 2,Orthoflavivirus denguei,,MD1270,10685,complete,Viet Nam:South,Homo sapiens,blood,"Hang,V.T.T., Edward,H.C., Quyen,N.T.H., Hien,T.T., Quail,M., Churcher,C., Parkhill,J., Farrar,J., Wills,B., Lennon,N., Henn,M., Simmons,C.P., Aslett,M.A.",2004,2008-09-13,ssRNA(+)
FM210233,Dengue virus type 2,Orthoflavivirus denguei,,MD1272,10685,complete,Viet Nam:South,Homo sapiens,blood,"Hang,V.T.T., Edward,H.C., Quyen,N.T.H., Hien,T.T., Quail,M., Churcher,C., Parkhill,J., Farrar,J., Wills,B., Lennon,N., Henn,M., Simmons,C.P., Aslett,M.A.",2004,2008-09-13,ssRNA(+)
FM210234,Dengue virus type 2,Orthoflavivirus denguei,,MD1366,10685,complete,Viet Nam:South,Homo sapiens,blood,"Hang,V.T.T., Edward,H.C., Quyen,N.T.H., Hien,T.T., Quail,M., Churcher,C., Parkhill,J., Farrar,J., Wills,B., Lennon,N., Henn,M., Simmons,C.P., Aslett,M.A.",2004,2008-09-13,ssRNA(+)
FM210235,Dengue virus type 2,Orthoflavivirus denguei,,MD1515,10652,complete,Viet Nam:South,Homo sapiens,blood,"Hang,V.T.T., Edward,H.C., Quyen,N.T.H., Hien,T.T., Quail,M., Churcher,C., Parkhill,J., Farrar,J., Wills,B., Lennon,N., Henn,M., Simmons,C.P., Aslett,M.A.",2005,2008-09-13,ssRNA(+)
FM210238,Dengue virus type 2,Orthoflavivirus denguei,,MD510,10659,complete,Viet Nam:South,Homo sapiens,blood,"Hang,V.T.T., Edward,H.C., Quyen,N.T.H., Hien,T.T., Quail,M., Churcher,C., Parkhill,J., Farrar,J., Wills,B., Lennon,N., Henn,M., Simmons,C.P., Aslett,M.A.",2001,2008-09-13,ssRNA(+)
FM210239,Dengue virus type 2,Orthoflavivirus denguei,,MD1244,10672,complete,Viet Nam:South,Homo sapiens,blood,"Hang,V.T.T., Edward,H.C., Quyen,N.T.H., Hien,T.T., Quail,M., Churcher,C., Parkhill,J., Farrar,J., Wills,B., Lennon,N., Henn,M., Simmons,C.P., Aslett,M.A.",2004,2008-09-13,ssRNA(+)
FM210241,Dengue virus type 2,Orthoflavivirus denguei,,MD1275,10611,complete,Viet Nam:South,Homo sapiens,blood,"Hang,V.T.T., Edward,H.C., Quyen,N.T.H., Hien,T.T., Quail,M., Churcher,C., Parkhill,J., Farrar,J., Wills,B., Lennon,N., Henn,M., Simmons,C.P., Aslett,M.A.",2004,2008-09-13,ssRNA(+)
FM210242,Dengue virus type 2,Orthoflavivirus denguei,,MD1279,10690,complete,Viet Nam:South,Homo sapiens,blood,"Hang,V.T.T., Edward,H.C., Quyen,N.T.H., Hien,T.T., Quail,M., Churcher,C., Parkhill,J., Farrar,J., Wills,B., Lennon,N., Henn,M., Simmons,C.P., Aslett,M.A.",2004,2008-09-13,ssRNA(+)
FM210243,Dengue virus type 2,Orthoflavivirus denguei,,MD1280,10604,complete,Viet Nam:South,Homo sapiens,blood,"Hang,V.T.T., Edward,H.C., Quyen,N.T.H., Hien,T.T., Quail,M., Churcher,C., Parkhill,J., Farrar,J., Wills,B., Lennon,N., Henn,M., Simmons,C.P., Aslett,M.A.",2004,2008-09-13,ssRNA(+)
FM210244,Dengue virus type 2,Orthoflavivirus denguei,,MD1284,10683,complete,Viet Nam:South,Homo sapiens,blood,"Hang,V.T.T., Edward,H.C., Quyen,N.T.H., Hien,T.T., Quail,M., Churcher,C., Parkhill,J., Farrar,J., Wills,B., Lennon,N., Henn,M., Simmons,C.P., Aslett,M.A.",2004,2008-09-13,ssRNA(+)
FM210245,Dengue virus type 2,Orthoflavivirus denguei,,MD1520,10673,complete,Viet Nam:South,Homo sapiens,blood,"Hang,V.T.T., Edward,H.C., Quyen,N.T.H., Hien,T.T., Quail,M., Churcher,C., Parkhill,J., Farrar,J., Wills,B., Lennon,N., Henn,M., Simmons,C.P., Aslett,M.A.",2005,2008-09-13,ssRNA(+)
FM210246,Dengue virus type 2,Orthoflavivirus denguei,,MD1618,10614,complete,Viet Nam:South,Homo sapiens,blood,"Hang,V.T.T., Edward,H.C., Quyen,N.T.H., Hien,T.T., Quail,M., Churcher,C., Parkhill,J., Farrar,J., Wills,B., Lennon,N., Henn,M., Simmons,C.P., Aslett,M.A.",2005,2008-09-13,ssRNA(+)
FJ024425,dengue virus type I,Orthoflavivirus denguei,,DENV-1/VN/BID-V1565/2007,10690,complete,Viet Nam: South,Homo sapiens,blood,"Henn,M.R., Young,S., Kodira,C., Koehrsen,M., Jaffe,D., Berlin,A., Heiman,D., Hepburn,T., Sykes,S., Borenstein,D., Engels,R., Freedman,E., Gellesch,M., Howarth,C., Jen,D., Larson,L., Lewis,B., Montgomery,P., Park,D., Pearson,M., Richards,J., Roberts,A., Sisk,P., Stolte,C., White,J., Zeng,Q., Yandava,C., Oleary,S., Alvarado,L., Alvarez,P., Brockman,W., Butler,J., Gnerre,S., Grabherr,M., Kleber,M., Mauceli,E., MacCallum,I., Vu,H.T., Nguyen,Q.H., Nguyen,Q.T., Duong,P.H., Le,P.T., Duong,K.H., Nguyen,T.T.H., Hoang,L.T., Simmons,C.P., Lander,E., Galagan,J., Nusbaum,C., Birren,B.",2007,2008-09-01,ssRNA(+)
FJ024426,dengue virus type I,Orthoflavivirus denguei,,DENV-1/VN/BID-V1566/2007,10690,complete,Viet Nam: South,Homo sapiens,blood,"Henn,M.R., Young,S., Kodira,C., Koehrsen,M., Jaffe,D., Berlin,A., Heiman,D., Hepburn,T., Sykes,S., Borenstein,D., Engels,R., Freedman,E., Gellesch,M., Howarth,C., Jen,D., Larson,L., Lewis,B., Montgomery,P., Park,D., Pearson,M., Richards,J., Roberts,A., Sisk,P., Stolte,C., White,J., Zeng,Q., Yandava,C., Oleary,S., Alvarado,L., Alvarez,P., Brockman,W., Butler,J., Gnerre,S., Grabherr,M., Kleber,M., Mauceli,E., MacCallum,I., Vu,H.T., Nguyen,Q.H., Nguyen,Q.T., Duong,P.H., Le,P.T., Duong,K.H., Nguyen,T.T.H., Hoang,L.T., Simmons,C.P., Lander,E., Galagan,J., Nusbaum,C., Birren,B.",2007,2008-09-01,ssRNA(+)
FJ024427,dengue virus type I,Orthoflavivirus denguei,,DENV-1/VN/BID-V1567/2007,10690,complete,Viet Nam: South,Homo sapiens,blood,"Henn,M.R., Young,S., Kodira,C., Koehrsen,M., Jaffe,D., Berlin,A., Heiman,D., Hepburn,T., Sykes,S., Borenstein,D., Engels,R., Freedman,E., Gellesch,M., Howarth,C., Jen,D., Larson,L., Lewis,B., Montgomery,P., Park,D., Pearson,M., Richards,J., Roberts,A., Sisk,P., Stolte,C., White,J., Zeng,Q., Yandava,C., Oleary,S., Alvarado,L., Alvarez,P., Brockman,W., Butler,J., Gnerre,S., Grabherr,M., Kleber,M., Mauceli,E., MacCallum,I., Vu,H.T., Nguyen,Q.H., Nguyen,Q.T., Duong,P.H., Le,P.T., Duong,K.H., Nguyen,T.T.H., Hoang,L.T., Simmons,C.P., Lander,E., Galagan,J., Nusbaum,C., Birren,B.",2007,2008-09-01,ssRNA(+)
FJ024428,dengue virus type I,Orthoflavivirus denguei,,DENV-1/VN/BID-V1568/2007,10690,complete,Viet Nam: South,Homo sapiens,blood,"Henn,M.R., Young,S., Kodira,C., Koehrsen,M., Jaffe,D., Berlin,A., Heiman,D., Hepburn,T., Sykes,S., Borenstein,D., Engels,R., Freedman,E., Gellesch,M., Howarth,C., Jen,D., Larson,L., Lewis,B., Montgomery,P., Park,D., Pearson,M., Richards,J., Roberts,A., Sisk,P., Stolte,C., White,J., Zeng,Q., Yandava,C., Oleary,S., Alvarado,L., Alvarez,P., Brockman,W., Butler,J., Gnerre,S., Grabherr,M., Kleber,M., Mauceli,E., MacCallum,I., Vu,H.T., Nguyen,Q.H., Nguyen,Q.T., Duong,P.H., Le,P.T., Duong,K.H., Nguyen,T.T.H., Hoang,L.T., Simmons,C.P., Lander,E., Galagan,J., Nusbaum,C., Birren,B.",2007,2008-09-01,ssRNA(+)
FJ024429,dengue virus type I,Orthoflavivirus denguei,,DENV-1/VN/BID-V1569/2007,10690,complete,Viet Nam: South,Homo sapiens,blood,"Henn,M.R., Young,S., Kodira,C., Koehrsen,M., Jaffe,D., Berlin,A., Heiman,D., Hepburn,T., Sykes,S., Borenstein,D., Engels,R., Freedman,E., Gellesch,M., Howarth,C., Jen,D., Larson,L., Lewis,B., Montgomery,P., Park,D., Pearson,M., Richards,J., Roberts,A., Sisk,P., Stolte,C., White,J., Zeng,Q., Yandava,C., Oleary,S., Alvarado,L., Alvarez,P., Brockman,W., Butler,J., Gnerre,S., Grabherr,M., Kleber,M., Mauceli,E., MacCallum,I., Vu,H.T., Nguyen,Q.H., Nguyen,Q.T., Duong,P.H., Le,P.T., Duong,K.H., Nguyen,T.T.H., Hoang,L.T., Simmons,C.P., Lander,E., Galagan,J., Nusbaum,C., Birren,B.",2007,2008-09-01,ssRNA(+)
FJ024430,dengue virus type I,Orthoflavivirus denguei,,DENV-1/VN/BID-V1570/2007,10690,complete,Viet Nam: South,Homo sapiens,blood,"Henn,M.R., Young,S., Kodira,C., Koehrsen,M., Jaffe,D., Berlin,A., Heiman,D., Hepburn,T., Sykes,S., Borenstein,D., Engels,R., Freedman,E., Gellesch,M., Howarth,C., Jen,D., Larson,L., Lewis,B., Montgomery,P., Park,D., Pearson,M., Richards,J., Roberts,A., Sisk,P., Stolte,C., White,J., Zeng,Q., Yandava,C., Oleary,S., Alvarado,L., Alvarez,P., Brockman,W., Butler,J., Gnerre,S., Grabherr,M., Kleber,M., Mauceli,E., MacCallum,I., Vu,H.T., Nguyen,Q.H., Nguyen,Q.T., Duong,P.H., Le,P.T., Duong,K.H., Nguyen,T.T.H., Hoang,L.T., Simmons,C.P., Lander,E., Galagan,J., Nusbaum,C., Birren,B.",2007,2008-09-01,ssRNA(+)
FJ024431,dengue virus type I,Orthoflavivirus denguei,,DENV-1/VN/BID-V1571/2007,10690,complete,Viet Nam: South,Homo sapiens,blood,"Henn,M.R., Young,S., Kodira,C., Koehrsen,M., Jaffe,D., Berlin,A., Heiman,D., Hepburn,T., Sykes,S., Borenstein,D., Engels,R., Freedman,E., Gellesch,M., Howarth,C., Jen,D., Larson,L., Lewis,B., Montgomery,P., Park,D., Pearson,M., Richards,J., Roberts,A., Sisk,P., Stolte,C., White,J., Zeng,Q., Yandava,C., Oleary,S., Alvarado,L., Alvarez,P., Brockman,W., Butler,J., Gnerre,S., Grabherr,M., Kleber,M., Mauceli,E., MacCallum,I., Vu,H.T., Nguyen,Q.H., Nguyen,Q.T., Duong,P.H., Le,P.T., Duong,K.H., Nguyen,T.T.H., Hoang,L.T., Simmons,C.P., Lander,E., Galagan,J., Nusbaum,C., Birren,B.",2007,2008-09-01,ssRNA(+)
FJ024432,dengue virus type I,Orthoflavivirus denguei,,DENV-1/VN/BID-V1572/2007,10689,complete,Viet Nam: South,Homo sapiens,blood,"Henn,M.R., Young,S., Kodira,C., Koehrsen,M., Jaffe,D., Berlin,A., Heiman,D., Hepburn,T., Sykes,S., Borenstein,D., Engels,R., Freedman,E., Gellesch,M., Howarth,C., Jen,D., Larson,L., Lewis,B., Montgomery,P., Park,D., Pearson,M., Richards,J., Roberts,A., Sisk,P., Stolte,C., White,J., Zeng,Q., Yandava,C., Oleary,S., Alvarado,L., Alvarez,P., Brockman,W., Butler,J., Gnerre,S., Grabherr,M., Kleber,M., Mauceli,E., MacCallum,I., Vu,H.T., Nguyen,Q.H., Nguyen,Q.T., Duong,P.H., Le,P.T., Duong,K.H., Nguyen,T.T.H., Hoang,L.T., Simmons,C.P., Lander,E., Galagan,J., Nusbaum,C., Birren,B.",2007,2008-09-01,ssRNA(+)
FJ024433,dengue virus type I,Orthoflavivirus denguei,,DENV-1/VN/BID-V1573/2007,10690,complete,Viet Nam: South,Homo sapiens,blood,"Henn,M.R., Young,S., Kodira,C., Koehrsen,M., Jaffe,D., Berlin,A., Heiman,D., Hepburn,T., Sykes,S., Borenstein,D., Engels,R., Freedman,E., Gellesch,M., Howarth,C., Jen,D., Larson,L., Lewis,B., Montgomery,P., Park,D., Pearson,M., Richards,J., Roberts,A., Sisk,P., Stolte,C., White,J., Zeng,Q., Yandava,C., Oleary,S., Alvarado,L., Alvarez,P., Brockman,W., Butler,J., Gnerre,S., Grabherr,M., Kleber,M., Mauceli,E., MacCallum,I., Vu,H.T., Nguyen,Q.H., Nguyen,Q.T., Duong,P.H., Le,P.T., Duong,K.H., Nguyen,T.T.H., Hoang,L.T., Simmons,C.P., Lander,E., Galagan,J., Nusbaum,C., Birren,B.",2007,2008-09-01,ssRNA(+)
FJ024434,dengue virus type I,Orthoflavivirus denguei,,DENV-1/VN/BID-V1574/2007,10690,complete,Viet Nam: South,Homo sapiens,blood,"Henn,M.R., Young,S., Kodira,C., Koehrsen,M., Jaffe,D., Berlin,A., Heiman,D., Hepburn,T., Sykes,S., Borenstein,D., Engels,R., Freedman,E., Gellesch,M., Howarth,C., Jen,D., Larson,L., Lewis,B., Montgomery,P., Park,D., Pearson,M., Richards,J., Roberts,A., Sisk,P., Stolte,C., White,J., Zeng,Q., Yandava,C., Oleary,S., Alvarado,L., Alvarez,P., Brockman,W., Butler,J., Gnerre,S., Grabherr,M., Kleber,M., Mauceli,E., MacCallum,I., Vu,H.T., Nguyen,Q.H., Nguyen,Q.T., Duong,P.H., Le,P.T., Duong,K.H., Nguyen,T.T.H., Hoang,L.T., Simmons,C.P., Lander,E., Galagan,J., Nusbaum,C., Birren,B.",2007,2008-09-01,ssRNA(+)
FJ024435,dengue virus type I,Orthoflavivirus denguei,,DENV-1/VN/BID-V1575/2007,10690,complete,Viet Nam: South,Homo sapiens,blood,"Henn,M.R., Young,S., Kodira,C., Koehrsen,M., Jaffe,D., Berlin,A., Heiman,D., Hepburn,T., Sykes,S., Borenstein,D., Engels,R., Freedman,E., Gellesch,M., Howarth,C., Jen,D., Larson,L., Lewis,B., Montgomery,P., Park,D., Pearson,M., Richards,J., Roberts,A., Sisk,P., Stolte,C., White,J., Zeng,Q., Yandava,C., Oleary,S., Alvarado,L., Alvarez,P., Brockman,W., Butler,J., Gnerre,S., Grabherr,M., Kleber,M., Mauceli,E., MacCallum,I., Vu,H.T., Nguyen,Q.H., Nguyen,Q.T., Duong,P.H., Le,P.T., Duong,K.H., Nguyen,T.T.H., Hoang,L.T., Simmons,C.P., Lander,E., Galagan,J., Nusbaum,C., Birren,B.",2007,2008-09-01,ssRNA(+)
FJ024436,dengue virus type I,Orthoflavivirus denguei,,DENV-1/VN/BID-V1576/2007,10690,complete,Viet Nam: South,Homo sapiens,blood,"Henn,M.R., Young,S., Kodira,C., Koehrsen,M., Jaffe,D., Berlin,A., Heiman,D., Hepburn,T., Sykes,S., Borenstein,D., Engels,R., Freedman,E., Gellesch,M., Howarth,C., Jen,D., Larson,L., Lewis,B., Montgomery,P., Park,D., Pearson,M., Richards,J., Roberts,A., Sisk,P., Stolte,C., White,J., Zeng,Q., Yandava,C., Oleary,S., Alvarado,L., Alvarez,P., Brockman,W., Butler,J., Gnerre,S., Grabherr,M., Kleber,M., Mauceli,E., MacCallum,I., Vu,H.T., Nguyen,Q.H., Nguyen,Q.T., Duong,P.H., Le,P.T., Duong,K.H., Nguyen,T.T.H., Hoang,L.T., Simmons,C.P., Lander,E., Galagan,J., Nusbaum,C., Birren,B.",2007,2008-09-01,ssRNA(+)
FJ024437,dengue virus type I,Orthoflavivirus denguei,,DENV-1/VN/BID-V1577/2007,10690,complete,Viet Nam: South,Homo sapiens,blood,"Henn,M.R., Young,S., Kodira,C., Koehrsen,M., Jaffe,D., Berlin,A., Heiman,D., Hepburn,T., Sykes,S., Borenstein,D., Engels,R., Freedman,E., Gellesch,M., Howarth,C., Jen,D., Larson,L., Lewis,B., Montgomery,P., Park,D., Pearson,M., Richards,J., Roberts,A., Sisk,P., Stolte,C., White,J., Zeng,Q., Yandava,C., Oleary,S., Alvarado,L., Alvarez,P., Brockman,W., Butler,J., Gnerre,S., Grabherr,M., Kleber,M., Mauceli,E., MacCallum,I., Vu,H.T., Nguyen,Q.H., Nguyen,Q.T., Duong,P.H., Le,P.T., Duong,K.H., Nguyen,T.T.H., Hoang,L.T., Simmons,C.P., Lander,E., Galagan,J., Nusbaum,C., Birren,B.",2007,2008-09-01,ssRNA(+)
FJ024438,dengue virus type I,Orthoflavivirus denguei,,DENV-1/VN/BID-V1579/2007,10690,complete,Viet Nam: South,Homo sapiens,blood,"Henn,M.R., Young,S., Kodira,C., Koehrsen,M., Jaffe,D., Berlin,A., Heiman,D., Hepburn,T., Sykes,S., Borenstein,D., Engels,R., Freedman,E., Gellesch,M., Howarth,C., Jen,D., Larson,L., Lewis,B., Montgomery,P., Park,D., Pearson,M., Richards,J., Roberts,A., Sisk,P., Stolte,C., White,J., Zeng,Q., Yandava,C., Oleary,S., Alvarado,L., Alvarez,P., Brockman,W., Butler,J., Gnerre,S., Grabherr,M., Kleber,M., Mauceli,E., MacCallum,I., Vu,H.T., Nguyen,Q.H., Nguyen,Q.T., Duong,P.H., Le,P.T., Duong,K.H., Nguyen,T.T.H., Hoang,L.T., Simmons,C.P., Lander,E., Galagan,J., Nusbaum,C., Birren,B.",2007,2008-09-01,ssRNA(+)
FJ024439,dengue virus type I,Orthoflavivirus denguei,,DENV-1/VN/BID-V1580/2007,10690,complete,Viet Nam: South,Homo sapiens,blood,"Henn,M.R., Young,S., Kodira,C., Koehrsen,M., Jaffe,D., Berlin,A., Heiman,D., Hepburn,T., Sykes,S., Borenstein,D., Engels,R., Freedman,E., Gellesch,M., Howarth,C., Jen,D., Larson,L., Lewis,B., Montgomery,P., Park,D., Pearson,M., Richards,J., Roberts,A., Sisk,P., Stolte,C., White,J., Zeng,Q., Yandava,C., Oleary,S., Alvarado,L., Alvarez,P., Brockman,W., Butler,J., Gnerre,S., Grabherr,M., Kleber,M., Mauceli,E., MacCallum,I., Vu,H.T., Nguyen,Q.H., Nguyen,Q.T., Duong,P.H., Le,P.T., Duong,K.H., Nguyen,T.T.H., Hoang,L.T., Simmons,C.P., Lander,E., Galagan,J., Nusbaum,C., Birren,B.",2007,2008-09-01,ssRNA(+)
FJ024440,dengue virus type I,Orthoflavivirus denguei,,DENV-1/VN/BID-V1581/2007,10690,complete,Viet Nam: South,Homo sapiens,blood,"Henn,M.R., Young,S., Kodira,C., Koehrsen,M., Jaffe,D., Berlin,A., Heiman,D., Hepburn,T., Sykes,S., Borenstein,D., Engels,R., Freedman,E., Gellesch,M., Howarth,C., Jen,D., Larson,L., Lewis,B., Montgomery,P., Park,D., Pearson,M., Richards,J., Roberts,A., Sisk,P., Stolte,C., White,J., Zeng,Q., Yandava,C., Oleary,S., Alvarado,L., Alvarez,P., Brockman,W., Butler,J., Gnerre,S., Grabherr,M., Kleber,M., Mauceli,E., MacCallum,I., Vu,H.T., Nguyen,Q.H., Nguyen,Q.T., Duong,P.H., Le,P.T., Duong,K.H., Nguyen,T.T.H., Hoang,L.T., Simmons,C.P., Lander,E., Galagan,J., Nusbaum,C., Birren,B.",2007,2008-09-01,ssRNA(+)
FJ024441,dengue virus type I,Orthoflavivirus denguei,,DENV-1/VN/BID-V1582/2007,10690,complete,Viet Nam: South,Homo sapiens,blood,"Henn,M.R., Young,S., Kodira,C., Koehrsen,M., Jaffe,D., Berlin,A., Heiman,D., Hepburn,T., Sykes,S., Borenstein,D., Engels,R., Freedman,E., Gellesch,M., Howarth,C., Jen,D., Larson,L., Lewis,B., Montgomery,P., Park,D., Pearson,M., Richards,J., Roberts,A., Sisk,P., Stolte,C., White,J., Zeng,Q., Yandava,C., Oleary,S., Alvarado,L., Alvarez,P., Brockman,W., Butler,J., Gnerre,S., Grabherr,M., Kleber,M., Mauceli,E., MacCallum,I., Vu,H.T., Nguyen,Q.H., Nguyen,Q.T., Duong,P.H., Le,P.T., Duong,K.H., Nguyen,T.T.H., Hoang,L.T., Simmons,C.P., Lander,E., Galagan,J., Nusbaum,C., Birren,B.",2007,2008-09-01,ssRNA(+)
FJ024442,dengue virus type I,Orthoflavivirus denguei,,DENV-1/VN/BID-V1583/2007,10690,complete,Viet Nam: South,Homo sapiens,blood,"Henn,M.R., Young,S., Kodira,C., Koehrsen,M., Jaffe,D., Berlin,A., Heiman,D., Hepburn,T., Sykes,S., Borenstein,D., Engels,R., Freedman,E., Gellesch,M., Howarth,C., Jen,D., Larson,L., Lewis,B., Montgomery,P., Park,D., Pearson,M., Richards,J., Roberts,A., Sisk,P., Stolte,C., White,J., Zeng,Q., Yandava,C., Oleary,S., Alvarado,L., Alvarez,P., Brockman,W., Butler,J., Gnerre,S., Grabherr,M., Kleber,M., Mauceli,E., MacCallum,I., Vu,H.T., Nguyen,Q.H., Nguyen,Q.T., Duong,P.H., Le,P.T., Duong,K.H., Nguyen,T.T.H., Hoang,L.T., Simmons,C.P., Lander,E., Galagan,J., Nusbaum,C., Birren,B.",2007,2008-09-01,ssRNA(+)
FJ024443,dengue virus type I,Orthoflavivirus denguei,,DENV-1/VN/BID-V1584/2007,10690,complete,Viet Nam: South,Homo sapiens,blood,"Henn,M.R., Young,S., Kodira,C., Koehrsen,M., Jaffe,D., Berlin,A., Heiman,D., Hepburn,T., Sykes,S., Borenstein,D., Engels,R., Freedman,E., Gellesch,M., Howarth,C., Jen,D., Larson,L., Lewis,B., Montgomery,P., Park,D., Pearson,M., Richards,J., Roberts,A., Sisk,P., Stolte,C., White,J., Zeng,Q., Yandava,C., Oleary,S., Alvarado,L., Alvarez,P., Brockman,W., Butler,J., Gnerre,S., Grabherr,M., Kleber,M., Mauceli,E., MacCallum,I., Vu,H.T., Nguyen,Q.H., Nguyen,Q.T., Duong,P.H., Le,P.T., Duong,K.H., Nguyen,T.T.H., Hoang,L.T., Simmons,C.P., Lander,E., Galagan,J., Nusbaum,C., Birren,B.",2007,2008-09-01,ssRNA(+)
FJ024444,dengue virus type I,Orthoflavivirus denguei,,DENV-1/VN/BID-V1628/2006,10690,complete,Viet Nam: South,Homo sapiens,blood,"Henn,M.R., Young,S., Kodira,C., Koehrsen,M., Jaffe,D., Berlin,A., Heiman,D., Hepburn,T., Sykes,S., Borenstein,D., Engels,R., Freedman,E., Gellesch,M., Howarth,C., Jen,D., Larson,L., Lewis,B., Montgomery,P., Park,D., Pearson,M., Richards,J., Roberts,A., Sisk,P., Stolte,C., White,J., Zeng,Q., Yandava,C., Oleary,S., Alvarado,L., Alvarez,P., Brockman,W., Butler,J., Gnerre,S., Grabherr,M., Kleber,M., Mauceli,E., MacCallum,I., Vu,H.T., Nguyen,Q.H., Nguyen,Q.T., Duong,P.H., Le,P.T., Duong,K.H., Nguyen,T.T.H., Hoang,L.T., Simmons,C.P., Lander,E., Galagan,J., Nusbaum,C., Birren,B.",2006,2008-09-01,ssRNA(+)
FJ024445,dengue virus type I,Orthoflavivirus denguei,,DENV-1/VN/BID-V1638/2007,10690,complete,Viet Nam: South,Homo sapiens,blood,"Henn,M.R., Young,S., Kodira,C., Koehrsen,M., Jaffe,D., Berlin,A., Heiman,D., Hepburn,T., Sykes,S., Borenstein,D., Engels,R., Freedman,E., Gellesch,M., Howarth,C., Jen,D., Larson,L., Lewis,B., Montgomery,P., Park,D., Pearson,M., Richards,J., Roberts,A., Sisk,P., Stolte,C., White,J., Zeng,Q., Yandava,C., Oleary,S., Alvarado,L., Alvarez,P., Brockman,W., Butler,J., Gnerre,S., Grabherr,M., Kleber,M., Mauceli,E., MacCallum,I., Vu,H.T., Nguyen,Q.H., Nguyen,Q.T., Duong,P.H., Le,P.T., Duong,K.H., Nguyen,T.T.H., Hoang,L.T., Simmons,C.P., Lander,E., Galagan,J., Nusbaum,C., Birren,B.",2007,2008-09-01,ssRNA(+)
FJ024446,dengue virus type I,Orthoflavivirus denguei,,DENV-1/VN/BID-V1641/2007,10690,complete,Viet Nam: South,Homo sapiens,blood,"Henn,M.R., Young,S., Kodira,C., Koehrsen,M., Jaffe,D., Berlin,A., Heiman,D., Hepburn,T., Sykes,S., Borenstein,D., Engels,R., Freedman,E., Gellesch,M., Howarth,C., Jen,D., Larson,L., Lewis,B., Montgomery,P., Park,D., Pearson,M., Richards,J., Roberts,A., Sisk,P., Stolte,C., White,J., Zeng,Q., Yandava,C., Oleary,S., Alvarado,L., Alvarez,P., Brockman,W., Butler,J., Gnerre,S., Grabherr,M., Kleber,M., Mauceli,E., MacCallum,I., Vu,H.T., Nguyen,Q.H., Nguyen,Q.T., Duong,P.H., Le,P.T., Duong,K.H., Nguyen,T.T.H., Hoang,L.T., Simmons,C.P., Lander,E., Galagan,J., Nusbaum,C., Birren,B.",2007,2008-09-01,ssRNA(+)
FJ024447,dengue virus type I,Orthoflavivirus denguei,,DENV-1/VN/BID-V1643/2007,10690,complete,Viet Nam: South,Homo sapiens,blood,"Henn,M.R., Young,S., Kodira,C., Koehrsen,M., Jaffe,D., Berlin,A., Heiman,D., Hepburn,T., Sykes,S., Borenstein,D., Engels,R., Freedman,E., Gellesch,M., Howarth,C., Jen,D., Larson,L., Lewis,B., Montgomery,P., Park,D., Pearson,M., Richards,J., Roberts,A., Sisk,P., Stolte,C., White,J., Zeng,Q., Yandava,C., Oleary,S., Alvarado,L., Alvarez,P., Brockman,W., Butler,J., Gnerre,S., Grabherr,M., Kleber,M., Mauceli,E., MacCallum,I., Vu,H.T., Nguyen,Q.H., Nguyen,Q.T., Duong,P.H., Le,P.T., Duong,K.H., Nguyen,T.T.H., Hoang,L.T., Simmons,C.P., Lander,E., Galagan,J., Nusbaum,C., Birren,B.",2007,2008-09-01,ssRNA(+)
FJ024448,dengue virus type I,Orthoflavivirus denguei,,DENV-1/VN/BID-V1648/2007,10690,complete,Viet Nam: South,Homo sapiens,blood,"Henn,M.R., Young,S., Kodira,C., Koehrsen,M., Jaffe,D., Berlin,A., Heiman,D., Hepburn,T., Sykes,S., Borenstein,D., Engels,R., Freedman,E., Gellesch,M., Howarth,C., Jen,D., Larson,L., Lewis,B., Montgomery,P., Park,D., Pearson,M., Richards,J., Roberts,A., Sisk,P., Stolte,C., White,J., Zeng,Q., Yandava,C., Oleary,S., Alvarado,L., Alvarez,P., Brockman,W., Butler,J., Gnerre,S., Grabherr,M., Kleber,M., Mauceli,E., MacCallum,I., Vu,H.T., Nguyen,Q.H., Nguyen,Q.T., Duong,P.H., Le,P.T., Duong,K.H., Nguyen,T.T.H., Hoang,L.T., Simmons,C.P., Lander,E., Galagan,J., Nusbaum,C., Birren,B.",2007,2008-09-01,ssRNA(+)
FJ024449,dengue virus type I,Orthoflavivirus denguei,,DENV-1/VN/BID-V1655/2007,10690,complete,Viet Nam: South,Homo sapiens,blood,"Henn,M.R., Young,S., Kodira,C., Koehrsen,M., Jaffe,D., Berlin,A., Heiman,D., Hepburn,T., Sykes,S., Borenstein,D., Engels,R., Freedman,E., Gellesch,M., Howarth,C., Jen,D., Larson,L., Lewis,B., Montgomery,P., Park,D., Pearson,M., Richards,J., Roberts,A., Sisk,P., Stolte,C., White,J., Zeng,Q., Yandava,C., Oleary,S., Alvarado,L., Alvarez,P., Brockman,W., Butler,J., Gnerre,S., Grabherr,M., Kleber,M., Mauceli,E., MacCallum,I., Vu,H.T., Nguyen,Q.H., Nguyen,Q.T., Duong,P.H., Le,P.T., Duong,K.H., Nguyen,T.T.H., Hoang,L.T., Simmons,C.P., Lander,E., Galagan,J., Nusbaum,C., Birren,B.",2007,2008-09-01,ssRNA(+)
FJ024450,dengue virus type I,Orthoflavivirus denguei,,DENV-1/VN/BID-V1660/2007,10690,complete,Viet Nam: South,Homo sapiens,blood,"Henn,M.R., Young,S., Kodira,C., Koehrsen,M., Jaffe,D., Berlin,A., Heiman,D., Hepburn,T., Sykes,S., Borenstein,D., Engels,R., Freedman,E., Gellesch,M., Howarth,C., Jen,D., Larson,L., Lewis,B., Montgomery,P., Park,D., Pearson,M., Richards,J., Roberts,A., Sisk,P., Stolte,C., White,J., Zeng,Q., Yandava,C., Oleary,S., Alvarado,L., Alvarez,P., Brockman,W., Butler,J., Gnerre,S., Grabherr,M., Kleber,M., Mauceli,E., MacCallum,I., Vu,H.T., Nguyen,Q.H., Nguyen,Q.T., Duong,P.H., Le,P.T., Duong,K.H., Nguyen,T.T.H., Hoang,L.T., Simmons,C.P., Lander,E., Galagan,J., Nusbaum,C., Birren,B.",2007,2008-09-01,ssRNA(+)
FJ024451,dengue virus type I,Orthoflavivirus denguei,,DENV-1/VN/BID-V1665/2007,10690,complete,Viet Nam: South,Homo sapiens,blood,"Henn,M.R., Young,S., Kodira,C., Koehrsen,M., Jaffe,D., Berlin,A., Heiman,D., Hepburn,T., Sykes,S., Borenstein,D., Engels,R., Freedman,E., Gellesch,M., Howarth,C., Jen,D., Larson,L., Lewis,B., Montgomery,P., Park,D., Pearson,M., Richards,J., Roberts,A., Sisk,P., Stolte,C., White,J., Zeng,Q., Yandava,C., Oleary,S., Alvarado,L., Alvarez,P., Brockman,W., Butler,J., Gnerre,S., Grabherr,M., Kleber,M., Mauceli,E., MacCallum,I., Vu,H.T., Nguyen,Q.H., Nguyen,Q.T., Duong,P.H., Le,P.T., Duong,K.H., Nguyen,T.T.H., Hoang,L.T., Simmons,C.P., Lander,E., Galagan,J., Nusbaum,C., Birren,B.",2007,2008-09-01,ssRNA(+)
FJ024452,Dengue virus type 2,Orthoflavivirus denguei,,DENV-2/VN/BID-V1669/2007,10678,complete,Viet Nam: South,Homo sapiens,blood,"Henn,M.R., Young,S., Kodira,C., Koehrsen,M., Jaffe,D., Berlin,A., Heiman,D., Hepburn,T., Sykes,S., Borenstein,D., Engels,R., Freedman,E., Gellesch,M., Howarth,C., Jen,D., Larson,L., Lewis,B., Montgomery,P., Park,D., Pearson,M., Richards,J., Roberts,A., Sisk,P., Stolte,C., White,J., Zeng,Q., Yandava,C., Oleary,S., Alvarado,L., Alvarez,P., Brockman,W., Butler,J., Gnerre,S., Grabherr,M., Kleber,M., Mauceli,E., MacCallum,I., Vu,H.T., Nguyen,Q.H., Nguyen,Q.T., Duong,P.H., Le,P.T., Duong,K.H., Nguyen,T.T.H., Hoang,L.T., Simmons,C.P., Lander,E., Galagan,J., Nusbaum,C., Birren,B.",2007,2008-09-01,ssRNA(+)
FJ024453,dengue virus type I,Orthoflavivirus denguei,,DENV-1/VN/BID-V1672/2007,10684,complete,Viet Nam: South,Homo sapiens,blood,"Henn,M.R., Young,S., Kodira,C., Koehrsen,M., Jaffe,D., Berlin,A., Heiman,D., Hepburn,T., Sykes,S., Borenstein,D., Engels,R., Freedman,E., Gellesch,M., Howarth,C., Jen,D., Larson,L., Lewis,B., Montgomery,P., Park,D., Pearson,M., Richards,J., Roberts,A., Sisk,P., Stolte,C., White,J., Zeng,Q., Yandava,C., Oleary,S., Alvarado,L., Alvarez,P., Brockman,W., Butler,J., Gnerre,S., Grabherr,M., Kleber,M., Mauceli,E., MacCallum,I., Vu,H.T., Nguyen,Q.H., Nguyen,Q.T., Duong,P.H., Le,P.T., Duong,K.H., Nguyen,T.T.H., Hoang,L.T., Simmons,C.P., Lander,E., Galagan,J., Nusbaum,C., Birren,B.",2007,2008-09-01,ssRNA(+)
FJ024454,Dengue virus type 2,Orthoflavivirus denguei,,DENV-2/VN/BID-V1675/2007,10678,complete,Viet Nam: South,Homo sapiens,blood,"Henn,M.R., Young,S., Kodira,C., Koehrsen,M., Jaffe,D., Berlin,A., Heiman,D., Hepburn,T., Sykes,S., Borenstein,D., Engels,R., Freedman,E., Gellesch,M., Howarth,C., Jen,D., Larson,L., Lewis,B., Montgomery,P., Park,D., Pearson,M., Richards,J., Roberts,A., Sisk,P., Stolte,C., White,J., Zeng,Q., Yandava,C., Oleary,S., Alvarado,L., Alvarez,P., Brockman,W., Butler,J., Gnerre,S., Grabherr,M., Kleber,M., Mauceli,E., MacCallum,I., Vu,H.T., Nguyen,Q.H., Nguyen,Q.T., Duong,P.H., Le,P.T., Duong,K.H., Nguyen,T.T.H., Hoang,L.T., Simmons,C.P., Lander,E., Galagan,J., Nusbaum,C., Birren,B.",2007,2008-09-01,ssRNA(+)
FJ024455,dengue virus type I,Orthoflavivirus denguei,,DENV-1/VN/BID-V1676/2007,10690,complete,Viet Nam: South,Homo sapiens,blood,"Henn,M.R., Young,S., Kodira,C., Koehrsen,M., Jaffe,D., Berlin,A., Heiman,D., Hepburn,T., Sykes,S., Borenstein,D., Engels,R., Freedman,E., Gellesch,M., Howarth,C., Jen,D., Larson,L., Lewis,B., Montgomery,P., Park,D., Pearson,M., Richards,J., Roberts,A., Sisk,P., Stolte,C., White,J., Zeng,Q., Yandava,C., Oleary,S., Alvarado,L., Alvarez,P., Brockman,W., Butler,J., Gnerre,S., Grabherr,M., Kleber,M., Mauceli,E., MacCallum,I., Vu,H.T., Nguyen,Q.H., Nguyen,Q.T., Duong,P.H., Le,P.T., Duong,K.H., Nguyen,T.T.H., Hoang,L.T., Simmons,C.P., Lander,E., Galagan,J., Nusbaum,C., Birren,B.",2007,2008-09-01,ssRNA(+)
FJ024456,dengue virus type I,Orthoflavivirus denguei,,DENV-1/VN/BID-V1677/2007,10690,complete,Viet Nam: South,Homo sapiens,blood,"Henn,M.R., Young,S., Kodira,C., Koehrsen,M., Jaffe,D., Berlin,A., Heiman,D., Hepburn,T., Sykes,S., Borenstein,D., Engels,R., Freedman,E., Gellesch,M., Howarth,C., Jen,D., Larson,L., Lewis,B., Montgomery,P., Park,D., Pearson,M., Richards,J., Roberts,A., Sisk,P., Stolte,C., White,J., Zeng,Q., Yandava,C., Oleary,S., Alvarado,L., Alvarez,P., Brockman,W., Butler,J., Gnerre,S., Grabherr,M., Kleber,M., Mauceli,E., MacCallum,I., Vu,H.T., Nguyen,Q.H., Nguyen,Q.T., Duong,P.H., Le,P.T., Duong,K.H., Nguyen,T.T.H., Hoang,L.T., Simmons,C.P., Lander,E., Galagan,J., Nusbaum,C., Birren,B.",2007,2008-09-01,ssRNA(+)
FJ024457,dengue virus type I,Orthoflavivirus denguei,,DENV-1/VN/BID-V1683/2007,10690,complete,Viet Nam: South,Homo sapiens,blood,"Henn,M.R., Young,S., Kodira,C., Koehrsen,M., Jaffe,D., Berlin,A., Heiman,D., Hepburn,T., Sykes,S., Borenstein,D., Engels,R., Freedman,E., Gellesch,M., Howarth,C., Jen,D., Larson,L., Lewis,B., Montgomery,P., Park,D., Pearson,M., Richards,J., Roberts,A., Sisk,P., Stolte,C., White,J., Zeng,Q., Yandava,C., Oleary,S., Alvarado,L., Alvarez,P., Brockman,W., Butler,J., Gnerre,S., Grabherr,M., Kleber,M., Mauceli,E., MacCallum,I., Vu,H.T., Nguyen,Q.H., Nguyen,Q.T., Duong,P.H., Le,P.T., Duong,K.H., Nguyen,T.T.H., Hoang,L.T., Simmons,C.P., Lander,E., Galagan,J., Nusbaum,C., Birren,B.",2007,2008-09-01,ssRNA(+)
FJ024458,Dengue virus type 2,Orthoflavivirus denguei,,DENV-2/VN/BID-V1685/2007,10678,complete,Viet Nam: South,Homo sapiens,blood,"Henn,M.R., Young,S., Kodira,C., Koehrsen,M., Jaffe,D., Berlin,A., Heiman,D., Hepburn,T., Sykes,S., Borenstein,D., Engels,R., Freedman,E., Gellesch,M., Howarth,C., Jen,D., Larson,L., Lewis,B., Montgomery,P., Park,D., Pearson,M., Richards,J., Roberts,A., Sisk,P., Stolte,C., White,J., Zeng,Q., Yandava,C., Oleary,S., Alvarado,L., Alvarez,P., Brockman,W., Butler,J., Gnerre,S., Grabherr,M., Kleber,M., Mauceli,E., MacCallum,I., Vu,H.T., Nguyen,Q.H., Nguyen,Q.T., Duong,P.H., Le,P.T., Duong,K.H., Nguyen,T.T.H., Hoang,L.T., Simmons,C.P., Lander,E., Galagan,J., Nusbaum,C., Birren,B.",2007,2008-09-01,ssRNA(+)
FJ024459,dengue virus type I,Orthoflavivirus denguei,,DENV-1/VN/BID-V1689/2007,10691,complete,Viet Nam: South,Homo sapiens,blood,"Henn,M.R., Young,S., Kodira,C., Koehrsen,M., Jaffe,D., Berlin,A., Heiman,D., Hepburn,T., Sykes,S., Borenstein,D., Engels,R., Freedman,E., Gellesch,M., Howarth,C., Jen,D., Larson,L., Lewis,B., Montgomery,P., Park,D., Pearson,M., Richards,J., Roberts,A., Sisk,P., Stolte,C., White,J., Zeng,Q., Yandava,C., Oleary,S., Alvarado,L., Alvarez,P., Brockman,W., Butler,J., Gnerre,S., Grabherr,M., Kleber,M., Mauceli,E., MacCallum,I., Vu,H.T., Nguyen,Q.H., Nguyen,Q.T., Duong,P.H., Le,P.T., Duong,K.H., Nguyen,T.T.H., Hoang,L.T., Simmons,C.P., Lander,E., Galagan,J., Nusbaum,C., Birren,B.",2007,2008-09-01,ssRNA(+)
FJ024460,dengue virus type I,Orthoflavivirus denguei,,DENV-1/VN/BID-V1692/2007,10690,complete,Viet Nam: South,Homo sapiens,blood,"Henn,M.R., Young,S., Kodira,C., Koehrsen,M., Jaffe,D., Berlin,A., Heiman,D., Hepburn,T., Sykes,S., Borenstein,D., Engels,R., Freedman,E., Gellesch,M., Howarth,C., Jen,D., Larson,L., Lewis,B., Montgomery,P., Park,D., Pearson,M., Richards,J., Roberts,A., Sisk,P., Stolte,C., White,J., Zeng,Q., Yandava,C., Oleary,S., Alvarado,L., Alvarez,P., Brockman,W., Butler,J., Gnerre,S., Grabherr,M., Kleber,M., Mauceli,E., MacCallum,I., Vu,H.T., Nguyen,Q.H., Nguyen,Q.T., Duong,P.H., Le,P.T., Duong,K.H., Nguyen,T.T.H., Hoang,L.T., Simmons,C.P., Lander,E., Galagan,J., Nusbaum,C., Birren,B.",2007,2008-09-01,ssRNA(+)
FJ024461,Dengue virus type 2,Orthoflavivirus denguei,,DENV-2/VN/BID-V1697/2007,10678,complete,Viet Nam: South,Homo sapiens,blood,"Henn,M.R., Young,S., Kodira,C., Koehrsen,M., Jaffe,D., Berlin,A., Heiman,D., Hepburn,T., Sykes,S., Borenstein,D., Engels,R., Freedman,E., Gellesch,M., Howarth,C., Jen,D., Larson,L., Lewis,B., Montgomery,P., Park,D., Pearson,M., Richards,J., Roberts,A., Sisk,P., Stolte,C., White,J., Zeng,Q., Yandava,C., Oleary,S., Alvarado,L., Alvarez,P., Brockman,W., Butler,J., Gnerre,S., Grabherr,M., Kleber,M., Mauceli,E., MacCallum,I., Vu,H.T., Nguyen,Q.H., Nguyen,Q.T., Duong,P.H., Le,P.T., Duong,K.H., Nguyen,T.T.H., Hoang,L.T., Simmons,C.P., Lander,E., Galagan,J., Nusbaum,C., Birren,B.",2007,2008-09-01,ssRNA(+)
FJ024462,dengue virus type I,Orthoflavivirus denguei,,DENV-1/VN/BID-V1700/2007,10690,complete,Viet Nam: South,Homo sapiens,blood,"Henn,M.R., Young,S., Kodira,C., Koehrsen,M., Jaffe,D., Berlin,A., Heiman,D., Hepburn,T., Sykes,S., Borenstein,D., Engels,R., Freedman,E., Gellesch,M., Howarth,C., Jen,D., Larson,L., Lewis,B., Montgomery,P., Park,D., Pearson,M., Richards,J., Roberts,A., Sisk,P., Stolte,C., White,J., Zeng,Q., Yandava,C., Oleary,S., Alvarado,L., Alvarez,P., Brockman,W., Butler,J., Gnerre,S., Grabherr,M., Kleber,M., Mauceli,E., MacCallum,I., Vu,H.T., Nguyen,Q.H., Nguyen,Q.T., Duong,P.H., Le,P.T., Duong,K.H., Nguyen,T.T.H., Hoang,L.T., Simmons,C.P., Lander,E., Galagan,J., Nusbaum,C., Birren,B.",2007,2008-09-01,ssRNA(+)
FJ024463,dengue virus type I,Orthoflavivirus denguei,,DENV-1/VN/BID-V1701/2007,10690,complete,Viet Nam: South,Homo sapiens,blood,"Henn,M.R., Young,S., Kodira,C., Koehrsen,M., Jaffe,D., Berlin,A., Heiman,D., Hepburn,T., Sykes,S., Borenstein,D., Engels,R., Freedman,E., Gellesch,M., Howarth,C., Jen,D., Larson,L., Lewis,B., Montgomery,P., Park,D., Pearson,M., Richards,J., Roberts,A., Sisk,P., Stolte,C., White,J., Zeng,Q., Yandava,C., Oleary,S., Alvarado,L., Alvarez,P., Brockman,W., Butler,J., Gnerre,S., Grabherr,M., Kleber,M., Mauceli,E., MacCallum,I., Vu,H.T., Nguyen,Q.H., Nguyen,Q.T., Duong,P.H., Le,P.T., Duong,K.H., Nguyen,T.T.H., Hoang,L.T., Simmons,C.P., Lander,E., Galagan,J., Nusbaum,C., Birren,B.",2007,2008-09-01,ssRNA(+)
FJ024464,dengue virus type I,Orthoflavivirus denguei,,DENV-1/VN/BID-V1703/2007,10684,complete,Viet Nam: South,Homo sapiens,blood,"Henn,M.R., Young,S., Kodira,C., Koehrsen,M., Jaffe,D., Berlin,A., Heiman,D., Hepburn,T., Sykes,S., Borenstein,D., Engels,R., Freedman,E., Gellesch,M., Howarth,C., Jen,D., Larson,L., Lewis,B., Montgomery,P., Park,D., Pearson,M., Richards,J., Roberts,A., Sisk,P., Stolte,C., White,J., Zeng,Q., Yandava,C., Oleary,S., Alvarado,L., Alvarez,P., Brockman,W., Butler,J., Gnerre,S., Grabherr,M., Kleber,M., Mauceli,E., MacCallum,I., Vu,H.T., Nguyen,Q.H., Nguyen,Q.T., Duong,P.H., Le,P.T., Duong,K.H., Nguyen,T.T.H., Hoang,L.T., Simmons,C.P., Lander,E., Galagan,J., Nusbaum,C., Birren,B.",2007,2008-09-01,ssRNA(+)
FJ024472,dengue virus type I,Orthoflavivirus denguei,,DENV-1/VN/BID-V1578/2007,10690,complete,Viet Nam: South,Homo sapiens,blood,"Henn,M.R., Young,S., Kodira,C., Koehrsen,M., Jaffe,D., Berlin,A., Heiman,D., Hepburn,T., Sykes,S., Borenstein,D., Engels,R., Freedman,E., Gellesch,M., Howarth,C., Jen,D., Larson,L., Lewis,B., Montgomery,P., Park,D., Pearson,M., Richards,J., Roberts,A., Sisk,P., Stolte,C., White,J., Zeng,Q., Yandava,C., Oleary,S., Alvarado,L., Alvarez,P., Brockman,W., Butler,J., Gnerre,S., Grabherr,M., Kleber,M., Mauceli,E., MacCallum,I., Vu,H.T., Nguyen,Q.H., Nguyen,Q.T., Duong,P.H., Le,P.T., Duong,K.H., Nguyen,T.T.H., Hoang,L.T., Lander,E., Galagan,J., Nusbaum,C., Simmons,C.P., Birren,B.",2007,2008-09-01,ssRNA(+)
EU726776,Dengue virus type 2,Orthoflavivirus denguei,,DENV-2/VN/BID-V1514/2007,10663,complete,Viet Nam: South,Homo sapiens,blood,"Henn,M.R., Young,S., Kodira,C., Koehrsen,M., Jaffe,D., Berlin,A., Heiman,D., Hepburn,T., Sykes,S., Borenstein,D., Crawford,M., Engels,R., Freedman,E., Howarth,C., Jen,D., Larson,L., Ledlie,T., Lewis,B., Montgomery,P., Park,D., Pearson,M., Roberts,A., Sisk,P., Stolte,C., White,J., Zeng,Q., Yandava,C., Oleary,S., Alvarado,L., Alvarez,P., Brockman,W., Butler,J., Gnerre,S., Grabherr,M., Kleber,M., Mauceli,E., MacCallum,I., Vu,H.T., Nguyen,Q.H., Nguyen,Q.T., Duong,P.H., Lander,E., Galagan,J., Nusbaum,C., Simmons,C.P., Birren,B.",2007,2008-06-16,ssRNA(+)
EU726777,dengue virus type I,Orthoflavivirus denguei,,DENV-1/VN/BID-V1530/2007,10690,complete,Viet Nam: South,Homo sapiens,blood,"Henn,M.R., Young,S., Kodira,C., Koehrsen,M., Jaffe,D., Berlin,A., Heiman,D., Hepburn,T., Sykes,S., Borenstein,D., Crawford,M., Engels,R., Freedman,E., Howarth,C., Jen,D., Larson,L., Ledlie,T., Lewis,B., Montgomery,P., Park,D., Pearson,M., Roberts,A., Sisk,P., Stolte,C., White,J., Zeng,Q., Yandava,C., Oleary,S., Alvarado,L., Alvarez,P., Brockman,W., Butler,J., Gnerre,S., Grabherr,M., Kleber,M., Mauceli,E., MacCallum,I., Vu,H.T., Nguyen,Q.H., Nguyen,Q.T., Duong,P.H., Lander,E., Galagan,J., Nusbaum,C., Simmons,C.P., Birren,B.",2007,2008-06-16,ssRNA(+)
EU726778,dengue virus type I,Orthoflavivirus denguei,,DENV-1/VN/BID-V1546/2007,10690,complete,Viet Nam: South,Homo sapiens,blood,"Henn,M.R., Young,S., Kodira,C., Koehrsen,M., Jaffe,D., Berlin,A., Heiman,D., Hepburn,T., Sykes,S., Borenstein,D., Crawford,M., Engels,R., Freedman,E., Howarth,C., Jen,D., Larson,L., Ledlie,T., Lewis,B., Montgomery,P., Park,D., Pearson,M., Roberts,A., Sisk,P., Stolte,C., White,J., Zeng,Q., Yandava,C., Oleary,S., Alvarado,L., Alvarez,P., Brockman,W., Butler,J., Gnerre,S., Grabherr,M., Kleber,M., Mauceli,E., MacCallum,I., Vu,H.T., Nguyen,Q.H., Nguyen,Q.T., Duong,P.H., Lander,E., Galagan,J., Nusbaum,C., Simmons,C.P., Birren,B.",2007,2008-06-16,ssRNA(+)
EU726779,dengue virus type I,Orthoflavivirus denguei,,DENV-1/VN/BID-V1551/2007,10690,complete,Viet Nam: South,Homo sapiens,blood,"Henn,M.R., Young,S., Kodira,C., Koehrsen,M., Jaffe,D., Berlin,A., Heiman,D., Hepburn,T., Sykes,S., Borenstein,D., Crawford,M., Engels,R., Freedman,E., Howarth,C., Jen,D., Larson,L., Ledlie,T., Lewis,B., Montgomery,P., Park,D., Pearson,M., Roberts,A., Sisk,P., Stolte,C., White,J., Zeng,Q., Yandava,C., Oleary,S., Alvarado,L., Alvarez,P., Brockman,W., Butler,J., Gnerre,S., Grabherr,M., Kleber,M., Mauceli,E., MacCallum,I., Vu,H.T., Nguyen,Q.H., Nguyen,Q.T., Duong,P.H., Lander,E., Galagan,J., Nusbaum,C., Simmons,C.P., Birren,B.",2007,2008-06-16,ssRNA(+)
EU726780,dengue virus type I,Orthoflavivirus denguei,,DENV-1/VN/BID-V1556/2007,10690,complete,Viet Nam: South,Homo sapiens,blood,"Henn,M.R., Young,S., Kodira,C., Koehrsen,M., Jaffe,D., Berlin,A., Heiman,D., Hepburn,T., Sykes,S., Borenstein,D., Crawford,M., Engels,R., Freedman,E., Howarth,C., Jen,D., Larson,L., Ledlie,T., Lewis,B., Montgomery,P., Park,D., Pearson,M., Roberts,A., Sisk,P., Stolte,C., White,J., Zeng,Q., Yandava,C., Oleary,S., Alvarado,L., Alvarez,P., Brockman,W., Butler,J., Gnerre,S., Grabherr,M., Kleber,M., Mauceli,E., MacCallum,I., Vu,H.T., Nguyen,Q.H., Nguyen,Q.T., Duong,P.H., Lander,E., Galagan,J., Nusbaum,C., Simmons,C.P., Birren,B.",2007,2008-06-16,ssRNA(+)
EU726781,dengue virus type I,Orthoflavivirus denguei,,DENV-1/VN/BID-V1557/2007,10690,complete,Viet Nam: South,Homo sapiens,blood,"Henn,M.R., Young,S., Kodira,C., Koehrsen,M., Jaffe,D., Berlin,A., Heiman,D., Hepburn,T., Sykes,S., Borenstein,D., Crawford,M., Engels,R., Freedman,E., Howarth,C., Jen,D., Larson,L., Ledlie,T., Lewis,B., Montgomery,P., Park,D., Pearson,M., Roberts,A., Sisk,P., Stolte,C., White,J., Zeng,Q., Yandava,C., Oleary,S., Alvarado,L., Alvarez,P., Brockman,W., Butler,J., Gnerre,S., Grabherr,M., Kleber,M., Mauceli,E., MacCallum,I., Vu,H.T., Nguyen,Q.H., Nguyen,Q.T., Duong,P.H., Lander,E., Galagan,J., Nusbaum,C., Simmons,C.P., Birren,B.",2007,2008-06-16,ssRNA(+)
EU726782,dengue virus type I,Orthoflavivirus denguei,,DENV-1/VN/BID-V1559/2007,10690,complete,Viet Nam: South,Homo sapiens,blood,"Henn,M.R., Young,S., Kodira,C., Koehrsen,M., Jaffe,D., Berlin,A., Heiman,D., Hepburn,T., Sykes,S., Borenstein,D., Crawford,M., Engels,R., Freedman,E., Howarth,C., Jen,D., Larson,L., Ledlie,T., Lewis,B., Montgomery,P., Park,D., Pearson,M., Roberts,A., Sisk,P., Stolte,C., White,J., Zeng,Q., Yandava,C., Oleary,S., Alvarado,L., Alvarez,P., Brockman,W., Butler,J., Gnerre,S., Grabherr,M., Kleber,M., Mauceli,E., MacCallum,I., Vu,H.T., Nguyen,Q.H., Nguyen,Q.T., Duong,P.H., Lander,E., Galagan,J., Nusbaum,C., Simmons,C.P., Birren,B.",2007,2008-06-16,ssRNA(+)
EU660395,dengue virus type I,Orthoflavivirus denguei,,DENV-1/VN/BID-V1505/2007,10690,complete,Viet Nam: South,Homo sapiens,blood,"Henn,M.R., Young,S., Kodira,C., Koehrsen,M., Jaffe,D., Berlin,A., Heiman,D., Hepburn,T., Sykes,S., Borenstein,D., Crawford,M., Engels,R., Freedman,E., Howarth,C., Jen,D., Larson,L., Ledlie,T., Lewis,B., Montgomery,P., Park,D., Pearson,M., Roberts,A., Sisk,P., Stolte,C., White,J., Zeng,Q., Yandava,C., Oleary,S., Alvarado,L., Alvarez,P., Brockman,W., Butler,J., Gnerre,S., Grabherr,M., Kleber,M., Mauceli,E., MacCallum,I., Vu,H.T., Nguyen,Q.H., Nguyen,Q.T., Duong,P.H., Lander,E., Galagan,J., Nusbaum,C., Simmons,C.P., Birren,B.",2007,2008-05-12,ssRNA(+)
EU660397,dengue virus type I,Orthoflavivirus denguei,,DENV-1/VN/BID-V1503/2006,10690,complete,Viet Nam: South,Homo sapiens,blood,"Henn,M.R., Young,S., Kodira,C., Koehrsen,M., Jaffe,D., Berlin,A., Heiman,D., Hepburn,T., Sykes,S., Borenstein,D., Engels,R., Freedman,E., Howarth,C., Jen,D., Larson,L., Lewis,B., Montgomery,P., Park,D., Pearson,M., Roberts,A., Sisk,P., Stolte,C., White,J., Zeng,Q., Yandava,C., Oleary,S., Alvarado,L., Alvarez,P., Brockman,W., Butler,J., Gnerre,S., Grabherr,M., Kleber,M., Mauceli,E., MacCallum,I., Vu,H.T., Nguyen,Q.H., Nguyen,Q.T., Duong,P.H., Nguyen,H.T., Wills,B., Le,L.B., Tran,T.T., Lander,E., Galagan,J., Nusbaum,C., Simmons,C.P., Birren,B.",2006,2008-05-12,ssRNA(+)
EU660401,dengue virus type I,Orthoflavivirus denguei,,DENV-1/VN/BID-V1499/2006,10690,complete,Viet Nam: South,Homo sapiens,blood,"Henn,M.R., Young,S., Kodira,C., Koehrsen,M., Jaffe,D., Berlin,A., Heiman,D., Hepburn,T., Sykes,S., Borenstein,D., Crawford,M., Engels,R., Freedman,E., Howarth,C., Jen,D., Larson,L., Ledlie,T., Lewis,B., Montgomery,P., Park,D., Pearson,M., Roberts,A., Sisk,P., Stolte,C., White,J., Zeng,Q., Yandava,C., Oleary,S., Alvarado,L., Alvarez,P., Brockman,W., Butler,J., Gnerre,S., Grabherr,M., Kleber,M., Mauceli,E., MacCallum,I., Vu,H.T., Nguyen,Q.H., Nguyen,Q.T., Duong,P.H., Lander,E., Galagan,J., Nusbaum,C., Simmons,C.P., Birren,B.",2006,2008-05-12,ssRNA(+)
EU660402,dengue virus type I,Orthoflavivirus denguei,,DENV-1/VN/BID-V1501/2006,10690,complete,Viet Nam: South,Homo sapiens,blood,"Henn,M.R., Young,S., Kodira,C., Koehrsen,M., Jaffe,D., Berlin,A., Heiman,D., Hepburn,T., Sykes,S., Borenstein,D., Crawford,M., Engels,R., Freedman,E., Howarth,C., Jen,D., Larson,L., Ledlie,T., Lewis,B., Montgomery,P., Park,D., Pearson,M., Roberts,A., Sisk,P., Stolte,C., White,J., Zeng,Q., Yandava,C., Oleary,S., Alvarado,L., Alvarez,P., Brockman,W., Butler,J., Gnerre,S., Grabherr,M., Kleber,M., Mauceli,E., MacCallum,I., Vu,H.T., Nguyen,Q.H., Nguyen,Q.T., Duong,P.H., Lander,E., Galagan,J., Nusbaum,C., Simmons,C.P., Birren,B.",2006,2008-05-12,ssRNA(+)
EU660403,dengue virus type I,Orthoflavivirus denguei,,DENV-1/VN/BID-V1502/2006,10679,complete,Viet Nam: South,Homo sapiens,blood,"Henn,M.R., Young,S., Kodira,C., Koehrsen,M., Jaffe,D., Berlin,A., Heiman,D., Hepburn,T., Sykes,S., Borenstein,D., Crawford,M., Engels,R., Freedman,E., Howarth,C., Jen,D., Larson,L., Ledlie,T., Lewis,B., Montgomery,P., Park,D., Pearson,M., Roberts,A., Sisk,P., Stolte,C., White,J., Zeng,Q., Yandava,C., Oleary,S., Alvarado,L., Alvarez,P., Brockman,W., Butler,J., Gnerre,S., Grabherr,M., Kleber,M., Mauceli,E., MacCallum,I., Vu,H.T., Nguyen,Q.H., Nguyen,Q.T., Duong,P.H., Lander,E., Galagan,J., Nusbaum,C., Simmons,C.P., Birren,B.",2006,2008-05-12,ssRNA(+)
EU660412,dengue virus type I,Orthoflavivirus denguei,,DENV-1/VN/BID-V1506/2007,10690,complete,Viet Nam: South,Homo sapiens,blood,"Henn,M.R., Young,S., Kodira,C., Koehrsen,M., Jaffe,D., Berlin,A., Heiman,D., Hepburn,T., Sykes,S., Borenstein,D., Crawford,M., Engels,R., Freedman,E., Howarth,C., Jen,D., Larson,L., Ledlie,T., Lewis,B., Montgomery,P., Park,D., Pearson,M., Roberts,A., Sisk,P., Stolte,C., White,J., Zeng,Q., Yandava,C., Oleary,S., Alvarado,L., Alvarez,P., Brockman,W., Butler,J., Gnerre,S., Grabherr,M., Kleber,M., Mauceli,E., MacCallum,I., Vu,H.T., Nguyen,Q.H., Nguyen,Q.T., Duong,P.H., Lander,E., Galagan,J., Nusbaum,C., Simmons,C.P., Birren,B.",2007,2008-05-12,ssRNA(+)
EU660413,Dengue virus type 2,Orthoflavivirus denguei,,DENV-2/VN/BID-V1507/2007,10678,complete,Viet Nam: South,Homo sapiens,blood,"Henn,M.R., Young,S., Kodira,C., Koehrsen,M., Jaffe,D., Berlin,A., Heiman,D., Hepburn,T., Sykes,S., Borenstein,D., Crawford,M., Engels,R., Freedman,E., Howarth,C., Jen,D., Larson,L., Ledlie,T., Lewis,B., Montgomery,P., Park,D., Pearson,M., Roberts,A., Sisk,P., Stolte,C., White,J., Zeng,Q., Yandava,C., Oleary,S., Alvarado,L., Alvarez,P., Brockman,W., Butler,J., Gnerre,S., Grabherr,M., Kleber,M., Mauceli,E., MacCallum,I., Vu,H.T., Nguyen,Q.H., Nguyen,Q.T., Duong,P.H., Lander,E., Galagan,J., Nusbaum,C., Simmons,C.P., Birren,B.",2007,2008-05-12,ssRNA(+)
EU660414,Dengue virus type 2,Orthoflavivirus denguei,,DENV-2/VN/BID-V1508/2007,10678,complete,Viet Nam: South,Homo sapiens,blood,"Henn,M.R., Young,S., Kodira,C., Koehrsen,M., Jaffe,D., Berlin,A., Heiman,D., Hepburn,T., Sykes,S., Borenstein,D., Crawford,M., Engels,R., Freedman,E., Howarth,C., Jen,D., Larson,L., Ledlie,T., Lewis,B., Montgomery,P., Park,D., Pearson,M., Roberts,A., Sisk,P., Stolte,C., White,J., Zeng,Q., Yandava,C., Oleary,S., Alvarado,L., Alvarez,P., Brockman,W., Butler,J., Gnerre,S., Grabherr,M., Kleber,M., Mauceli,E., MacCallum,I., Vu,H.T., Nguyen,Q.H., Nguyen,Q.T., Duong,P.H., Lander,E., Galagan,J., Nusbaum,C., Simmons,C.P., Birren,B.",2007,2008-05-12,ssRNA(+)
EU660415,Dengue virus type 2,Orthoflavivirus denguei,,DENV-2/VN/BID-V1511/2007,10711,complete,Viet Nam: South,Homo sapiens,blood,"Henn,M.R., Young,S., Kodira,C., Koehrsen,M., Jaffe,D., Berlin,A., Heiman,D., Hepburn,T., Sykes,S., Borenstein,D., Crawford,M., Engels,R., Freedman,E., Howarth,C., Jen,D., Larson,L., Ledlie,T., Lewis,B., Montgomery,P., Park,D., Pearson,M., Roberts,A., Sisk,P., Stolte,C., White,J., Zeng,Q., Yandava,C., Oleary,S., Alvarado,L., Alvarez,P., Brockman,W., Butler,J., Gnerre,S., Grabherr,M., Kleber,M., Mauceli,E., MacCallum,I., Vu,H.T., Nguyen,Q.H., Nguyen,Q.T., Duong,P.H., Lander,E., Galagan,J., Nusbaum,C., Simmons,C.P., Birren,B.",2007,2008-05-12,ssRNA(+)
EU660416,Dengue virus type 2,Orthoflavivirus denguei,,DENV-2/VN/BID-V1513/2007,10678,complete,Viet Nam: South,Homo sapiens,blood,"Henn,M.R., Young,S., Kodira,C., Koehrsen,M., Jaffe,D., Berlin,A., Heiman,D., Hepburn,T., Sykes,S., Borenstein,D., Crawford,M., Engels,R., Freedman,E., Howarth,C., Jen,D., Larson,L., Ledlie,T., Lewis,B., Montgomery,P., Park,D., Pearson,M., Roberts,A., Sisk,P., Stolte,C., White,J., Zeng,Q., Yandava,C., Oleary,S., Alvarado,L., Alvarez,P., Brockman,W., Butler,J., Gnerre,S., Grabherr,M., Kleber,M., Mauceli,E., MacCallum,I., Vu,H.T., Nguyen,Q.H., Nguyen,Q.T., Duong,P.H., Lander,E., Galagan,J., Nusbaum,C., Simmons,C.P., Birren,B.",2007,2008-05-12,ssRNA(+)
EU660417,Dengue virus type 2,Orthoflavivirus denguei,,DENV-2/VN/BID-V1515/2007,10678,complete,Viet Nam: South,Homo sapiens,blood,"Henn,M.R., Young,S., Kodira,C., Koehrsen,M., Jaffe,D., Berlin,A., Heiman,D., Hepburn,T., Sykes,S., Borenstein,D., Crawford,M., Engels,R., Freedman,E., Howarth,C., Jen,D., Larson,L., Ledlie,T., Lewis,B., Montgomery,P., Park,D., Pearson,M., Roberts,A., Sisk,P., Stolte,C., White,J., Zeng,Q., Yandava,C., Oleary,S., Alvarado,L., Alvarez,P., Brockman,W., Butler,J., Gnerre,S., Grabherr,M., Kleber,M., Mauceli,E., MacCallum,I., Vu,H.T., Nguyen,Q.H., Nguyen,Q.T., Duong,P.H., Lander,E., Galagan,J., Nusbaum,C., Simmons,C.P., Birren,B.",2007,2008-05-12,ssRNA(+)
EU660418,dengue virus type I,Orthoflavivirus denguei,,DENV-1/VN/BID-V1516/2007,10690,complete,Viet Nam: South,Homo sapiens,blood,"Henn,M.R., Young,S., Kodira,C., Koehrsen,M., Jaffe,D., Berlin,A., Heiman,D., Hepburn,T., Sykes,S., Borenstein,D., Crawford,M., Engels,R., Freedman,E., Howarth,C., Jen,D., Larson,L., Ledlie,T., Lewis,B., Montgomery,P., Park,D., Pearson,M., Roberts,A., Sisk,P., Stolte,C., White,J., Zeng,Q., Yandava,C., Oleary,S., Alvarado,L., Alvarez,P., Brockman,W., Butler,J., Gnerre,S., Grabherr,M., Kleber,M., Mauceli,E., MacCallum,I., Vu,H.T., Nguyen,Q.H., Nguyen,Q.T., Duong,P.H., Lander,E., Galagan,J., Nusbaum,C., Simmons,C.P., Birren,B.",2007,2008-05-12,ssRNA(+)
EU660419,dengue virus type I,Orthoflavivirus denguei,,DENV-1/VN/BID-V1552/2007,10690,complete,Viet Nam: South,Homo sapiens,blood,"Henn,M.R., Young,S., Kodira,C., Koehrsen,M., Jaffe,D., Berlin,A., Heiman,D., Hepburn,T., Sykes,S., Borenstein,D., Crawford,M., Engels,R., Freedman,E., Howarth,C., Jen,D., Larson,L., Ledlie,T., Lewis,B., Montgomery,P., Park,D., Pearson,M., Roberts,A., Sisk,P., Stolte,C., White,J., Zeng,Q., Yandava,C., Oleary,S., Alvarado,L., Alvarez,P., Brockman,W., Butler,J., Gnerre,S., Grabherr,M., Kleber,M., Mauceli,E., MacCallum,I., Vu,H.T., Nguyen,Q.H., Nguyen,Q.T., Duong,P.H., Lander,E., Galagan,J., Nusbaum,C., Simmons,C.P., Birren,B.",2007,2008-05-12,ssRNA(+)
EU677137,Dengue virus type 2,Orthoflavivirus denguei,,DENV-2/VN/BID-V1517/2007,10661,complete,Viet Nam: South,Homo sapiens,blood,"Henn,M.R., Young,S., Kodira,C., Koehrsen,M., Jaffe,D., Berlin,A., Heiman,D., Hepburn,T., Sykes,S., Borenstein,D., Crawford,M., Engels,R., Freedman,E., Howarth,C., Jen,D., Larson,L., Ledlie,T., Lewis,B., Montgomery,P., Park,D., Pearson,M., Roberts,A., Sisk,P., Stolte,C., White,J., Zeng,Q., Yandava,C., Oleary,S., Alvarado,L., Alvarez,P., Brockman,W., Butler,J., Gnerre,S., Grabherr,M., Kleber,M., Mauceli,E., MacCallum,I., Vu,H.T., Nguyen,Q.H., Nguyen,Q.T., Duong,P.H., Lander,E., Galagan,J., Nusbaum,C., Simmons,C.P., Birren,B.",2007,2008-05-12,ssRNA(+)
EU677138,Dengue virus type 2,Orthoflavivirus denguei,,DENV-2/VN/BID-V1518/2007,10678,complete,Viet Nam: South,Homo sapiens,blood,"Henn,M.R., Young,S., Kodira,C., Koehrsen,M., Jaffe,D., Berlin,A., Heiman,D., Hepburn,T., Sykes,S., Borenstein,D., Crawford,M., Engels,R., Freedman,E., Howarth,C., Jen,D., Larson,L., Ledlie,T., Lewis,B., Montgomery,P., Park,D., Pearson,M., Roberts,A., Sisk,P., Stolte,C., White,J., Zeng,Q., Yandava,C., Oleary,S., Alvarado,L., Alvarez,P., Brockman,W., Butler,J., Gnerre,S., Grabherr,M., Kleber,M., Mauceli,E., MacCallum,I., Vu,H.T., Nguyen,Q.H., Nguyen,Q.T., Duong,P.H., Lander,E., Galagan,J., Nusbaum,C., Simmons,C.P., Birren,B.",2007,2008-05-12,ssRNA(+)
EU677139,dengue virus type I,Orthoflavivirus denguei,,DENV-1/VN/BID-V1539/2007,10690,complete,Viet Nam: South,Homo sapiens,blood,"Henn,M.R., Young,S., Kodira,C., Koehrsen,M., Jaffe,D., Berlin,A., Heiman,D., Hepburn,T., Sykes,S., Borenstein,D., Crawford,M., Engels,R., Freedman,E., Howarth,C., Jen,D., Larson,L., Ledlie,T., Lewis,B., Montgomery,P., Park,D., Pearson,M., Roberts,A., Sisk,P., Stolte,C., White,J., Zeng,Q., Yandava,C., Oleary,S., Alvarado,L., Alvarez,P., Brockman,W., Butler,J., Gnerre,S., Grabherr,M., Kleber,M., Mauceli,E., MacCallum,I., Vu,H.T., Nguyen,Q.H., Nguyen,Q.T., Duong,P.H., Lander,E., Galagan,J., Nusbaum,C., Simmons,C.P., Birren,B.",2007,2008-05-12,ssRNA(+)
EU677140,dengue virus type I,Orthoflavivirus denguei,,DENV-1/VN/BID-V1540/2007,10690,complete,Viet Nam: South,Homo sapiens,blood,"Henn,M.R., Young,S., Kodira,C., Koehrsen,M., Jaffe,D., Berlin,A., Heiman,D., Hepburn,T., Sykes,S., Borenstein,D., Crawford,M., Engels,R., Freedman,E., Howarth,C., Jen,D., Larson,L., Ledlie,T., Lewis,B., Montgomery,P., Park,D., Pearson,M., Roberts,A., Sisk,P., Stolte,C., White,J., Zeng,Q., Yandava,C., Oleary,S., Alvarado,L., Alvarez,P., Brockman,W., Butler,J., Gnerre,S., Grabherr,M., Kleber,M., Mauceli,E., MacCallum,I., Vu,H.T., Nguyen,Q.H., Nguyen,Q.T., Duong,P.H., Lander,E., Galagan,J., Nusbaum,C., Simmons,C.P., Birren,B.",2007,2008-05-12,ssRNA(+)
EU677148,Dengue virus type 2,Orthoflavivirus denguei,,DENV-2/VN/BID-V1519/2007,10678,complete,Viet Nam: South,Homo sapiens,blood,"Henn,M.R., Young,S., Kodira,C., Koehrsen,M., Jaffe,D., Berlin,A., Heiman,D., Hepburn,T., Sykes,S., Borenstein,D., Crawford,M., Engels,R., Freedman,E., Howarth,C., Jen,D., Larson,L., Ledlie,T., Lewis,B., Montgomery,P., Park,D., Pearson,M., Roberts,A., Sisk,P., Stolte,C., White,J., Zeng,Q., Yandava,C., Oleary,S., Alvarado,L., Alvarez,P., Brockman,W., Butler,J., Gnerre,S., Grabherr,M., Kleber,M., Mauceli,E., MacCallum,I., Vu,H.T., Nguyen,Q.H., Nguyen,Q.T., Duong,P.H., Lander,E., Galagan,J., Nusbaum,C., Simmons,C.P., Birren,B.",2007,2008-05-12,ssRNA(+)
EU677149,Dengue virus type 2,Orthoflavivirus denguei,,DENV-2/VN/BID-V1520/2007,10661,complete,Viet Nam: South,Homo sapiens,blood,"Henn,M.R., Young,S., Kodira,C., Koehrsen,M., Jaffe,D., Berlin,A., Heiman,D., Hepburn,T., Sykes,S., Borenstein,D., Crawford,M., Engels,R., Freedman,E., Howarth,C., Jen,D., Larson,L., Ledlie,T., Lewis,B., Montgomery,P., Park,D., Pearson,M., Roberts,A., Sisk,P., Stolte,C., White,J., Zeng,Q., Yandava,C., Oleary,S., Alvarado,L., Alvarez,P., Brockman,W., Butler,J., Gnerre,S., Grabherr,M., Kleber,M., Mauceli,E., MacCallum,I., Vu,H.T., Nguyen,Q.H., Nguyen,Q.T., Duong,P.H., Lander,E., Galagan,J., Nusbaum,C., Simmons,C.P., Birren,B.",2007,2008-05-12,ssRNA(+)
EU677150,dengue virus type I,Orthoflavivirus denguei,,DENV-1/VN/BID-V1521/2007,10691,complete,Viet Nam: South,Homo sapiens,blood,"Henn,M.R., Young,S., Kodira,C., Koehrsen,M., Jaffe,D., Berlin,A., Heiman,D., Hepburn,T., Sykes,S., Borenstein,D., Crawford,M., Engels,R., Freedman,E., Howarth,C., Jen,D., Larson,L., Ledlie,T., Lewis,B., Montgomery,P., Park,D., Pearson,M., Roberts,A., Sisk,P., Stolte,C., White,J., Zeng,Q., Yandava,C., Oleary,S., Alvarado,L., Alvarez,P., Brockman,W., Butler,J., Gnerre,S., Grabherr,M., Kleber,M., Mauceli,E., MacCallum,I., Vu,H.T., Nguyen,Q.H., Nguyen,Q.T., Duong,P.H., Lander,E., Galagan,J., Nusbaum,C., Simmons,C.P., Birren,B.",2007,2008-05-12,ssRNA(+)
EU677151,dengue virus type I,Orthoflavivirus denguei,,DENV-1/VN/BID-V1523/2007,10690,complete,Viet Nam: South,Homo sapiens,blood,"Henn,M.R., Young,S., Kodira,C., Koehrsen,M., Jaffe,D., Berlin,A., Heiman,D., Hepburn,T., Sykes,S., Borenstein,D., Crawford,M., Engels,R., Freedman,E., Howarth,C., Jen,D., Larson,L., Ledlie,T., Lewis,B., Montgomery,P., Park,D., Pearson,M., Roberts,A., Sisk,P., Stolte,C., White,J., Zeng,Q., Yandava,C., Oleary,S., Alvarado,L., Alvarez,P., Brockman,W., Butler,J., Gnerre,S., Grabherr,M., Kleber,M., Mauceli,E., MacCallum,I., Vu,H.T., Nguyen,Q.H., Nguyen,Q.T., Duong,P.H., Lander,E., Galagan,J., Nusbaum,C., Simmons,C.P., Birren,B.",2007,2008-05-12,ssRNA(+)
EU677152,dengue virus type I,Orthoflavivirus denguei,,DENV-1/VN/BID-V1524/2007,10690,complete,Viet Nam: South,Homo sapiens,blood,"Henn,M.R., Young,S., Kodira,C., Koehrsen,M., Jaffe,D., Berlin,A., Heiman,D., Hepburn,T., Sykes,S., Borenstein,D., Crawford,M., Engels,R., Freedman,E., Howarth,C., Jen,D., Larson,L., Ledlie,T., Lewis,B., Montgomery,P., Park,D., Pearson,M., Roberts,A., Sisk,P., Stolte,C., White,J., Zeng,Q., Yandava,C., Oleary,S., Alvarado,L., Alvarez,P., Brockman,W., Butler,J., Gnerre,S., Grabherr,M., Kleber,M., Mauceli,E., MacCallum,I., Vu,H.T., Nguyen,Q.H., Nguyen,Q.T., Duong,P.H., Lander,E., Galagan,J., Nusbaum,C., Simmons,C.P., Birren,B.",2007,2008-05-12,ssRNA(+)
EU677153,dengue virus type I,Orthoflavivirus denguei,,DENV-1/VN/BID-V1525/2007,10690,complete,Viet Nam: South,Homo sapiens,blood,"Henn,M.R., Young,S., Kodira,C., Koehrsen,M., Jaffe,D., Berlin,A., Heiman,D., Hepburn,T., Sykes,S., Borenstein,D., Crawford,M., Engels,R., Freedman,E., Howarth,C., Jen,D., Larson,L., Ledlie,T., Lewis,B., Montgomery,P., Park,D., Pearson,M., Roberts,A., Sisk,P., Stolte,C., White,J., Zeng,Q., Yandava,C., Oleary,S., Alvarado,L., Alvarez,P., Brockman,W., Butler,J., Gnerre,S., Grabherr,M., Kleber,M., Mauceli,E., MacCallum,I., Vu,H.T., Nguyen,Q.H., Nguyen,Q.T., Duong,P.H., Lander,E., Galagan,J., Nusbaum,C., Simmons,C.P., Birren,B.",2007,2008-05-12,ssRNA(+)
EU677154,dengue virus type I,Orthoflavivirus denguei,,DENV-1/VN/BID-V1526/2007,10690,complete,Viet Nam: South,Homo sapiens,blood,"Henn,M.R., Young,S., Kodira,C., Koehrsen,M., Jaffe,D., Berlin,A., Heiman,D., Hepburn,T., Sykes,S., Borenstein,D., Crawford,M., Engels,R., Freedman,E., Howarth,C., Jen,D., Larson,L., Ledlie,T., Lewis,B., Montgomery,P., Park,D., Pearson,M., Roberts,A., Sisk,P., Stolte,C., White,J., Zeng,Q., Yandava,C., Oleary,S., Alvarado,L., Alvarez,P., Brockman,W., Butler,J., Gnerre,S., Grabherr,M., Kleber,M., Mauceli,E., MacCallum,I., Vu,H.T., Nguyen,Q.H., Nguyen,Q.T., Duong,P.H., Lander,E., Galagan,J., Nusbaum,C., Simmons,C.P., Birren,B.",2007,2008-05-12,ssRNA(+)
EU677155,dengue virus type I,Orthoflavivirus denguei,,DENV-1/VN/BID-V1527/2007,10690,complete,Viet Nam: South,Homo sapiens,blood,"Henn,M.R., Young,S., Kodira,C., Koehrsen,M., Jaffe,D., Berlin,A., Heiman,D., Hepburn,T., Sykes,S., Borenstein,D., Crawford,M., Engels,R., Freedman,E., Howarth,C., Jen,D., Larson,L., Ledlie,T., Lewis,B., Montgomery,P., Park,D., Pearson,M., Roberts,A., Sisk,P., Stolte,C., White,J., Zeng,Q., Yandava,C., Oleary,S., Alvarado,L., Alvarez,P., Brockman,W., Butler,J., Gnerre,S., Grabherr,M., Kleber,M., Mauceli,E., MacCallum,I., Vu,H.T., Nguyen,Q.H., Nguyen,Q.T., Duong,P.H., Lander,E., Galagan,J., Nusbaum,C., Simmons,C.P., Birren,B.",2007,2008-05-12,ssRNA(+)
EU677156,dengue virus type I,Orthoflavivirus denguei,,DENV-1/VN/BID-V1528/2007,10690,complete,Viet Nam: South,Homo sapiens,blood,"Henn,M.R., Young,S., Kodira,C., Koehrsen,M., Jaffe,D., Berlin,A., Heiman,D., Hepburn,T., Sykes,S., Borenstein,D., Crawford,M., Engels,R., Freedman,E., Howarth,C., Jen,D., Larson,L., Ledlie,T., Lewis,B., Montgomery,P., Park,D., Pearson,M., Roberts,A., Sisk,P., Stolte,C., White,J., Zeng,Q., Yandava,C., Oleary,S., Alvarado,L., Alvarez,P., Brockman,W., Butler,J., Gnerre,S., Grabherr,M., Kleber,M., Mauceli,E., MacCallum,I., Vu,H.T., Nguyen,Q.H., Nguyen,Q.T., Duong,P.H., Lander,E., Galagan,J., Nusbaum,C., Simmons,C.P., Birren,B.",2007,2008-05-12,ssRNA(+)
EU677157,dengue virus type I,Orthoflavivirus denguei,,DENV-1/VN/BID-V1529/2007,10690,complete,Viet Nam: South,Homo sapiens,blood,"Henn,M.R., Young,S., Kodira,C., Koehrsen,M., Jaffe,D., Berlin,A., Heiman,D., Hepburn,T., Sykes,S., Borenstein,D., Crawford,M., Engels,R., Freedman,E., Howarth,C., Jen,D., Larson,L., Ledlie,T., Lewis,B., Montgomery,P., Park,D., Pearson,M., Roberts,A., Sisk,P., Stolte,C., White,J., Zeng,Q., Yandava,C., Oleary,S., Alvarado,L., Alvarez,P., Brockman,W., Butler,J., Gnerre,S., Grabherr,M., Kleber,M., Mauceli,E., MacCallum,I., Vu,H.T., Nguyen,Q.H., Nguyen,Q.T., Duong,P.H., Lander,E., Galagan,J., Nusbaum,C., Simmons,C.P., Birren,B.",2007,2008-05-12,ssRNA(+)
EU677158,dengue virus type I,Orthoflavivirus denguei,,DENV-1/VN/BID-V1531/2007,10690,complete,Viet Nam: South,Homo sapiens,blood,"Henn,M.R., Young,S., Kodira,C., Koehrsen,M., Jaffe,D., Berlin,A., Heiman,D., Hepburn,T., Sykes,S., Borenstein,D., Crawford,M., Engels,R., Freedman,E., Howarth,C., Jen,D., Larson,L., Ledlie,T., Lewis,B., Montgomery,P., Park,D., Pearson,M., Roberts,A., Sisk,P., Stolte,C., White,J., Zeng,Q., Yandava,C., Oleary,S., Alvarado,L., Alvarez,P., Brockman,W., Butler,J., Gnerre,S., Grabherr,M., Kleber,M., Mauceli,E., MacCallum,I., Vu,H.T., Nguyen,Q.H., Nguyen,Q.T., Duong,P.H., Lander,E., Galagan,J., Nusbaum,C., Simmons,C.P., Birren,B.",2007,2008-05-12,ssRNA(+)
EU677159,dengue virus type I,Orthoflavivirus denguei,,DENV-1/VN/BID-V1532/2007,10690,complete,Viet Nam: South,Homo sapiens,blood,"Henn,M.R., Young,S., Kodira,C., Koehrsen,M., Jaffe,D., Berlin,A., Heiman,D., Hepburn,T., Sykes,S., Borenstein,D., Crawford,M., Engels,R., Freedman,E., Howarth,C., Jen,D., Larson,L., Ledlie,T., Lewis,B., Montgomery,P., Park,D., Pearson,M., Roberts,A., Sisk,P., Stolte,C., White,J., Zeng,Q., Yandava,C., Oleary,S., Alvarado,L., Alvarez,P., Brockman,W., Butler,J., Gnerre,S., Grabherr,M., Kleber,M., Mauceli,E., MacCallum,I., Vu,H.T., Nguyen,Q.H., Nguyen,Q.T., Duong,P.H., Lander,E., Galagan,J., Nusbaum,C., Simmons,C.P., Birren,B.",2007,2008-05-12,ssRNA(+)
EU677160,dengue virus type I,Orthoflavivirus denguei,,DENV-1/VN/BID-V1533/2007,10690,complete,Viet Nam: South,Homo sapiens,blood,"Henn,M.R., Young,S., Kodira,C., Koehrsen,M., Jaffe,D., Berlin,A., Heiman,D., Hepburn,T., Sykes,S., Borenstein,D., Crawford,M., Engels,R., Freedman,E., Howarth,C., Jen,D., Larson,L., Ledlie,T., Lewis,B., Montgomery,P., Park,D., Pearson,M., Roberts,A., Sisk,P., Stolte,C., White,J., Zeng,Q., Yandava,C., Oleary,S., Alvarado,L., Alvarez,P., Brockman,W., Butler,J., Gnerre,S., Grabherr,M., Kleber,M., Mauceli,E., MacCallum,I., Vu,H.T., Nguyen,Q.H., Nguyen,Q.T., Duong,P.H., Lander,E., Galagan,J., Nusbaum,C., Simmons,C.P., Birren,B.",2007,2008-05-12,ssRNA(+)
EU677161,dengue virus type I,Orthoflavivirus denguei,,DENV-1/VN/BID-V1534/2007,10690,complete,Viet Nam: South,Homo sapiens,blood,"Henn,M.R., Young,S., Kodira,C., Koehrsen,M., Jaffe,D., Berlin,A., Heiman,D., Hepburn,T., Sykes,S., Borenstein,D., Crawford,M., Engels,R., Freedman,E., Howarth,C., Jen,D., Larson,L., Ledlie,T., Lewis,B., Montgomery,P., Park,D., Pearson,M., Roberts,A., Sisk,P., Stolte,C., White,J., Zeng,Q., Yandava,C., Oleary,S., Alvarado,L., Alvarez,P., Brockman,W., Butler,J., Gnerre,S., Grabherr,M., Kleber,M., Mauceli,E., MacCallum,I., Vu,H.T., Nguyen,Q.H., Nguyen,Q.T., Duong,P.H., Lander,E., Galagan,J., Nusbaum,C., Simmons,C.P., Birren,B.",2007,2008-05-12,ssRNA(+)
EU677162,dengue virus type I,Orthoflavivirus denguei,,DENV-1/VN/BID-V1535/2007,10691,complete,Viet Nam: South,Homo sapiens,blood,"Henn,M.R., Young,S., Kodira,C., Koehrsen,M., Jaffe,D., Berlin,A., Heiman,D., Hepburn,T., Sykes,S., Borenstein,D., Crawford,M., Engels,R., Freedman,E., Howarth,C., Jen,D., Larson,L., Ledlie,T., Lewis,B., Montgomery,P., Park,D., Pearson,M., Roberts,A., Sisk,P., Stolte,C., White,J., Zeng,Q., Yandava,C., Oleary,S., Alvarado,L., Alvarez,P., Brockman,W., Butler,J., Gnerre,S., Grabherr,M., Kleber,M., Mauceli,E., MacCallum,I., Vu,H.T., Nguyen,Q.H., Nguyen,Q.T., Duong,P.H., Lander,E., Galagan,J., Nusbaum,C., Simmons,C.P., Birren,B.",2007,2008-05-12,ssRNA(+)
EU677163,dengue virus type I,Orthoflavivirus denguei,,DENV-1/VN/BID-V1536/2007,10690,complete,Viet Nam: South,Homo sapiens,blood,"Henn,M.R., Young,S., Kodira,C., Koehrsen,M., Jaffe,D., Berlin,A., Heiman,D., Hepburn,T., Sykes,S., Borenstein,D., Crawford,M., Engels,R., Freedman,E., Howarth,C., Jen,D., Larson,L., Ledlie,T., Lewis,B., Montgomery,P., Park,D., Pearson,M., Roberts,A., Sisk,P., Stolte,C., White,J., Zeng,Q., Yandava,C., Oleary,S., Alvarado,L., Alvarez,P., Brockman,W., Butler,J., Gnerre,S., Grabherr,M., Kleber,M., Mauceli,E., MacCallum,I., Vu,H.T., Nguyen,Q.H., Nguyen,Q.T., Duong,P.H., Lander,E., Galagan,J., Nusbaum,C., Simmons,C.P., Birren,B.",2007,2008-05-12,ssRNA(+)
EU677164,dengue virus type I,Orthoflavivirus denguei,,DENV-1/VN/BID-V1537/2007,10690,complete,Viet Nam: South,Homo sapiens,blood,"Henn,M.R., Young,S., Kodira,C., Koehrsen,M., Jaffe,D., Berlin,A., Heiman,D., Hepburn,T., Sykes,S., Borenstein,D., Crawford,M., Engels,R., Freedman,E., Howarth,C., Jen,D., Larson,L., Ledlie,T., Lewis,B., Montgomery,P., Park,D., Pearson,M., Roberts,A., Sisk,P., Stolte,C., White,J., Zeng,Q., Yandava,C., Oleary,S., Alvarado,L., Alvarez,P., Brockman,W., Butler,J., Gnerre,S., Grabherr,M., Kleber,M., Mauceli,E., MacCallum,I., Vu,H.T., Nguyen,Q.H., Nguyen,Q.T., Duong,P.H., Lander,E., Galagan,J., Nusbaum,C., Simmons,C.P., Birren,B.",2007,2008-05-12,ssRNA(+)
EU677165,dengue virus type I,Orthoflavivirus denguei,,DENV-1/VN/BID-V1538/2007,10690,complete,Viet Nam: South,Homo sapiens,blood,"Henn,M.R., Young,S., Kodira,C., Koehrsen,M., Jaffe,D., Berlin,A., Heiman,D., Hepburn,T., Sykes,S., Borenstein,D., Crawford,M., Engels,R., Freedman,E., Howarth,C., Jen,D., Larson,L., Ledlie,T., Lewis,B., Montgomery,P., Park,D., Pearson,M., Roberts,A., Sisk,P., Stolte,C., White,J., Zeng,Q., Yandava,C., Oleary,S., Alvarado,L., Alvarez,P., Brockman,W., Butler,J., Gnerre,S., Grabherr,M., Kleber,M., Mauceli,E., MacCallum,I., Vu,H.T., Nguyen,Q.H., Nguyen,Q.T., Duong,P.H., Lander,E., Galagan,J., Nusbaum,C., Simmons,C.P., Birren,B.",2007,2008-05-12,ssRNA(+)
EU677166,dengue virus type I,Orthoflavivirus denguei,,DENV-1/VN/BID-V1541/2007,10690,complete,Viet Nam: South,Homo sapiens,blood,"Henn,M.R., Young,S., Kodira,C., Koehrsen,M., Jaffe,D., Berlin,A., Heiman,D., Hepburn,T., Sykes,S., Borenstein,D., Crawford,M., Engels,R., Freedman,E., Howarth,C., Jen,D., Larson,L., Ledlie,T., Lewis,B., Montgomery,P., Park,D., Pearson,M., Roberts,A., Sisk,P., Stolte,C., White,J., Zeng,Q., Yandava,C., Oleary,S., Alvarado,L., Alvarez,P., Brockman,W., Butler,J., Gnerre,S., Grabherr,M., Kleber,M., Mauceli,E., MacCallum,I., Vu,H.T., Nguyen,Q.H., Nguyen,Q.T., Duong,P.H., Lander,E., Galagan,J., Nusbaum,C., Simmons,C.P., Birren,B.",2007,2008-05-12,ssRNA(+)
EU677167,dengue virus type I,Orthoflavivirus denguei,,DENV-1/VN/BID-V1542/2007,10690,complete,Viet Nam: South,Homo sapiens,blood,"Henn,M.R., Young,S., Kodira,C., Koehrsen,M., Jaffe,D., Berlin,A., Heiman,D., Hepburn,T., Sykes,S., Borenstein,D., Crawford,M., Engels,R., Freedman,E., Howarth,C., Jen,D., Larson,L., Ledlie,T., Lewis,B., Montgomery,P., Park,D., Pearson,M., Roberts,A., Sisk,P., Stolte,C., White,J., Zeng,Q., Yandava,C., Oleary,S., Alvarado,L., Alvarez,P., Brockman,W., Butler,J., Gnerre,S., Grabherr,M., Kleber,M., Mauceli,E., MacCallum,I., Vu,H.T., Nguyen,Q.H., Nguyen,Q.T., Duong,P.H., Lander,E., Galagan,J., Nusbaum,C., Simmons,C.P., Birren,B.",2007,2008-05-12,ssRNA(+)
EU677168,dengue virus type I,Orthoflavivirus denguei,,DENV-1/VN/BID-V1543/2007,10690,complete,Viet Nam: South,Homo sapiens,blood,"Henn,M.R., Young,S., Kodira,C., Koehrsen,M., Jaffe,D., Berlin,A., Heiman,D., Hepburn,T., Sykes,S., Borenstein,D., Crawford,M., Engels,R., Freedman,E., Howarth,C., Jen,D., Larson,L., Ledlie,T., Lewis,B., Montgomery,P., Park,D., Pearson,M., Roberts,A., Sisk,P., Stolte,C., White,J., Zeng,Q., Yandava,C., Oleary,S., Alvarado,L., Alvarez,P., Brockman,W., Butler,J., Gnerre,S., Grabherr,M., Kleber,M., Mauceli,E., MacCallum,I., Vu,H.T., Nguyen,Q.H., Nguyen,Q.T., Duong,P.H., Lander,E., Galagan,J., Nusbaum,C., Simmons,C.P., Birren,B.",2007,2008-05-12,ssRNA(+)
EU677169,dengue virus type I,Orthoflavivirus denguei,,DENV-1/VN/BID-V1544/2007,10690,complete,Viet Nam: South,Homo sapiens,blood,"Henn,M.R., Young,S., Kodira,C., Koehrsen,M., Jaffe,D., Berlin,A., Heiman,D., Hepburn,T., Sykes,S., Borenstein,D., Crawford,M., Engels,R., Freedman,E., Howarth,C., Jen,D., Larson,L., Ledlie,T., Lewis,B., Montgomery,P., Park,D., Pearson,M., Roberts,A., Sisk,P., Stolte,C., White,J., Zeng,Q., Yandava,C., Oleary,S., Alvarado,L., Alvarez,P., Brockman,W., Butler,J., Gnerre,S., Grabherr,M., Kleber,M., Mauceli,E., MacCallum,I., Vu,H.T., Nguyen,Q.H., Nguyen,Q.T., Duong,P.H., Lander,E., Galagan,J., Nusbaum,C., Simmons,C.P., Birren,B.",2007,2008-05-12,ssRNA(+)
EU677170,dengue virus type I,Orthoflavivirus denguei,,DENV-1/VN/BID-V1545/2007,10690,complete,Viet Nam: South,Homo sapiens,blood,"Henn,M.R., Young,S., Kodira,C., Koehrsen,M., Jaffe,D., Berlin,A., Heiman,D., Hepburn,T., Sykes,S., Borenstein,D., Crawford,M., Engels,R., Freedman,E., Howarth,C., Jen,D., Larson,L., Ledlie,T., Lewis,B., Montgomery,P., Park,D., Pearson,M., Roberts,A., Sisk,P., Stolte,C., White,J., Zeng,Q., Yandava,C., Oleary,S., Alvarado,L., Alvarez,P., Brockman,W., Butler,J., Gnerre,S., Grabherr,M., Kleber,M., Mauceli,E., MacCallum,I., Vu,H.T., Nguyen,Q.H., Nguyen,Q.T., Duong,P.H., Lander,E., Galagan,J., Nusbaum,C., Simmons,C.P., Birren,B.",2007,2008-05-12,ssRNA(+)
EU677171,dengue virus type I,Orthoflavivirus denguei,,DENV-1/VN/BID-V1547/2007,10690,complete,Viet Nam: South,Homo sapiens,blood,"Henn,M.R., Young,S., Kodira,C., Koehrsen,M., Jaffe,D., Berlin,A., Heiman,D., Hepburn,T., Sykes,S., Borenstein,D., Crawford,M., Engels,R., Freedman,E., Howarth,C., Jen,D., Larson,L., Ledlie,T., Lewis,B., Montgomery,P., Park,D., Pearson,M., Roberts,A., Sisk,P., Stolte,C., White,J., Zeng,Q., Yandava,C., Oleary,S., Alvarado,L., Alvarez,P., Brockman,W., Butler,J., Gnerre,S., Grabherr,M., Kleber,M., Mauceli,E., MacCallum,I., Vu,H.T., Nguyen,Q.H., Nguyen,Q.T., Duong,P.H., Lander,E., Galagan,J., Nusbaum,C., Simmons,C.P., Birren,B.",2007,2008-05-12,ssRNA(+)
EU677172,dengue virus type I,Orthoflavivirus denguei,,DENV-1/VN/BID-V1548/2007,10690,complete,Viet Nam: South,Homo sapiens,blood,"Henn,M.R., Young,S., Kodira,C., Koehrsen,M., Jaffe,D., Berlin,A., Heiman,D., Hepburn,T., Sykes,S., Borenstein,D., Crawford,M., Engels,R., Freedman,E., Howarth,C., Jen,D., Larson,L., Ledlie,T., Lewis,B., Montgomery,P., Park,D., Pearson,M., Roberts,A., Sisk,P., Stolte,C., White,J., Zeng,Q., Yandava,C., Oleary,S., Alvarado,L., Alvarez,P., Brockman,W., Butler,J., Gnerre,S., Grabherr,M., Kleber,M., Mauceli,E., MacCallum,I., Vu,H.T., Nguyen,Q.H., Nguyen,Q.T., Duong,P.H., Lander,E., Galagan,J., Nusbaum,C., Simmons,C.P., Birren,B.",2007,2008-05-12,ssRNA(+)
EU677173,dengue virus type I,Orthoflavivirus denguei,,DENV-1/VN/BID-V1549/2007,10690,complete,Viet Nam: South,Homo sapiens,blood,"Henn,M.R., Young,S., Kodira,C., Koehrsen,M., Jaffe,D., Berlin,A., Heiman,D., Hepburn,T., Sykes,S., Borenstein,D., Crawford,M., Engels,R., Freedman,E., Howarth,C., Jen,D., Larson,L., Ledlie,T., Lewis,B., Montgomery,P., Park,D., Pearson,M., Roberts,A., Sisk,P., Stolte,C., White,J., Zeng,Q., Yandava,C., Oleary,S., Alvarado,L., Alvarez,P., Brockman,W., Butler,J., Gnerre,S., Grabherr,M., Kleber,M., Mauceli,E., MacCallum,I., Vu,H.T., Nguyen,Q.H., Nguyen,Q.T., Duong,P.H., Lander,E., Galagan,J., Nusbaum,C., Simmons,C.P., Birren,B.",2007,2008-05-12,ssRNA(+)
EU677174,dengue virus type I,Orthoflavivirus denguei,,DENV-1/VN/BID-V1550/2007,10690,complete,Viet Nam: South,Homo sapiens,blood,"Henn,M.R., Young,S., Kodira,C., Koehrsen,M., Jaffe,D., Berlin,A., Heiman,D., Hepburn,T., Sykes,S., Borenstein,D., Crawford,M., Engels,R., Freedman,E., Howarth,C., Jen,D., Larson,L., Ledlie,T., Lewis,B., Montgomery,P., Park,D., Pearson,M., Roberts,A., Sisk,P., Stolte,C., White,J., Zeng,Q., Yandava,C., Oleary,S., Alvarado,L., Alvarez,P., Brockman,W., Butler,J., Gnerre,S., Grabherr,M., Kleber,M., Mauceli,E., MacCallum,I., Vu,H.T., Nguyen,Q.H., Nguyen,Q.T., Duong,P.H., Lander,E., Galagan,J., Nusbaum,C., Simmons,C.P., Birren,B.",2007,2008-05-12,ssRNA(+)
EU677175,dengue virus type I,Orthoflavivirus denguei,,DENV-1/VN/BID-V1553/2007,10691,complete,Viet Nam: South,Homo sapiens,blood,"Henn,M.R., Young,S., Kodira,C., Koehrsen,M., Jaffe,D., Berlin,A., Heiman,D., Hepburn,T., Sykes,S., Borenstein,D., Crawford,M., Engels,R., Freedman,E., Howarth,C., Jen,D., Larson,L., Ledlie,T., Lewis,B., Montgomery,P., Park,D., Pearson,M., Roberts,A., Sisk,P., Stolte,C., White,J., Zeng,Q., Yandava,C., Oleary,S., Alvarado,L., Alvarez,P., Brockman,W., Butler,J., Gnerre,S., Grabherr,M., Kleber,M., Mauceli,E., MacCallum,I., Vu,H.T., Nguyen,Q.H., Nguyen,Q.T., Duong,P.H., Lander,E., Galagan,J., Nusbaum,C., Simmons,C.P., Birren,B.",2007,2008-05-12,ssRNA(+)
EU677176,dengue virus type I,Orthoflavivirus denguei,,DENV-1/VN/BID-V1555/2007,10690,complete,Viet Nam: South,Homo sapiens,blood,"Henn,M.R., Young,S., Kodira,C., Koehrsen,M., Jaffe,D., Berlin,A., Heiman,D., Hepburn,T., Sykes,S., Borenstein,D., Crawford,M., Engels,R., Freedman,E., Howarth,C., Jen,D., Larson,L., Ledlie,T., Lewis,B., Montgomery,P., Park,D., Pearson,M., Roberts,A., Sisk,P., Stolte,C., White,J., Zeng,Q., Yandava,C., Oleary,S., Alvarado,L., Alvarez,P., Brockman,W., Butler,J., Gnerre,S., Grabherr,M., Kleber,M., Mauceli,E., MacCallum,I., Vu,H.T., Nguyen,Q.H., Nguyen,Q.T., Duong,P.H., Lander,E., Galagan,J., Nusbaum,C., Simmons,C.P., Birren,B.",2007,2008-05-12,ssRNA(+)
EU677177,dengue virus type I,Orthoflavivirus denguei,,DENV-1/VN/BID-V1558/2007,10690,complete,Viet Nam: South,Homo sapiens,blood,"Henn,M.R., Young,S., Kodira,C., Koehrsen,M., Jaffe,D., Berlin,A., Heiman,D., Hepburn,T., Sykes,S., Borenstein,D., Crawford,M., Engels,R., Freedman,E., Howarth,C., Jen,D., Larson,L., Ledlie,T., Lewis,B., Montgomery,P., Park,D., Pearson,M., Roberts,A., Sisk,P., Stolte,C., White,J., Zeng,Q., Yandava,C., Oleary,S., Alvarado,L., Alvarez,P., Brockman,W., Butler,J., Gnerre,S., Grabherr,M., Kleber,M., Mauceli,E., MacCallum,I., Vu,H.T., Nguyen,Q.H., Nguyen,Q.T., Duong,P.H., Lander,E., Galagan,J., Nusbaum,C., Simmons,C.P., Birren,B.",2007,2008-05-12,ssRNA(+)
EU677178,dengue virus type I,Orthoflavivirus denguei,,DENV-1/VN/BID-V1560/2007,10690,complete,Viet Nam: South,Homo sapiens,blood,"Henn,M.R., Young,S., Kodira,C., Koehrsen,M., Jaffe,D., Berlin,A., Heiman,D., Hepburn,T., Sykes,S., Borenstein,D., Crawford,M., Engels,R., Freedman,E., Howarth,C., Jen,D., Larson,L., Ledlie,T., Lewis,B., Montgomery,P., Park,D., Pearson,M., Roberts,A., Sisk,P., Stolte,C., White,J., Zeng,Q., Yandava,C., Oleary,S., Alvarado,L., Alvarez,P., Brockman,W., Butler,J., Gnerre,S., Grabherr,M., Kleber,M., Mauceli,E., MacCallum,I., Vu,H.T., Nguyen,Q.H., Nguyen,Q.T., Duong,P.H., Lander,E., Galagan,J., Nusbaum,C., Simmons,C.P., Birren,B.",2007,2008-05-12,ssRNA(+)
EU687247,dengue virus type I,Orthoflavivirus denguei,,DENV-1/VN/BID-V1504/2006,10690,complete,Viet Nam: South,Homo sapiens,blood,"Henn,M.R., Young,S., Kodira,C., Koehrsen,M., Jaffe,D., Berlin,A., Heiman,D., Hepburn,T., Sykes,S., Borenstein,D., Crawford,M., Engels,R., Freedman,E., Howarth,C., Jen,D., Larson,L., Ledlie,T., Lewis,B., Montgomery,P., Park,D., Pearson,M., Roberts,A., Sisk,P., Stolte,C., White,J., Zeng,Q., Yandava,C., Oleary,S., Alvarado,L., Alvarez,P., Brockman,W., Butler,J., Gnerre,S., Grabherr,M., Kleber,M., Mauceli,E., MacCallum,I., Vu,H.T., Nguyen,Q.H., Nguyen,Q.T., Duong,P.H., Lander,E., Galagan,J., Nusbaum,C., Simmons,C.P., Birren,B.",2006,2008-05-12,ssRNA(+)
EU687248,Dengue virus type 2,Orthoflavivirus denguei,,DENV-2/VN/BID-V1509/2007,10678,complete,Viet Nam: South,Homo sapiens,blood,"Henn,M.R., Young,S., Kodira,C., Koehrsen,M., Jaffe,D., Berlin,A., Heiman,D., Hepburn,T., Sykes,S., Borenstein,D., Crawford,M., Engels,R., Freedman,E., Howarth,C., Jen,D., Larson,L., Ledlie,T., Lewis,B., Montgomery,P., Park,D., Pearson,M., Roberts,A., Sisk,P., Stolte,C., White,J., Zeng,Q., Yandava,C., Oleary,S., Alvarado,L., Alvarez,P., Brockman,W., Butler,J., Gnerre,S., Grabherr,M., Kleber,M., Mauceli,E., MacCallum,I., Vu,H.T., Nguyen,Q.H., Nguyen,Q.T., Duong,P.H., Lander,E., Galagan,J., Nusbaum,C., Simmons,C.P., Birren,B.",2007,2008-05-12,ssRNA(+)
EU687249,Dengue virus type 2,Orthoflavivirus denguei,,DENV-2/VN/BID-V1512/2007,10678,complete,Viet Nam: South,Homo sapiens,blood,"Henn,M.R., Young,S., Kodira,C., Koehrsen,M., Jaffe,D., Berlin,A., Heiman,D., Hepburn,T., Sykes,S., Borenstein,D., Crawford,M., Engels,R., Freedman,E., Howarth,C., Jen,D., Larson,L., Ledlie,T., Lewis,B., Montgomery,P., Park,D., Pearson,M., Roberts,A., Sisk,P., Stolte,C., White,J., Zeng,Q., Yandava,C., Oleary,S., Alvarado,L., Alvarez,P., Brockman,W., Butler,J., Gnerre,S., Grabherr,M., Kleber,M., Mauceli,E., MacCallum,I., Vu,H.T., Nguyen,Q.H., Nguyen,Q.T., Duong,P.H., Lander,E., Galagan,J., Nusbaum,C., Simmons,C.P., Birren,B.",2007,2008-05-12,ssRNA(+)
EU687250,Dengue virus type 2,Orthoflavivirus denguei,,DENV-2/VN/BID-V1522/2007,10668,complete,Viet Nam: South,Homo sapiens,blood,"Henn,M.R., Young,S., Kodira,C., Koehrsen,M., Jaffe,D., Berlin,A., Heiman,D., Hepburn,T., Sykes,S., Borenstein,D., Crawford,M., Engels,R., Freedman,E., Howarth,C., Jen,D., Larson,L., Ledlie,T., Lewis,B., Montgomery,P., Park,D., Pearson,M., Roberts,A., Sisk,P., Stolte,C., White,J., Zeng,Q., Yandava,C., Oleary,S., Alvarado,L., Alvarez,P., Brockman,W., Butler,J., Gnerre,S., Grabherr,M., Kleber,M., Mauceli,E., MacCallum,I., Vu,H.T., Nguyen,Q.H., Nguyen,Q.T., Duong,P.H., Lander,E., Galagan,J., Nusbaum,C., Simmons,C.P., Birren,B.",2007,2008-05-12,ssRNA(+)
EU687251,dengue virus type I,Orthoflavivirus denguei,,DENV-1/VN/BID-V1561/2007,10690,complete,Viet Nam: South,Homo sapiens,blood,"Henn,M.R., Young,S., Kodira,C., Koehrsen,M., Jaffe,D., Berlin,A., Heiman,D., Hepburn,T., Sykes,S., Borenstein,D., Crawford,M., Engels,R., Freedman,E., Howarth,C., Jen,D., Larson,L., Ledlie,T., Lewis,B., Montgomery,P., Park,D., Pearson,M., Roberts,A., Sisk,P., Stolte,C., White,J., Zeng,Q., Yandava,C., Oleary,S., Alvarado,L., Alvarez,P., Brockman,W., Butler,J., Gnerre,S., Grabherr,M., Kleber,M., Mauceli,E., MacCallum,I., Vu,H.T., Nguyen,Q.H., Nguyen,Q.T., Duong,P.H., Lander,E., Galagan,J., Nusbaum,C., Simmons,C.P., Birren,B.",2007,2008-05-12,ssRNA(+)
EU482463,Dengue virus type 2,Orthoflavivirus denguei,,DENV-2/VN/BID-V917/2006,10678,complete,Viet Nam: south,Homo sapiens,blood,"Henn,M.R., Young,S., Kodira,C., Koehrsen,M., Jaffe,D., Berlin,A., Heiman,D., Hepburn,T., Sykes,S., Borenstein,D., Crawford,M., Engels,R., Freedman,E., Howarth,C., Jen,D., Larson,L., Ledlie,T., Lewis,B., Montgomery,P., Park,D., Pearson,M., Roberts,A., Sisk,P., Stolte,C., White,J., Zeng,Q., Yandava,C., Oleary,S., Alvarado,L., Alvarez,P., Brockman,W., Butler,J., Gnerre,S., Grabherr,M., Kleber,M., Mauceli,E., MacCallum,I., Vu,H.T., Nguyen,Q.H., Nguyen,Q.T., Duong,P.H., Lander,E., Galagan,J., Nusbaum,C., Simmons,C.P., Birren,B.",2006,2008-03-04,ssRNA(+)
EU482464,Dengue virus type 2,Orthoflavivirus denguei,,DENV-2/VN/BID-V918/2006,10678,complete,Viet Nam: south,Homo sapiens,blood,"Henn,M.R., Young,S., Kodira,C., Koehrsen,M., Jaffe,D., Berlin,A., Heiman,D., Hepburn,T., Sykes,S., Borenstein,D., Crawford,M., Engels,R., Freedman,E., Howarth,C., Jen,D., Larson,L., Ledlie,T., Lewis,B., Montgomery,P., Park,D., Pearson,M., Roberts,A., Sisk,P., Stolte,C., White,J., Zeng,Q., Yandava,C., Oleary,S., Alvarado,L., Alvarez,P., Brockman,W., Butler,J., Gnerre,S., Grabherr,M., Kleber,M., Mauceli,E., MacCallum,I., Vu,H.T., Nguyen,Q.H., Nguyen,Q.T., Duong,P.H., Lander,E., Galagan,J., Nusbaum,C., Simmons,C.P., Birren,B.",2006,2008-03-04,ssRNA(+)
EU482465,Dengue virus type 2,Orthoflavivirus denguei,,DENV-2/VN/BID-V919/2006,10678,complete,Viet Nam: south,Homo sapiens,blood,"Henn,M.R., Young,S., Kodira,C., Koehrsen,M., Jaffe,D., Berlin,A., Heiman,D., Hepburn,T., Sykes,S., Borenstein,D., Crawford,M., Engels,R., Freedman,E., Howarth,C., Jen,D., Larson,L., Ledlie,T., Lewis,B., Montgomery,P., Park,D., Pearson,M., Roberts,A., Sisk,P., Stolte,C., White,J., Zeng,Q., Yandava,C., Oleary,S., Alvarado,L., Alvarez,P., Brockman,W., Butler,J., Gnerre,S., Grabherr,M., Kleber,M., Mauceli,E., MacCallum,I., Vu,H.T., Nguyen,Q.H., Nguyen,Q.T., Duong,P.H., Lander,E., Galagan,J., Nusbaum,C., Simmons,C.P., Birren,B.",2006,2008-03-04,ssRNA(+)
EU482466,Dengue virus type 2,Orthoflavivirus denguei,,DENV-2/VN/BID-V920/2006,10678,complete,Viet Nam: south,Homo sapiens,blood,"Henn,M.R., Young,S., Kodira,C., Koehrsen,M., Jaffe,D., Berlin,A., Heiman,D., Hepburn,T., Sykes,S., Borenstein,D., Crawford,M., Engels,R., Freedman,E., Howarth,C., Jen,D., Larson,L., Ledlie,T., Lewis,B., Montgomery,P., Park,D., Pearson,M., Roberts,A., Sisk,P., Stolte,C., White,J., Zeng,Q., Yandava,C., Oleary,S., Alvarado,L., Alvarez,P., Brockman,W., Butler,J., Gnerre,S., Grabherr,M., Kleber,M., Mauceli,E., MacCallum,I., Vu,H.T., Nguyen,Q.H., Nguyen,Q.T., Duong,P.H., Lander,E., Galagan,J., Nusbaum,C., Simmons,C.P., Birren,B.",2006,2008-03-04,ssRNA(+)
EU482467,Dengue virus type 2,Orthoflavivirus denguei,,DENV-2/VN/BID-V921/2006,10678,complete,Viet Nam: south,Homo sapiens,blood,"Henn,M.R., Young,S., Kodira,C., Koehrsen,M., Jaffe,D., Berlin,A., Heiman,D., Hepburn,T., Sykes,S., Borenstein,D., Crawford,M., Engels,R., Freedman,E., Howarth,C., Jen,D., Larson,L., Ledlie,T., Lewis,B., Montgomery,P., Park,D., Pearson,M., Roberts,A., Sisk,P., Stolte,C., White,J., Zeng,Q., Yandava,C., Oleary,S., Alvarado,L., Alvarez,P., Brockman,W., Butler,J., Gnerre,S., Grabherr,M., Kleber,M., Mauceli,E., MacCallum,I., Vu,H.T., Nguyen,Q.H., Nguyen,Q.T., Duong,P.H., Lander,E., Galagan,J., Nusbaum,C., Simmons,C.P., Birren,B.",2006,2008-03-04,ssRNA(+)
EU482468,Dengue virus type 2,Orthoflavivirus denguei,,DENV-2/VN/BID-V923/2006,10678,complete,Viet Nam: south,Homo sapiens,blood,"Henn,M.R., Young,S., Kodira,C., Koehrsen,M., Jaffe,D., Berlin,A., Heiman,D., Hepburn,T., Sykes,S., Borenstein,D., Crawford,M., Engels,R., Freedman,E., Howarth,C., Jen,D., Larson,L., Ledlie,T., Lewis,B., Montgomery,P., Park,D., Pearson,M., Roberts,A., Sisk,P., Stolte,C., White,J., Zeng,Q., Yandava,C., Oleary,S., Alvarado,L., Alvarez,P., Brockman,W., Butler,J., Gnerre,S., Grabherr,M., Kleber,M., Mauceli,E., MacCallum,I., Vu,H.T., Nguyen,Q.H., Nguyen,Q.T., Duong,P.H., Lander,E., Galagan,J., Nusbaum,C., Simmons,C.P., Birren,B.",2006,2008-03-04,ssRNA(+)
EU482469,Dengue virus type 2,Orthoflavivirus denguei,,DENV-2/VN/BID-V924/2006,10668,complete,Viet Nam: south,Homo sapiens,blood,"Henn,M.R., Young,S., Kodira,C., Koehrsen,M., Jaffe,D., Berlin,A., Heiman,D., Hepburn,T., Sykes,S., Borenstein,D., Crawford,M., Engels,R., Freedman,E., Howarth,C., Jen,D., Larson,L., Ledlie,T., Lewis,B., Montgomery,P., Park,D., Pearson,M., Roberts,A., Sisk,P., Stolte,C., White,J., Zeng,Q., Yandava,C., Oleary,S., Alvarado,L., Alvarez,P., Brockman,W., Butler,J., Gnerre,S., Grabherr,M., Kleber,M., Mauceli,E., MacCallum,I., Vu,H.T., Nguyen,Q.H., Nguyen,Q.T., Duong,P.H., Lander,E., Galagan,J., Nusbaum,C., Simmons,C.P., Birren,B.",2006,2008-03-04,ssRNA(+)
EU482470,Dengue virus type 2,Orthoflavivirus denguei,,DENV-2/VN/BID-V925/2006,10678,complete,Viet Nam: south,Homo sapiens,blood,"Henn,M.R., Young,S., Kodira,C., Koehrsen,M., Jaffe,D., Berlin,A., Heiman,D., Hepburn,T., Sykes,S., Borenstein,D., Crawford,M., Engels,R., Freedman,E., Howarth,C., Jen,D., Larson,L., Ledlie,T., Lewis,B., Montgomery,P., Park,D., Pearson,M., Roberts,A., Sisk,P., Stolte,C., White,J., Zeng,Q., Yandava,C., Oleary,S., Alvarado,L., Alvarez,P., Brockman,W., Butler,J., Gnerre,S., Grabherr,M., Kleber,M., Mauceli,E., MacCallum,I., Vu,H.T., Nguyen,Q.H., Nguyen,Q.T., Duong,P.H., Lander,E., Galagan,J., Nusbaum,C., Simmons,C.P., Birren,B.",2006,2008-03-04,ssRNA(+)
EU482471,Dengue virus type 2,Orthoflavivirus denguei,,DENV-2/VN/BID-V926/2006,10678,complete,Viet Nam: south,Homo sapiens,blood,"Henn,M.R., Young,S., Kodira,C., Koehrsen,M., Jaffe,D., Berlin,A., Heiman,D., Hepburn,T., Sykes,S., Borenstein,D., Crawford,M., Engels,R., Freedman,E., Howarth,C., Jen,D., Larson,L., Ledlie,T., Lewis,B., Montgomery,P., Park,D., Pearson,M., Roberts,A., Sisk,P., Stolte,C., White,J., Zeng,Q., Yandava,C., Oleary,S., Alvarado,L., Alvarez,P., Brockman,W., Butler,J., Gnerre,S., Grabherr,M., Kleber,M., Mauceli,E., MacCallum,I., Vu,H.T., Nguyen,Q.H., Nguyen,Q.T., Duong,P.H., Lander,E., Galagan,J., Nusbaum,C., Simmons,C.P., Birren,B.",2006,2008-03-04,ssRNA(+)
EU482472,Dengue virus type 2,Orthoflavivirus denguei,,DENV-2/VN/BID-V927/2004,10678,complete,Viet Nam: south,Homo sapiens,blood,"Henn,M.R., Young,S., Kodira,C., Koehrsen,M., Jaffe,D., Berlin,A., Heiman,D., Hepburn,T., Sykes,S., Borenstein,D., Crawford,M., Engels,R., Freedman,E., Howarth,C., Jen,D., Larson,L., Ledlie,T., Lewis,B., Montgomery,P., Park,D., Pearson,M., Roberts,A., Sisk,P., Stolte,C., White,J., Zeng,Q., Yandava,C., Oleary,S., Alvarado,L., Alvarez,P., Brockman,W., Butler,J., Gnerre,S., Grabherr,M., Kleber,M., Mauceli,E., MacCallum,I., Vu,H.T., Nguyen,Q.H., Nguyen,Q.T., Duong,P.H., Lander,E., Galagan,J., Nusbaum,C., Simmons,C.P., Birren,B.",2004,2008-03-04,ssRNA(+)
EU482473,Dengue virus type 2,Orthoflavivirus denguei,,DENV-2/VN/BID-V928/2006,10678,complete,Viet Nam: south,Homo sapiens,blood,"Henn,M.R., Young,S., Kodira,C., Koehrsen,M., Jaffe,D., Berlin,A., Heiman,D., Hepburn,T., Sykes,S., Borenstein,D., Crawford,M., Engels,R., Freedman,E., Howarth,C., Jen,D., Larson,L., Ledlie,T., Lewis,B., Montgomery,P., Park,D., Pearson,M., Roberts,A., Sisk,P., Stolte,C., White,J., Zeng,Q., Yandava,C., Oleary,S., Alvarado,L., Alvarez,P., Brockman,W., Butler,J., Gnerre,S., Grabherr,M., Kleber,M., Mauceli,E., MacCallum,I., Vu,H.T., Nguyen,Q.H., Nguyen,Q.T., Duong,P.H., Lander,E., Galagan,J., Nusbaum,C., Simmons,C.P., Birren,B.",2006,2008-03-04,ssRNA(+)
EU482474,Dengue virus type 2,Orthoflavivirus denguei,,DENV-2/VN/BID-V929/2007,10678,complete,Viet Nam: south,Homo sapiens,blood,"Henn,M.R., Young,S., Kodira,C., Koehrsen,M., Jaffe,D., Berlin,A., Heiman,D., Hepburn,T., Sykes,S., Borenstein,D., Crawford,M., Engels,R., Freedman,E., Howarth,C., Jen,D., Larson,L., Ledlie,T., Lewis,B., Montgomery,P., Park,D., Pearson,M., Roberts,A., Sisk,P., Stolte,C., White,J., Zeng,Q., Yandava,C., Oleary,S., Alvarado,L., Alvarez,P., Brockman,W., Butler,J., Gnerre,S., Grabherr,M., Kleber,M., Mauceli,E., MacCallum,I., Vu,H.T., Nguyen,Q.H., Nguyen,Q.T., Duong,P.H., Lander,E., Galagan,J., Nusbaum,C., Simmons,C.P., Birren,B.",2007,2008-03-04,ssRNA(+)
EU482475,Dengue virus type 2,Orthoflavivirus denguei,,DENV-2/VN/BID-V930/2007,10678,complete,Viet Nam: south,Homo sapiens,blood,"Henn,M.R., Young,S., Kodira,C., Koehrsen,M., Jaffe,D., Berlin,A., Heiman,D., Hepburn,T., Sykes,S., Borenstein,D., Crawford,M., Engels,R., Freedman,E., Howarth,C., Jen,D., Larson,L., Ledlie,T., Lewis,B., Montgomery,P., Park,D., Pearson,M., Roberts,A., Sisk,P., Stolte,C., White,J., Zeng,Q., Yandava,C., Oleary,S., Alvarado,L., Alvarez,P., Brockman,W., Butler,J., Gnerre,S., Grabherr,M., Kleber,M., Mauceli,E., MacCallum,I., Vu,H.T., Nguyen,Q.H., Nguyen,Q.T., Duong,P.H., Lander,E., Galagan,J., Nusbaum,C., Simmons,C.P., Birren,B.",2007,2008-03-04,ssRNA(+)
EU482476,dengue virus type I,Orthoflavivirus denguei,,DENV-1/VN/BID-V931/2003,10690,complete,Viet Nam: south,Homo sapiens,blood,"Henn,M.R., Young,S., Kodira,C., Koehrsen,M., Jaffe,D., Berlin,A., Heiman,D., Hepburn,T., Sykes,S., Borenstein,D., Crawford,M., Engels,R., Freedman,E., Howarth,C., Jen,D., Larson,L., Ledlie,T., Lewis,B., Montgomery,P., Park,D., Pearson,M., Roberts,A., Sisk,P., Stolte,C., White,J., Zeng,Q., Yandava,C., Oleary,S., Alvarado,L., Alvarez,P., Brockman,W., Butler,J., Gnerre,S., Grabherr,M., Kleber,M., Mauceli,E., MacCallum,I., Vu,H.T., Nguyen,Q.H., Nguyen,Q.T., Duong,P.H., Lander,E., Galagan,J., Nusbaum,C., Simmons,C.P., Birren,B.",2003,2008-03-04,ssRNA(+)
EU482477,dengue virus type I,Orthoflavivirus denguei,,DENV-1/VN/BID-V932/2007,10690,complete,Viet Nam: south,Homo sapiens,blood,"Henn,M.R., Young,S., Kodira,C., Koehrsen,M., Jaffe,D., Berlin,A., Heiman,D., Hepburn,T., Sykes,S., Borenstein,D., Crawford,M., Engels,R., Freedman,E., Howarth,C., Jen,D., Larson,L., Ledlie,T., Lewis,B., Montgomery,P., Park,D., Pearson,M., Roberts,A., Sisk,P., Stolte,C., White,J., Zeng,Q., Yandava,C., Oleary,S., Alvarado,L., Alvarez,P., Brockman,W., Butler,J., Gnerre,S., Grabherr,M., Kleber,M., Mauceli,E., MacCallum,I., Vu,H.T., Nguyen,Q.H., Nguyen,Q.T., Duong,P.H., Lander,E., Galagan,J., Nusbaum,C., Simmons,C.P., Birren,B.",2007,2008-03-04,ssRNA(+)
EU482478,dengue virus type I,Orthoflavivirus denguei,,DENV-1/VN/BID-V933/2007,10690,complete,Viet Nam: south,Homo sapiens,blood,"Henn,M.R., Young,S., Kodira,C., Koehrsen,M., Jaffe,D., Berlin,A., Heiman,D., Hepburn,T., Sykes,S., Borenstein,D., Crawford,M., Engels,R., Freedman,E., Howarth,C., Jen,D., Larson,L., Ledlie,T., Lewis,B., Montgomery,P., Park,D., Pearson,M., Roberts,A., Sisk,P., Stolte,C., White,J., Zeng,Q., Yandava,C., Oleary,S., Alvarado,L., Alvarez,P., Brockman,W., Butler,J., Gnerre,S., Grabherr,M., Kleber,M., Mauceli,E., MacCallum,I., Vu,H.T., Nguyen,Q.H., Nguyen,Q.T., Duong,P.H., Lander,E., Galagan,J., Nusbaum,C., Simmons,C.P., Birren,B.",2007,2008-03-04,ssRNA(+)
EU482479,dengue virus type I,Orthoflavivirus denguei,,DENV-1/VN/BID-V934/2007,10690,complete,Viet Nam: south,Homo sapiens,blood,"Henn,M.R., Young,S., Kodira,C., Koehrsen,M., Jaffe,D., Berlin,A., Heiman,D., Hepburn,T., Sykes,S., Borenstein,D., Crawford,M., Engels,R., Freedman,E., Howarth,C., Jen,D., Larson,L., Ledlie,T., Lewis,B., Montgomery,P., Park,D., Pearson,M., Roberts,A., Sisk,P., Stolte,C., White,J., Zeng,Q., Yandava,C., Oleary,S., Alvarado,L., Alvarez,P., Brockman,W., Butler,J., Gnerre,S., Grabherr,M., Kleber,M., Mauceli,E., MacCallum,I., Vu,H.T., Nguyen,Q.H., Nguyen,Q.T., Duong,P.H., Lander,E., Galagan,J., Nusbaum,C., Simmons,C.P., Birren,B.",2007,2008-03-04,ssRNA(+)
EU482480,dengue virus type I,Orthoflavivirus denguei,,DENV-1/VN/BID-V935/2006,10690,complete,Viet Nam: south,Homo sapiens,blood,"Henn,M.R., Young,S., Kodira,C., Koehrsen,M., Jaffe,D., Berlin,A., Heiman,D., Hepburn,T., Sykes,S., Borenstein,D., Crawford,M., Engels,R., Freedman,E., Howarth,C., Jen,D., Larson,L., Ledlie,T., Lewis,B., Montgomery,P., Park,D., Pearson,M., Roberts,A., Sisk,P., Stolte,C., White,J., Zeng,Q., Yandava,C., Oleary,S., Alvarado,L., Alvarez,P., Brockman,W., Butler,J., Gnerre,S., Grabherr,M., Kleber,M., Mauceli,E., MacCallum,I., Vu,H.T., Nguyen,Q.H., Nguyen,Q.T., Duong,P.H., Lander,E., Galagan,J., Nusbaum,C., Simmons,C.P., Birren,B.",2006,2008-03-04,ssRNA(+)
EU482481,dengue virus type I,Orthoflavivirus denguei,,DENV-1/VN/BID-V936/2007,10690,complete,Viet Nam: south,Homo sapiens,blood,"Henn,M.R., Young,S., Kodira,C., Koehrsen,M., Jaffe,D., Berlin,A., Heiman,D., Hepburn,T., Sykes,S., Borenstein,D., Crawford,M., Engels,R., Freedman,E., Howarth,C., Jen,D., Larson,L., Ledlie,T., Lewis,B., Montgomery,P., Park,D., Pearson,M., Roberts,A., Sisk,P., Stolte,C., White,J., Zeng,Q., Yandava,C., Oleary,S., Alvarado,L., Alvarez,P., Brockman,W., Butler,J., Gnerre,S., Grabherr,M., Kleber,M., Mauceli,E., MacCallum,I., Vu,H.T., Nguyen,Q.H., Nguyen,Q.T., Duong,P.H., Lander,E., Galagan,J., Nusbaum,C., Simmons,C.P., Birren,B.",2007,2008-03-04,ssRNA(+)
EU482482,dengue virus type I,Orthoflavivirus denguei,,DENV-1/VN/BID-V937/2007,10690,complete,Viet Nam: south,Homo sapiens,blood,"Henn,M.R., Young,S., Kodira,C., Koehrsen,M., Jaffe,D., Berlin,A., Heiman,D., Hepburn,T., Sykes,S., Borenstein,D., Crawford,M., Engels,R., Freedman,E., Howarth,C., Jen,D., Larson,L., Ledlie,T., Lewis,B., Montgomery,P., Park,D., Pearson,M., Roberts,A., Sisk,P., Stolte,C., White,J., Zeng,Q., Yandava,C., Oleary,S., Alvarado,L., Alvarez,P., Brockman,W., Butler,J., Gnerre,S., Grabherr,M., Kleber,M., Mauceli,E., MacCallum,I., Vu,H.T., Nguyen,Q.H., Nguyen,Q.T., Duong,P.H., Lander,E., Galagan,J., Nusbaum,C., Simmons,C.P., Birren,B.",2007,2008-03-04,ssRNA(+)
EU482483,dengue virus type I,Orthoflavivirus denguei,,DENV-1/VN/BID-V938/2007,10690,complete,Viet Nam: south,Homo sapiens,blood,"Henn,M.R., Young,S., Kodira,C., Koehrsen,M., Jaffe,D., Berlin,A., Heiman,D., Hepburn,T., Sykes,S., Borenstein,D., Crawford,M., Engels,R., Freedman,E., Howarth,C., Jen,D., Larson,L., Ledlie,T., Lewis,B., Montgomery,P., Park,D., Pearson,M., Roberts,A., Sisk,P., Stolte,C., White,J., Zeng,Q., Yandava,C., Oleary,S., Alvarado,L., Alvarez,P., Brockman,W., Butler,J., Gnerre,S., Grabherr,M., Kleber,M., Mauceli,E., MacCallum,I., Vu,H.T., Nguyen,Q.H., Nguyen,Q.T., Duong,P.H., Lander,E., Galagan,J., Nusbaum,C., Simmons,C.P., Birren,B.",2007,2008-03-04,ssRNA(+)
EU482484,dengue virus type I,Orthoflavivirus denguei,,DENV-1/VN/BID-V939/2007,10690,complete,Viet Nam: south,Homo sapiens,blood,"Henn,M.R., Young,S., Kodira,C., Koehrsen,M., Jaffe,D., Berlin,A., Heiman,D., Hepburn,T., Sykes,S., Borenstein,D., Crawford,M., Engels,R., Freedman,E., Howarth,C., Jen,D., Larson,L., Ledlie,T., Lewis,B., Montgomery,P., Park,D., Pearson,M., Roberts,A., Sisk,P., Stolte,C., White,J., Zeng,Q., Yandava,C., Oleary,S., Alvarado,L., Alvarez,P., Brockman,W., Butler,J., Gnerre,S., Grabherr,M., Kleber,M., Mauceli,E., MacCallum,I., Vu,H.T., Nguyen,Q.H., Nguyen,Q.T., Duong,P.H., Lander,E., Galagan,J., Nusbaum,C., Simmons,C.P., Birren,B.",2007,2008-03-04,ssRNA(+)
EU482485,dengue virus type I,Orthoflavivirus denguei,,DENV-1/VN/BID-V940/2007,10690,complete,Viet Nam: south,Homo sapiens,blood,"Henn,M.R., Young,S., Kodira,C., Koehrsen,M., Jaffe,D., Berlin,A., Heiman,D., Hepburn,T., Sykes,S., Borenstein,D., Crawford,M., Engels,R., Freedman,E., Howarth,C., Jen,D., Larson,L., Ledlie,T., Lewis,B., Montgomery,P., Park,D., Pearson,M., Roberts,A., Sisk,P., Stolte,C., White,J., Zeng,Q., Yandava,C., Oleary,S., Alvarado,L., Alvarez,P., Brockman,W., Butler,J., Gnerre,S., Grabherr,M., Kleber,M., Mauceli,E., MacCallum,I., Vu,H.T., Nguyen,Q.H., Nguyen,Q.T., Duong,P.H., Lander,E., Galagan,J., Nusbaum,C., Simmons,C.P., Birren,B.",2007,2008-03-04,ssRNA(+)
EU482486,dengue virus type I,Orthoflavivirus denguei,,DENV-1/VN/BID-V941/2007,10690,complete,Viet Nam: south,Homo sapiens,blood,"Henn,M.R., Young,S., Kodira,C., Koehrsen,M., Jaffe,D., Berlin,A., Heiman,D., Hepburn,T., Sykes,S., Borenstein,D., Crawford,M., Engels,R., Freedman,E., Howarth,C., Jen,D., Larson,L., Ledlie,T., Lewis,B., Montgomery,P., Park,D., Pearson,M., Roberts,A., Sisk,P., Stolte,C., White,J., Zeng,Q., Yandava,C., Oleary,S., Alvarado,L., Alvarez,P., Brockman,W., Butler,J., Gnerre,S., Grabherr,M., Kleber,M., Mauceli,E., MacCallum,I., Vu,H.T., Nguyen,Q.H., Nguyen,Q.T., Duong,P.H., Lander,E., Galagan,J., Nusbaum,C., Simmons,C.P., Birren,B.",2007,2008-03-04,ssRNA(+)
EU482487,dengue virus type I,Orthoflavivirus denguei,,DENV-1/VN/BID-V942/2007,10690,complete,Viet Nam: south,Homo sapiens,blood,"Henn,M.R., Young,S., Kodira,C., Koehrsen,M., Jaffe,D., Berlin,A., Heiman,D., Hepburn,T., Sykes,S., Borenstein,D., Crawford,M., Engels,R., Freedman,E., Howarth,C., Jen,D., Larson,L., Ledlie,T., Lewis,B., Montgomery,P., Park,D., Pearson,M., Roberts,A., Sisk,P., Stolte,C., White,J., Zeng,Q., Yandava,C., Oleary,S., Alvarado,L., Alvarez,P., Brockman,W., Butler,J., Gnerre,S., Grabherr,M., Kleber,M., Mauceli,E., MacCallum,I., Vu,H.T., Nguyen,Q.H., Nguyen,Q.T., Duong,P.H., Lander,E., Galagan,J., Nusbaum,C., Simmons,C.P., Birren,B.",2007,2008-03-04,ssRNA(+)
EU482488,dengue virus type I,Orthoflavivirus denguei,,DENV-1/VN/BID-V943/2007,10690,complete,Viet Nam: south,Homo sapiens,blood,"Henn,M.R., Young,S., Kodira,C., Koehrsen,M., Jaffe,D., Berlin,A., Heiman,D., Hepburn,T., Sykes,S., Borenstein,D., Crawford,M., Engels,R., Freedman,E., Howarth,C., Jen,D., Larson,L., Ledlie,T., Lewis,B., Montgomery,P., Park,D., Pearson,M., Roberts,A., Sisk,P., Stolte,C., White,J., Zeng,Q., Yandava,C., Oleary,S., Alvarado,L., Alvarez,P., Brockman,W., Butler,J., Gnerre,S., Grabherr,M., Kleber,M., Mauceli,E., MacCallum,I., Vu,H.T., Nguyen,Q.H., Nguyen,Q.T., Duong,P.H., Lander,E., Galagan,J., Nusbaum,C., Simmons,C.P., Birren,B.",2007,2008-03-04,ssRNA(+)
EU482489,dengue virus type I,Orthoflavivirus denguei,,DENV-1/VN/BID-V944/2007,10690,complete,Viet Nam: south,Homo sapiens,blood,"Henn,M.R., Young,S., Kodira,C., Koehrsen,M., Jaffe,D., Berlin,A., Heiman,D., Hepburn,T., Sykes,S., Borenstein,D., Crawford,M., Engels,R., Freedman,E., Howarth,C., Jen,D., Larson,L., Ledlie,T., Lewis,B., Montgomery,P., Park,D., Pearson,M., Roberts,A., Sisk,P., Stolte,C., White,J., Zeng,Q., Yandava,C., Oleary,S., Alvarado,L., Alvarez,P., Brockman,W., Butler,J., Gnerre,S., Grabherr,M., Kleber,M., Mauceli,E., MacCallum,I., Vu,H.T., Nguyen,Q.H., Nguyen,Q.T., Duong,P.H., Lander,E., Galagan,J., Nusbaum,C., Simmons,C.P., Birren,B.",2007,2008-03-04,ssRNA(+)
EU482490,dengue virus type I,Orthoflavivirus denguei,,DENV-1/VN/BID-V945/2007,10675,complete,Viet Nam: south,Homo sapiens,blood,"Henn,M.R., Young,S., Kodira,C., Koehrsen,M., Jaffe,D., Berlin,A., Heiman,D., Hepburn,T., Sykes,S., Borenstein,D., Crawford,M., Engels,R., Freedman,E., Howarth,C., Jen,D., Larson,L., Ledlie,T., Lewis,B., Montgomery,P., Park,D., Pearson,M., Roberts,A., Sisk,P., Stolte,C., White,J., Zeng,Q., Yandava,C., Oleary,S., Alvarado,L., Alvarez,P., Brockman,W., Butler,J., Gnerre,S., Grabherr,M., Kleber,M., Mauceli,E., MacCallum,I., Vu,H.T., Nguyen,Q.H., Nguyen,Q.T., Duong,P.H., Lander,E., Galagan,J., Nusbaum,C., Simmons,C.P., Birren,B.",2007,2008-03-04,ssRNA(+)
EU482491,dengue virus type I,Orthoflavivirus denguei,,DENV-1/VN/BID-V946/2007,10684,complete,Viet Nam: south,Homo sapiens,blood,"Henn,M.R., Young,S., Kodira,C., Koehrsen,M., Jaffe,D., Berlin,A., Heiman,D., Hepburn,T., Sykes,S., Borenstein,D., Crawford,M., Engels,R., Freedman,E., Howarth,C., Jen,D., Larson,L., Ledlie,T., Lewis,B., Montgomery,P., Park,D., Pearson,M., Roberts,A., Sisk,P., Stolte,C., White,J., Zeng,Q., Yandava,C., Oleary,S., Alvarado,L., Alvarez,P., Brockman,W., Butler,J., Gnerre,S., Grabherr,M., Kleber,M., Mauceli,E., MacCallum,I., Vu,H.T., Nguyen,Q.H., Nguyen,Q.T., Duong,P.H., Lander,E., Galagan,J., Nusbaum,C., Simmons,C.P., Birren,B.",2007,2008-03-04,ssRNA(+)
EU482492,dengue virus type I,Orthoflavivirus denguei,,DENV-1/VN/BID-V947/2007,10688,complete,Viet Nam: south,Homo sapiens,blood,"Henn,M.R., Young,S., Kodira,C., Koehrsen,M., Jaffe,D., Berlin,A., Heiman,D., Hepburn,T., Sykes,S., Borenstein,D., Crawford,M., Engels,R., Freedman,E., Howarth,C., Jen,D., Larson,L., Ledlie,T., Lewis,B., Montgomery,P., Park,D., Pearson,M., Roberts,A., Sisk,P., Stolte,C., White,J., Zeng,Q., Yandava,C., Oleary,S., Alvarado,L., Alvarez,P., Brockman,W., Butler,J., Gnerre,S., Grabherr,M., Kleber,M., Mauceli,E., MacCallum,I., Vu,H.T., Nguyen,Q.H., Nguyen,Q.T., Duong,P.H., Lander,E., Galagan,J., Nusbaum,C., Simmons,C.P., Birren,B.",2007,2008-03-04,ssRNA(+)
EU482493,dengue virus type I,Orthoflavivirus denguei,,DENV-1/VN/BID-V948/2007,10690,complete,Viet Nam: south,Homo sapiens,blood,"Henn,M.R., Young,S., Kodira,C., Koehrsen,M., Jaffe,D., Berlin,A., Heiman,D., Hepburn,T., Sykes,S., Borenstein,D., Crawford,M., Engels,R., Freedman,E., Howarth,C., Jen,D., Larson,L., Ledlie,T., Lewis,B., Montgomery,P., Park,D., Pearson,M., Roberts,A., Sisk,P., Stolte,C., White,J., Zeng,Q., Yandava,C., Oleary,S., Alvarado,L., Alvarez,P., Brockman,W., Butler,J., Gnerre,S., Grabherr,M., Kleber,M., Mauceli,E., MacCallum,I., Vu,H.T., Nguyen,Q.H., Nguyen,Q.T., Duong,P.H., Lander,E., Galagan,J., Nusbaum,C., Simmons,C.P., Birren,B.",2007,2008-03-04,ssRNA(+)
EU482494,dengue virus type I,Orthoflavivirus denguei,,DENV-1/VN/BID-V949/2007,10684,complete,Viet Nam: south,Homo sapiens,blood,"Henn,M.R., Young,S., Kodira,C., Koehrsen,M., Jaffe,D., Berlin,A., Heiman,D., Hepburn,T., Sykes,S., Borenstein,D., Crawford,M., Engels,R., Freedman,E., Howarth,C., Jen,D., Larson,L., Ledlie,T., Lewis,B., Montgomery,P., Park,D., Pearson,M., Roberts,A., Sisk,P., Stolte,C., White,J., Zeng,Q., Yandava,C., Oleary,S., Alvarado,L., Alvarez,P., Brockman,W., Butler,J., Gnerre,S., Grabherr,M., Kleber,M., Mauceli,E., MacCallum,I., Vu,H.T., Nguyen,Q.H., Nguyen,Q.T., Duong,P.H., Lander,E., Galagan,J., Nusbaum,C., Simmons,C.P., Birren,B.",2007,2008-03-04,ssRNA(+)
EU482495,dengue virus type I,Orthoflavivirus denguei,,DENV-1/VN/BID-V950/2007,10690,complete,Viet Nam: south,Homo sapiens,blood,"Henn,M.R., Young,S., Kodira,C., Koehrsen,M., Jaffe,D., Berlin,A., Heiman,D., Hepburn,T., Sykes,S., Borenstein,D., Crawford,M., Engels,R., Freedman,E., Howarth,C., Jen,D., Larson,L., Ledlie,T., Lewis,B., Montgomery,P., Park,D., Pearson,M., Roberts,A., Sisk,P., Stolte,C., White,J., Zeng,Q., Yandava,C., Oleary,S., Alvarado,L., Alvarez,P., Brockman,W., Butler,J., Gnerre,S., Grabherr,M., Kleber,M., Mauceli,E., MacCallum,I., Vu,H.T., Nguyen,Q.H., Nguyen,Q.T., Duong,P.H., Lander,E., Galagan,J., Nusbaum,C., Simmons,C.P., Birren,B.",2007,2008-03-04,ssRNA(+)
EU482496,dengue virus type I,Orthoflavivirus denguei,,DENV-1/VN/BID-V951/2007,10690,complete,Viet Nam: south,Homo sapiens,blood,"Henn,M.R., Young,S., Kodira,C., Koehrsen,M., Jaffe,D., Berlin,A., Heiman,D., Hepburn,T., Sykes,S., Borenstein,D., Crawford,M., Engels,R., Freedman,E., Howarth,C., Jen,D., Larson,L., Ledlie,T., Lewis,B., Montgomery,P., Park,D., Pearson,M., Roberts,A., Sisk,P., Stolte,C., White,J., Zeng,Q., Yandava,C., Oleary,S., Alvarado,L., Alvarez,P., Brockman,W., Butler,J., Gnerre,S., Grabherr,M., Kleber,M., Mauceli,E., MacCallum,I., Vu,H.T., Nguyen,Q.H., Nguyen,Q.T., Duong,P.H., Lander,E., Galagan,J., Nusbaum,C., Simmons,C.P., Birren,B.",2007,2008-03-04,ssRNA(+)
EU482497,dengue virus type I,Orthoflavivirus denguei,,DENV-1/VN/BID-V952/2007,10690,complete,Viet Nam: south,Homo sapiens,blood,"Henn,M.R., Young,S., Kodira,C., Koehrsen,M., Jaffe,D., Berlin,A., Heiman,D., Hepburn,T., Sykes,S., Borenstein,D., Crawford,M., Engels,R., Freedman,E., Howarth,C., Jen,D., Larson,L., Ledlie,T., Lewis,B., Montgomery,P., Park,D., Pearson,M., Roberts,A., Sisk,P., Stolte,C., White,J., Zeng,Q., Yandava,C., Oleary,S., Alvarado,L., Alvarez,P., Brockman,W., Butler,J., Gnerre,S., Grabherr,M., Kleber,M., Mauceli,E., MacCallum,I., Vu,H.T., Nguyen,Q.H., Nguyen,Q.T., Duong,P.H., Lander,E., Galagan,J., Nusbaum,C., Simmons,C.P., Birren,B.",2007,2008-03-04,ssRNA(+)
EU482498,dengue virus type I,Orthoflavivirus denguei,,DENV-1/VN/BID-V953/2007,10690,complete,Viet Nam: south,Homo sapiens,blood,"Henn,M.R., Young,S., Kodira,C., Koehrsen,M., Jaffe,D., Berlin,A., Heiman,D., Hepburn,T., Sykes,S., Borenstein,D., Crawford,M., Engels,R., Freedman,E., Howarth,C., Jen,D., Larson,L., Ledlie,T., Lewis,B., Montgomery,P., Park,D., Pearson,M., Roberts,A., Sisk,P., Stolte,C., White,J., Zeng,Q., Yandava,C., Oleary,S., Alvarado,L., Alvarez,P., Brockman,W., Butler,J., Gnerre,S., Grabherr,M., Kleber,M., Mauceli,E., MacCallum,I., Vu,H.T., Nguyen,Q.H., Nguyen,Q.T., Duong,P.H., Lander,E., Galagan,J., Nusbaum,C., Simmons,C.P., Birren,B.",2007,2008-03-04,ssRNA(+)
EU482499,dengue virus type I,Orthoflavivirus denguei,,DENV-1/VN/BID-V954/2007,10690,complete,Viet Nam: south,Homo sapiens,blood,"Henn,M.R., Young,S., Kodira,C., Koehrsen,M., Jaffe,D., Berlin,A., Heiman,D., Hepburn,T., Sykes,S., Borenstein,D., Crawford,M., Engels,R., Freedman,E., Howarth,C., Jen,D., Larson,L., Ledlie,T., Lewis,B., Montgomery,P., Park,D., Pearson,M., Roberts,A., Sisk,P., Stolte,C., White,J., Zeng,Q., Yandava,C., Oleary,S., Alvarado,L., Alvarez,P., Brockman,W., Butler,J., Gnerre,S., Grabherr,M., Kleber,M., Mauceli,E., MacCallum,I., Vu,H.T., Nguyen,Q.H., Nguyen,Q.T., Duong,P.H., Lander,E., Galagan,J., Nusbaum,C., Simmons,C.P., Birren,B.",2007,2008-03-04,ssRNA(+)
EU482500,dengue virus type I,Orthoflavivirus denguei,,DENV-1/VN/BID-V955/2007,10685,complete,Viet Nam: south,Homo sapiens,blood,"Henn,M.R., Young,S., Kodira,C., Koehrsen,M., Jaffe,D., Berlin,A., Heiman,D., Hepburn,T., Sykes,S., Borenstein,D., Crawford,M., Engels,R., Freedman,E., Howarth,C., Jen,D., Larson,L., Ledlie,T., Lewis,B., Montgomery,P., Park,D., Pearson,M., Roberts,A., Sisk,P., Stolte,C., White,J., Zeng,Q., Yandava,C., Oleary,S., Alvarado,L., Alvarez,P., Brockman,W., Butler,J., Gnerre,S., Grabherr,M., Kleber,M., Mauceli,E., MacCallum,I., Vu,H.T., Nguyen,Q.H., Nguyen,Q.T., Duong,P.H., Lander,E., Galagan,J., Nusbaum,C., Simmons,C.P., Birren,B.",2007,2008-03-04,ssRNA(+)
EU482501,dengue virus type I,Orthoflavivirus denguei,,DENV-1/VN/BID-V956/2007,10690,complete,Viet Nam: south,Homo sapiens,blood,"Henn,M.R., Young,S., Kodira,C., Koehrsen,M., Jaffe,D., Berlin,A., Heiman,D., Hepburn,T., Sykes,S., Borenstein,D., Crawford,M., Engels,R., Freedman,E., Howarth,C., Jen,D., Larson,L., Ledlie,T., Lewis,B., Montgomery,P., Park,D., Pearson,M., Roberts,A., Sisk,P., Stolte,C., White,J., Zeng,Q., Yandava,C., Oleary,S., Alvarado,L., Alvarez,P., Brockman,W., Butler,J., Gnerre,S., Grabherr,M., Kleber,M., Mauceli,E., MacCallum,I., Vu,H.T., Nguyen,Q.H., Nguyen,Q.T., Duong,P.H., Lander,E., Galagan,J., Nusbaum,C., Simmons,C.P., Birren,B.",2007,2008-03-04,ssRNA(+)
EU482502,dengue virus type I,Orthoflavivirus denguei,,DENV-1/VN/BID-V957/2007,10686,complete,Viet Nam: south,Homo sapiens,blood,"Henn,M.R., Young,S., Kodira,C., Koehrsen,M., Jaffe,D., Berlin,A., Heiman,D., Hepburn,T., Sykes,S., Borenstein,D., Crawford,M., Engels,R., Freedman,E., Howarth,C., Jen,D., Larson,L., Ledlie,T., Lewis,B., Montgomery,P., Park,D., Pearson,M., Roberts,A., Sisk,P., Stolte,C., White,J., Zeng,Q., Yandava,C., Oleary,S., Alvarado,L., Alvarez,P., Brockman,W., Butler,J., Gnerre,S., Grabherr,M., Kleber,M., Mauceli,E., MacCallum,I., Vu,H.T., Nguyen,Q.H., Nguyen,Q.T., Duong,P.H., Lander,E., Galagan,J., Nusbaum,C., Simmons,C.P., Birren,B.",2007,2008-03-04,ssRNA(+)
EU482503,dengue virus type I,Orthoflavivirus denguei,,DENV-1/VN/BID-V958/2007,10690,complete,Viet Nam: south,Homo sapiens,blood,"Henn,M.R., Young,S., Kodira,C., Koehrsen,M., Jaffe,D., Berlin,A., Heiman,D., Hepburn,T., Sykes,S., Borenstein,D., Crawford,M., Engels,R., Freedman,E., Howarth,C., Jen,D., Larson,L., Ledlie,T., Lewis,B., Montgomery,P., Park,D., Pearson,M., Roberts,A., Sisk,P., Stolte,C., White,J., Zeng,Q., Yandava,C., Oleary,S., Alvarado,L., Alvarez,P., Brockman,W., Butler,J., Gnerre,S., Grabherr,M., Kleber,M., Mauceli,E., MacCallum,I., Vu,H.T., Nguyen,Q.H., Nguyen,Q.T., Duong,P.H., Lander,E., Galagan,J., Nusbaum,C., Simmons,C.P., Birren,B.",2007,2008-03-04,ssRNA(+)
EU482504,dengue virus type I,Orthoflavivirus denguei,,DENV-1/VN/BID-V959/2007,10690,complete,Viet Nam: south,Homo sapiens,blood,"Henn,M.R., Young,S., Kodira,C., Koehrsen,M., Jaffe,D., Berlin,A., Heiman,D., Hepburn,T., Sykes,S., Borenstein,D., Crawford,M., Engels,R., Freedman,E., Howarth,C., Jen,D., Larson,L., Ledlie,T., Lewis,B., Montgomery,P., Park,D., Pearson,M., Roberts,A., Sisk,P., Stolte,C., White,J., Zeng,Q., Yandava,C., Oleary,S., Alvarado,L., Alvarez,P., Brockman,W., Butler,J., Gnerre,S., Grabherr,M., Kleber,M., Mauceli,E., MacCallum,I., Vu,H.T., Nguyen,Q.H., Nguyen,Q.T., Duong,P.H., Lander,E., Galagan,J., Nusbaum,C., Simmons,C.P., Birren,B.",2007,2008-03-04,ssRNA(+)
EU482505,dengue virus type I,Orthoflavivirus denguei,,DENV-1/VN/BID-V960/2007,10690,complete,Viet Nam: south,Homo sapiens,blood,"Henn,M.R., Young,S., Kodira,C., Koehrsen,M., Jaffe,D., Berlin,A., Heiman,D., Hepburn,T., Sykes,S., Borenstein,D., Crawford,M., Engels,R., Freedman,E., Howarth,C., Jen,D., Larson,L., Ledlie,T., Lewis,B., Montgomery,P., Park,D., Pearson,M., Roberts,A., Sisk,P., Stolte,C., White,J., Zeng,Q., Yandava,C., Oleary,S., Alvarado,L., Alvarez,P., Brockman,W., Butler,J., Gnerre,S., Grabherr,M., Kleber,M., Mauceli,E., MacCallum,I., Vu,H.T., Nguyen,Q.H., Nguyen,Q.T., Duong,P.H., Lander,E., Galagan,J., Nusbaum,C., Simmons,C.P., Birren,B.",2007,2008-03-04,ssRNA(+)
EU482506,dengue virus type I,Orthoflavivirus denguei,,DENV-1/VN/BID-V961/2007,10690,complete,Viet Nam: south,Homo sapiens,blood,"Henn,M.R., Young,S., Kodira,C., Koehrsen,M., Jaffe,D., Berlin,A., Heiman,D., Hepburn,T., Sykes,S., Borenstein,D., Crawford,M., Engels,R., Freedman,E., Howarth,C., Jen,D., Larson,L., Ledlie,T., Lewis,B., Montgomery,P., Park,D., Pearson,M., Roberts,A., Sisk,P., Stolte,C., White,J., Zeng,Q., Yandava,C., Oleary,S., Alvarado,L., Alvarez,P., Brockman,W., Butler,J., Gnerre,S., Grabherr,M., Kleber,M., Mauceli,E., MacCallum,I., Vu,H.T., Nguyen,Q.H., Nguyen,Q.T., Duong,P.H., Lander,E., Galagan,J., Nusbaum,C., Simmons,C.P., Birren,B.",2007,2008-03-04,ssRNA(+)
EU482507,dengue virus type I,Orthoflavivirus denguei,,DENV-1/VN/BID-V962/2007,10690,complete,Viet Nam: south,Homo sapiens,blood,"Henn,M.R., Young,S., Kodira,C., Koehrsen,M., Jaffe,D., Berlin,A., Heiman,D., Hepburn,T., Sykes,S., Borenstein,D., Crawford,M., Engels,R., Freedman,E., Howarth,C., Jen,D., Larson,L., Ledlie,T., Lewis,B., Montgomery,P., Park,D., Pearson,M., Roberts,A., Sisk,P., Stolte,C., White,J., Zeng,Q., Yandava,C., Oleary,S., Alvarado,L., Alvarez,P., Brockman,W., Butler,J., Gnerre,S., Grabherr,M., Kleber,M., Mauceli,E., MacCallum,I., Vu,H.T., Nguyen,Q.H., Nguyen,Q.T., Duong,P.H., Lander,E., Galagan,J., Nusbaum,C., Simmons,C.P., Birren,B.",2007,2008-03-04,ssRNA(+)
EU482508,dengue virus type I,Orthoflavivirus denguei,,DENV-1/VN/BID-V963/2007,10690,complete,Viet Nam: south,Homo sapiens,blood,"Henn,M.R., Young,S., Kodira,C., Koehrsen,M., Jaffe,D., Berlin,A., Heiman,D., Hepburn,T., Sykes,S., Borenstein,D., Crawford,M., Engels,R., Freedman,E., Howarth,C., Jen,D., Larson,L., Ledlie,T., Lewis,B., Montgomery,P., Park,D., Pearson,M., Roberts,A., Sisk,P., Stolte,C., White,J., Zeng,Q., Yandava,C., Oleary,S., Alvarado,L., Alvarez,P., Brockman,W., Butler,J., Gnerre,S., Grabherr,M., Kleber,M., Mauceli,E., MacCallum,I., Vu,H.T., Nguyen,Q.H., Nguyen,Q.T., Duong,P.H., Lander,E., Galagan,J., Nusbaum,C., Simmons,C.P., Birren,B.",2007,2008-03-04,ssRNA(+)
EU482509,dengue virus type I,Orthoflavivirus denguei,,DENV-1/VN/BID-V964/2007,10690,complete,Viet Nam: south,Homo sapiens,blood,"Henn,M.R., Young,S., Kodira,C., Koehrsen,M., Jaffe,D., Berlin,A., Heiman,D., Hepburn,T., Sykes,S., Borenstein,D., Crawford,M., Engels,R., Freedman,E., Howarth,C., Jen,D., Larson,L., Ledlie,T., Lewis,B., Montgomery,P., Park,D., Pearson,M., Roberts,A., Sisk,P., Stolte,C., White,J., Zeng,Q., Yandava,C., Oleary,S., Alvarado,L., Alvarez,P., Brockman,W., Butler,J., Gnerre,S., Grabherr,M., Kleber,M., Mauceli,E., MacCallum,I., Vu,H.T., Nguyen,Q.H., Nguyen,Q.T., Duong,P.H., Lander,E., Galagan,J., Nusbaum,C., Simmons,C.P., Birren,B.",2007,2008-03-04,ssRNA(+)
EU482510,dengue virus type I,Orthoflavivirus denguei,,DENV-1/VN/BID-V965/2007,10690,complete,Viet Nam: south,Homo sapiens,blood,"Henn,M.R., Young,S., Kodira,C., Koehrsen,M., Jaffe,D., Berlin,A., Heiman,D., Hepburn,T., Sykes,S., Borenstein,D., Crawford,M., Engels,R., Freedman,E., Howarth,C., Jen,D., Larson,L., Ledlie,T., Lewis,B., Montgomery,P., Park,D., Pearson,M., Roberts,A., Sisk,P., Stolte,C., White,J., Zeng,Q., Yandava,C., Oleary,S., Alvarado,L., Alvarez,P., Brockman,W., Butler,J., Gnerre,S., Grabherr,M., Kleber,M., Mauceli,E., MacCallum,I., Vu,H.T., Nguyen,Q.H., Nguyen,Q.T., Duong,P.H., Lander,E., Galagan,J., Nusbaum,C., Simmons,C.P., Birren,B.",2007,2008-03-04,ssRNA(+)
EU482511,dengue virus type I,Orthoflavivirus denguei,,DENV-1/VN/BID-V966/2007,10690,complete,Viet Nam: south,Homo sapiens,blood,"Henn,M.R., Young,S., Kodira,C., Koehrsen,M., Jaffe,D., Berlin,A., Heiman,D., Hepburn,T., Sykes,S., Borenstein,D., Crawford,M., Engels,R., Freedman,E., Howarth,C., Jen,D., Larson,L., Ledlie,T., Lewis,B., Montgomery,P., Park,D., Pearson,M., Roberts,A., Sisk,P., Stolte,C., White,J., Zeng,Q., Yandava,C., Oleary,S., Alvarado,L., Alvarez,P., Brockman,W., Butler,J., Gnerre,S., Grabherr,M., Kleber,M., Mauceli,E., MacCallum,I., Vu,H.T., Nguyen,Q.H., Nguyen,Q.T., Duong,P.H., Lander,E., Galagan,J., Nusbaum,C., Simmons,C.P., Birren,B.",2007,2008-03-04,ssRNA(+)
EU482512,dengue virus type I,Orthoflavivirus denguei,,DENV-1/VN/BID-V967/2007,10684,complete,Viet Nam: south,Homo sapiens,blood,"Henn,M.R., Young,S., Kodira,C., Koehrsen,M., Jaffe,D., Berlin,A., Heiman,D., Hepburn,T., Sykes,S., Borenstein,D., Crawford,M., Engels,R., Freedman,E., Howarth,C., Jen,D., Larson,L., Ledlie,T., Lewis,B., Montgomery,P., Park,D., Pearson,M., Roberts,A., Sisk,P., Stolte,C., White,J., Zeng,Q., Yandava,C., Oleary,S., Alvarado,L., Alvarez,P., Brockman,W., Butler,J., Gnerre,S., Grabherr,M., Kleber,M., Mauceli,E., MacCallum,I., Vu,H.T., Nguyen,Q.H., Nguyen,Q.T., Duong,P.H., Lander,E., Galagan,J., Nusbaum,C., Simmons,C.P., Birren,B.",2007,2008-03-04,ssRNA(+)
EU482513,dengue virus type I,Orthoflavivirus denguei,,DENV-1/VN/BID-V968/2007,10690,complete,Viet Nam: south,Homo sapiens,blood,"Henn,M.R., Young,S., Kodira,C., Koehrsen,M., Jaffe,D., Berlin,A., Heiman,D., Hepburn,T., Sykes,S., Borenstein,D., Crawford,M., Engels,R., Freedman,E., Howarth,C., Jen,D., Larson,L., Ledlie,T., Lewis,B., Montgomery,P., Park,D., Pearson,M., Roberts,A., Sisk,P., Stolte,C., White,J., Zeng,Q., Yandava,C., Oleary,S., Alvarado,L., Alvarez,P., Brockman,W., Butler,J., Gnerre,S., Grabherr,M., Kleber,M., Mauceli,E., MacCallum,I., Vu,H.T., Nguyen,Q.H., Nguyen,Q.T., Duong,P.H., Lander,E., Galagan,J., Nusbaum,C., Simmons,C.P., Birren,B.",2007,2008-03-04,ssRNA(+)
EU482514,dengue virus type I,Orthoflavivirus denguei,,DENV-1/VN/BID-V969/2007,10690,complete,Viet Nam: south,Homo sapiens,blood,"Henn,M.R., Young,S., Kodira,C., Koehrsen,M., Jaffe,D., Berlin,A., Heiman,D., Hepburn,T., Sykes,S., Borenstein,D., Crawford,M., Engels,R., Freedman,E., Howarth,C., Jen,D., Larson,L., Ledlie,T., Lewis,B., Montgomery,P., Park,D., Pearson,M., Roberts,A., Sisk,P., Stolte,C., White,J., Zeng,Q., Yandava,C., Oleary,S., Alvarado,L., Alvarez,P., Brockman,W., Butler,J., Gnerre,S., Grabherr,M., Kleber,M., Mauceli,E., MacCallum,I., Vu,H.T., Nguyen,Q.H., Nguyen,Q.T., Duong,P.H., Lander,E., Galagan,J., Nusbaum,C., Simmons,C.P., Birren,B.",2007,2008-03-04,ssRNA(+)
EU482515,dengue virus type I,Orthoflavivirus denguei,,DENV-1/VN/BID-V970/2007,10690,complete,Viet Nam: south,Homo sapiens,blood,"Henn,M.R., Young,S., Kodira,C., Koehrsen,M., Jaffe,D., Berlin,A., Heiman,D., Hepburn,T., Sykes,S., Borenstein,D., Crawford,M., Engels,R., Freedman,E., Howarth,C., Jen,D., Larson,L., Ledlie,T., Lewis,B., Montgomery,P., Park,D., Pearson,M., Roberts,A., Sisk,P., Stolte,C., White,J., Zeng,Q., Yandava,C., Oleary,S., Alvarado,L., Alvarez,P., Brockman,W., Butler,J., Gnerre,S., Grabherr,M., Kleber,M., Mauceli,E., MacCallum,I., Vu,H.T., Nguyen,Q.H., Nguyen,Q.T., Duong,P.H., Lander,E., Galagan,J., Nusbaum,C., Simmons,C.P., Birren,B.",2007,2008-03-04,ssRNA(+)
EU482516,dengue virus type I,Orthoflavivirus denguei,,DENV-1/VN/BID-V972/2007,10690,complete,Viet Nam: south,Homo sapiens,blood,"Henn,M.R., Young,S., Kodira,C., Koehrsen,M., Jaffe,D., Berlin,A., Heiman,D., Hepburn,T., Sykes,S., Borenstein,D., Crawford,M., Engels,R., Freedman,E., Howarth,C., Jen,D., Larson,L., Ledlie,T., Lewis,B., Montgomery,P., Park,D., Pearson,M., Roberts,A., Sisk,P., Stolte,C., White,J., Zeng,Q., Yandava,C., Oleary,S., Alvarado,L., Alvarez,P., Brockman,W., Butler,J., Gnerre,S., Grabherr,M., Kleber,M., Mauceli,E., MacCallum,I., Vu,H.T., Nguyen,Q.H., Nguyen,Q.T., Duong,P.H., Lander,E., Galagan,J., Nusbaum,C., Simmons,C.P., Birren,B.",2007,2008-03-04,ssRNA(+)
EU482517,dengue virus type I,Orthoflavivirus denguei,,DENV-1/VN/BID-V973/2007,10690,complete,Viet Nam: south,Homo sapiens,blood,"Henn,M.R., Young,S., Kodira,C., Koehrsen,M., Jaffe,D., Berlin,A., Heiman,D., Hepburn,T., Sykes,S., Borenstein,D., Crawford,M., Engels,R., Freedman,E., Howarth,C., Jen,D., Larson,L., Ledlie,T., Lewis,B., Montgomery,P., Park,D., Pearson,M., Roberts,A., Sisk,P., Stolte,C., White,J., Zeng,Q., Yandava,C., Oleary,S., Alvarado,L., Alvarez,P., Brockman,W., Butler,J., Gnerre,S., Grabherr,M., Kleber,M., Mauceli,E., MacCallum,I., Vu,H.T., Nguyen,Q.H., Nguyen,Q.T., Duong,P.H., Lander,E., Galagan,J., Nusbaum,C., Simmons,C.P., Birren,B.",2007,2008-03-04,ssRNA(+)
EU482646,Dengue virus type 2,Orthoflavivirus denguei,,DENV-2/VN/BID-V709/2006,10660,complete,Viet Nam: south,Homo sapiens,blood,"Henn,M.R., Young,S., Kodira,C., Koehrsen,M., Jaffe,D., Berlin,A., Heiman,D., Hepburn,T., Sykes,S., Borenstein,D., Crawford,M., Engels,R., Freedman,E., Howarth,C., Jen,D., Larson,L., Ledlie,T., Lewis,B., Montgomery,P., Park,D., Pearson,M., Roberts,A., Sisk,P., Stolte,C., White,J., Zeng,Q., Yandava,C., Oleary,S., Alvarado,L., Alvarez,P., Brockman,W., Butler,J., Gnerre,S., Grabherr,M., Kleber,M., Mauceli,E., MacCallum,I., Vu,H.T., Nguyen,Q.H., Nguyen,Q.T., Duong,P.H., Nguyen,H.T., Wills,B., Le,L.B., Lander,E., Galagan,J., Nusbaum,C., Simmons,C.P., Birren,B.",2006,2008-03-04,ssRNA(+)
EU482653,Dengue virus type 2,Orthoflavivirus denguei,,DENV-2/VN/BID-V716/2006,10678,complete,Viet Nam: south,Homo sapiens,blood,"Henn,M.R., Young,S., Kodira,C., Koehrsen,M., Jaffe,D., Berlin,A., Heiman,D., Hepburn,T., Sykes,S., Borenstein,D., Crawford,M., Engels,R., Freedman,E., Howarth,C., Jen,D., Larson,L., Ledlie,T., Lewis,B., Montgomery,P., Park,D., Pearson,M., Roberts,A., Sisk,P., Stolte,C., White,J., Zeng,Q., Yandava,C., Oleary,S., Alvarado,L., Alvarez,P., Brockman,W., Butler,J., Gnerre,S., Grabherr,M., Kleber,M., Mauceli,E., MacCallum,I., Vu,H.T., Nguyen,Q.H., Nguyen,Q.T., Duong,P.H., Nguyen,H.T., Wills,B., Le,L.B., Lander,E., Galagan,J., Nusbaum,C., Simmons,C.P., Birren,B.",2006,2008-03-04,ssRNA(+)
EU482657,Dengue virus type 2,Orthoflavivirus denguei,,DENV-2/VN/BID-V720/2006,10678,complete,Viet Nam: south,Homo sapiens,blood,"Henn,M.R., Young,S., Kodira,C., Koehrsen,M., Jaffe,D., Berlin,A., Heiman,D., Hepburn,T., Sykes,S., Borenstein,D., Crawford,M., Engels,R., Freedman,E., Howarth,C., Jen,D., Larson,L., Ledlie,T., Lewis,B., Montgomery,P., Park,D., Pearson,M., Roberts,A., Sisk,P., Stolte,C., White,J., Zeng,Q., Yandava,C., Oleary,S., Alvarado,L., Alvarez,P., Brockman,W., Butler,J., Gnerre,S., Grabherr,M., Kleber,M., Mauceli,E., MacCallum,I., Vu,H.T., Nguyen,Q.H., Nguyen,Q.T., Duong,P.H., Nguyen,H.T., Wills,B., Le,L.B., Lander,E., Galagan,J., Nusbaum,C., Simmons,C.P., Birren,B.",2006,2008-03-04,ssRNA(+)
EU482660,Dengue virus type 2,Orthoflavivirus denguei,,DENV-2/VN/BID-V723/2006,10666,complete,Viet Nam: south,Homo sapiens,blood,"Henn,M.R., Young,S., Kodira,C., Koehrsen,M., Jaffe,D., Berlin,A., Heiman,D., Hepburn,T., Sykes,S., Borenstein,D., Crawford,M., Engels,R., Freedman,E., Howarth,C., Jen,D., Larson,L., Ledlie,T., Lewis,B., Montgomery,P., Park,D., Pearson,M., Roberts,A., Sisk,P., Stolte,C., White,J., Zeng,Q., Yandava,C., Oleary,S., Alvarado,L., Alvarez,P., Brockman,W., Butler,J., Gnerre,S., Grabherr,M., Kleber,M., Mauceli,E., MacCallum,I., Vu,H.T., Nguyen,Q.H., Nguyen,Q.T., Duong,P.H., Nguyen,H.T., Wills,B., Le,L.B., Lander,E., Galagan,J., Nusbaum,C., Simmons,C.P., Birren,B.",2006,2008-03-04,ssRNA(+)
EU482662,Dengue virus type 2,Orthoflavivirus denguei,,DENV-2/VN/BID-V725/2006,10669,complete,Viet Nam: south,Homo sapiens,blood,"Henn,M.R., Young,S., Kodira,C., Koehrsen,M., Jaffe,D., Berlin,A., Heiman,D., Hepburn,T., Sykes,S., Borenstein,D., Crawford,M., Engels,R., Freedman,E., Howarth,C., Jen,D., Larson,L., Ledlie,T., Lewis,B., Montgomery,P., Park,D., Pearson,M., Roberts,A., Sisk,P., Stolte,C., White,J., Zeng,Q., Yandava,C., Oleary,S., Alvarado,L., Alvarez,P., Brockman,W., Butler,J., Gnerre,S., Grabherr,M., Kleber,M., Mauceli,E., MacCallum,I., Vu,H.T., Nguyen,Q.H., Nguyen,Q.T., Duong,P.H., Tran,T.T., Lander,E., Galagan,J., Nusbaum,C., Simmons,C.P., Birren,B.",2006,2008-03-04,ssRNA(+)
EU482665,Dengue virus type 2,Orthoflavivirus denguei,,DENV-2/VN/BID-V728/2006,10671,complete,Viet Nam: south,Homo sapiens,blood,"Henn,M.R., Young,S., Kodira,C., Koehrsen,M., Jaffe,D., Berlin,A., Heiman,D., Hepburn,T., Sykes,S., Borenstein,D., Crawford,M., Engels,R., Freedman,E., Howarth,C., Jen,D., Larson,L., Ledlie,T., Lewis,B., Montgomery,P., Park,D., Pearson,M., Roberts,A., Sisk,P., Stolte,C., White,J., Zeng,Q., Yandava,C., Oleary,S., Alvarado,L., Alvarez,P., Brockman,W., Butler,J., Gnerre,S., Grabherr,M., Kleber,M., Mauceli,E., MacCallum,I., Vu,H.T., Nguyen,Q.H., Nguyen,Q.T., Duong,P.H., Tran,T.T., Lander,E., Galagan,J., Nusbaum,C., Simmons,C.P., Birren,B.",2006,2008-03-04,ssRNA(+)
EU482667,Dengue virus type 2,Orthoflavivirus denguei,,DENV-2/VN/BID-V730/2006,10661,complete,Viet Nam: south,Homo sapiens,blood,"Henn,M.R., Young,S., Kodira,C., Koehrsen,M., Jaffe,D., Berlin,A., Heiman,D., Hepburn,T., Sykes,S., Borenstein,D., Crawford,M., Engels,R., Freedman,E., Howarth,C., Jen,D., Larson,L., Ledlie,T., Lewis,B., Montgomery,P., Park,D., Pearson,M., Roberts,A., Sisk,P., Stolte,C., White,J., Zeng,Q., Yandava,C., Oleary,S., Alvarado,L., Alvarez,P., Brockman,W., Butler,J., Gnerre,S., Grabherr,M., Kleber,M., Mauceli,E., MacCallum,I., Vu,H.T., Nguyen,Q.H., Nguyen,Q.T., Duong,P.H., Tran,T.T., Lander,E., Galagan,J., Nusbaum,C., Simmons,C.P., Birren,B.",2006,2008-03-04,ssRNA(+)
EU482669,Dengue virus type 2,Orthoflavivirus denguei,,DENV-2/VN/BID-V732/2006,10665,complete,Viet Nam: south,Homo sapiens,blood,"Henn,M.R., Young,S., Kodira,C., Koehrsen,M., Jaffe,D., Berlin,A., Heiman,D., Hepburn,T., Sykes,S., Borenstein,D., Crawford,M., Engels,R., Freedman,E., Howarth,C., Jen,D., Larson,L., Ledlie,T., Lewis,B., Montgomery,P., Park,D., Pearson,M., Roberts,A., Sisk,P., Stolte,C., White,J., Zeng,Q., Yandava,C., Oleary,S., Alvarado,L., Alvarez,P., Brockman,W., Butler,J., Gnerre,S., Grabherr,M., Kleber,M., Mauceli,E., MacCallum,I., Vu,H.T., Nguyen,Q.H., Nguyen,Q.T., Duong,P.H., Tran,T.T., Lander,E., Galagan,J., Nusbaum,C., Simmons,C.P., Birren,B.",2006,2008-03-04,ssRNA(+)
EU482671,Dengue virus type 2,Orthoflavivirus denguei,,DENV-2/VN/BID-V734/2006,10660,complete,Viet Nam: south,Homo sapiens,blood,"Henn,M.R., Young,S., Kodira,C., Koehrsen,M., Jaffe,D., Berlin,A., Heiman,D., Hepburn,T., Sykes,S., Borenstein,D., Crawford,M., Engels,R., Freedman,E., Howarth,C., Jen,D., Larson,L., Ledlie,T., Lewis,B., Montgomery,P., Park,D., Pearson,M., Roberts,A., Sisk,P., Stolte,C., White,J., Zeng,Q., Yandava,C., Oleary,S., Alvarado,L., Alvarez,P., Brockman,W., Butler,J., Gnerre,S., Grabherr,M., Kleber,M., Mauceli,E., MacCallum,I., Vu,H.T., Nguyen,Q.H., Nguyen,Q.T., Duong,P.H., Tran,T.T., Lander,E., Galagan,J., Nusbaum,C., Simmons,C.P., Birren,B.",2006,2008-03-04,ssRNA(+)
EU482675,Dengue virus type 2,Orthoflavivirus denguei,,DENV-2/VN/BID-V738/2006,10678,complete,Viet Nam: south,Homo sapiens,blood,"Henn,M.R., Young,S., Kodira,C., Koehrsen,M., Jaffe,D., Berlin,A., Heiman,D., Hepburn,T., Sykes,S., Borenstein,D., Crawford,M., Engels,R., Freedman,E., Howarth,C., Jen,D., Larson,L., Ledlie,T., Lewis,B., Montgomery,P., Park,D., Pearson,M., Roberts,A., Sisk,P., Stolte,C., White,J., Zeng,Q., Yandava,C., Oleary,S., Alvarado,L., Alvarez,P., Brockman,W., Butler,J., Gnerre,S., Grabherr,M., Kleber,M., Mauceli,E., MacCallum,I., Vu,H.T., Nguyen,Q.H., Nguyen,Q.T., Duong,P.H., Tran,T.T., Lander,E., Galagan,J., Nusbaum,C., Simmons,C.P., Birren,B.",2006,2008-03-04,ssRNA(+)
EU482677,Dengue virus type 2,Orthoflavivirus denguei,,DENV-2/VN/BID-V740/2006,10678,complete,Viet Nam: south,Homo sapiens,blood,"Henn,M.R., Young,S., Kodira,C., Koehrsen,M., Jaffe,D., Berlin,A., Heiman,D., Hepburn,T., Sykes,S., Borenstein,D., Crawford,M., Engels,R., Freedman,E., Howarth,C., Jen,D., Larson,L., Ledlie,T., Lewis,B., Montgomery,P., Park,D., Pearson,M., Roberts,A., Sisk,P., Stolte,C., White,J., Zeng,Q., Yandava,C., Oleary,S., Alvarado,L., Alvarez,P., Brockman,W., Butler,J., Gnerre,S., Grabherr,M., Kleber,M., Mauceli,E., MacCallum,I., Vu,H.T., Nguyen,Q.H., Nguyen,Q.T., Duong,P.H., Tran,T.T., Lander,E., Galagan,J., Nusbaum,C., Simmons,C.P., Birren,B.",2006,2008-03-04,ssRNA(+)
EU482679,Dengue virus type 2,Orthoflavivirus denguei,,DENV-2/VN/BID-V742/2007,10678,complete,Viet Nam: south,Homo sapiens,blood,"Henn,M.R., Young,S., Kodira,C., Koehrsen,M., Jaffe,D., Berlin,A., Heiman,D., Hepburn,T., Sykes,S., Borenstein,D., Crawford,M., Engels,R., Freedman,E., Howarth,C., Jen,D., Larson,L., Ledlie,T., Lewis,B., Montgomery,P., Park,D., Pearson,M., Roberts,A., Sisk,P., Stolte,C., White,J., Zeng,Q., Yandava,C., Oleary,S., Alvarado,L., Alvarez,P., Brockman,W., Butler,J., Gnerre,S., Grabherr,M., Kleber,M., Mauceli,E., MacCallum,I., Vu,H.T., Nguyen,Q.H., Nguyen,Q.T., Duong,P.H., Tran,T.T., Lander,E., Galagan,J., Nusbaum,C., Simmons,C.P., Birren,B.",2007,2008-03-04,ssRNA(+)
EU482697,Dengue virus type 2,Orthoflavivirus denguei,,DENV-2/VN/BID-V771/2007,10678,complete,Viet Nam: south,Homo sapiens,blood,"Henn,M.R., Young,S., Kodira,C., Koehrsen,M., Jaffe,D., Berlin,A., Heiman,D., Hepburn,T., Sykes,S., Borenstein,D., Crawford,M., Engels,R., Freedman,E., Howarth,C., Jen,D., Larson,L., Ledlie,T., Lewis,B., Montgomery,P., Park,D., Pearson,M., Roberts,A., Sisk,P., Stolte,C., White,J., Zeng,Q., Yandava,C., Oleary,S., Alvarado,L., Alvarez,P., Brockman,W., Butler,J., Gnerre,S., Grabherr,M., Kleber,M., Mauceli,E., MacCallum,I., Vu,H.T., Nguyen,Q.H., Nguyen,Q.T., Duong,P.H., Le,P.T., Duong,K.H., Nguyen,T.T.H., Hoang,L.T., Lander,E., Galagan,J., Nusbaum,C., Simmons,C.P., Birren,B.",2007,2008-03-04,ssRNA(+)
EU482698,Dengue virus type 2,Orthoflavivirus denguei,,DENV-2/VN/BID-V772/2007,10678,complete,Viet Nam: south,Homo sapiens,blood,"Henn,M.R., Young,S., Kodira,C., Koehrsen,M., Jaffe,D., Berlin,A., Heiman,D., Hepburn,T., Sykes,S., Borenstein,D., Crawford,M., Engels,R., Freedman,E., Howarth,C., Jen,D., Larson,L., Ledlie,T., Lewis,B., Montgomery,P., Park,D., Pearson,M., Roberts,A., Sisk,P., Stolte,C., White,J., Zeng,Q., Yandava,C., Oleary,S., Alvarado,L., Alvarez,P., Brockman,W., Butler,J., Gnerre,S., Grabherr,M., Kleber,M., Mauceli,E., MacCallum,I., Vu,H.T., Nguyen,Q.H., Nguyen,Q.T., Duong,P.H., Le,P.T., Duong,K.H., Nguyen,T.T.H., Hoang,L.T., Lander,E., Galagan,J., Nusbaum,C., Simmons,C.P., Birren,B.",2007,2008-03-04,ssRNA(+)
EU482699,Dengue virus type 2,Orthoflavivirus denguei,,DENV-2/VN/BID-V773/2007,10678,complete,Viet Nam: south,Homo sapiens,blood,"Henn,M.R., Young,S., Kodira,C., Koehrsen,M., Jaffe,D., Berlin,A., Heiman,D., Hepburn,T., Sykes,S., Borenstein,D., Crawford,M., Engels,R., Freedman,E., Howarth,C., Jen,D., Larson,L., Ledlie,T., Lewis,B., Montgomery,P., Park,D., Pearson,M., Roberts,A., Sisk,P., Stolte,C., White,J., Zeng,Q., Yandava,C., Oleary,S., Alvarado,L., Alvarez,P., Brockman,W., Butler,J., Gnerre,S., Grabherr,M., Kleber,M., Mauceli,E., MacCallum,I., Vu,H.T., Nguyen,Q.H., Nguyen,Q.T., Duong,P.H., Le,P.T., Duong,K.H., Nguyen,T.T.H., Hoang,L.T., Lander,E., Galagan,J., Nusbaum,C., Simmons,C.P., Birren,B.",2007,2008-03-04,ssRNA(+)
EU482700,Dengue virus type 2,Orthoflavivirus denguei,,DENV-2/VN/BID-V774/2007,10678,complete,Viet Nam: south,Homo sapiens,blood,"Henn,M.R., Young,S., Kodira,C., Koehrsen,M., Jaffe,D., Berlin,A., Heiman,D., Hepburn,T., Sykes,S., Borenstein,D., Crawford,M., Engels,R., Freedman,E., Howarth,C., Jen,D., Larson,L., Ledlie,T., Lewis,B., Montgomery,P., Park,D., Pearson,M., Roberts,A., Sisk,P., Stolte,C., White,J., Zeng,Q., Yandava,C., Oleary,S., Alvarado,L., Alvarez,P., Brockman,W., Butler,J., Gnerre,S., Grabherr,M., Kleber,M., Mauceli,E., MacCallum,I., Vu,H.T., Nguyen,Q.H., Nguyen,Q.T., Duong,P.H., Le,P.T., Duong,K.H., Nguyen,T.T.H., Hoang,L.T., Lander,E., Galagan,J., Nusbaum,C., Simmons,C.P., Birren,B.",2007,2008-03-04,ssRNA(+)
EU482701,Dengue virus type 2,Orthoflavivirus denguei,,DENV-2/VN/BID-V775/2007,10678,complete,Viet Nam: south,Homo sapiens,blood,"Henn,M.R., Young,S., Kodira,C., Koehrsen,M., Jaffe,D., Berlin,A., Heiman,D., Hepburn,T., Sykes,S., Borenstein,D., Crawford,M., Engels,R., Freedman,E., Howarth,C., Jen,D., Larson,L., Ledlie,T., Lewis,B., Montgomery,P., Park,D., Pearson,M., Roberts,A., Sisk,P., Stolte,C., White,J., Zeng,Q., Yandava,C., Oleary,S., Alvarado,L., Alvarez,P., Brockman,W., Butler,J., Gnerre,S., Grabherr,M., Kleber,M., Mauceli,E., MacCallum,I., Vu,H.T., Nguyen,Q.H., Nguyen,Q.T., Duong,P.H., Le,P.T., Duong,K.H., Nguyen,T.T.H., Hoang,L.T., Lander,E., Galagan,J., Nusbaum,C., Simmons,C.P., Birren,B.",2007,2008-03-04,ssRNA(+)
EU482702,Dengue virus type 2,Orthoflavivirus denguei,,DENV-2/VN/BID-V776/2007,10678,complete,Viet Nam: south,Homo sapiens,blood,"Henn,M.R., Young,S., Kodira,C., Koehrsen,M., Jaffe,D., Berlin,A., Heiman,D., Hepburn,T., Sykes,S., Borenstein,D., Crawford,M., Engels,R., Freedman,E., Howarth,C., Jen,D., Larson,L., Ledlie,T., Lewis,B., Montgomery,P., Park,D., Pearson,M., Roberts,A., Sisk,P., Stolte,C., White,J., Zeng,Q., Yandava,C., Oleary,S., Alvarado,L., Alvarez,P., Brockman,W., Butler,J., Gnerre,S., Grabherr,M., Kleber,M., Mauceli,E., MacCallum,I., Vu,H.T., Nguyen,Q.H., Nguyen,Q.T., Duong,P.H., Le,P.T., Duong,K.H., Nguyen,T.T.H., Hoang,L.T., Lander,E., Galagan,J., Nusbaum,C., Simmons,C.P., Birren,B.",2007,2008-03-04,ssRNA(+)
EU482703,Dengue virus type 2,Orthoflavivirus denguei,,DENV-2/VN/BID-V777/2007,10678,complete,Viet Nam: south,Homo sapiens,blood,"Henn,M.R., Young,S., Kodira,C., Koehrsen,M., Jaffe,D., Berlin,A., Heiman,D., Hepburn,T., Sykes,S., Borenstein,D., Crawford,M., Engels,R., Freedman,E., Howarth,C., Jen,D., Larson,L., Ledlie,T., Lewis,B., Montgomery,P., Park,D., Pearson,M., Roberts,A., Sisk,P., Stolte,C., White,J., Zeng,Q., Yandava,C., Oleary,S., Alvarado,L., Alvarez,P., Brockman,W., Butler,J., Gnerre,S., Grabherr,M., Kleber,M., Mauceli,E., MacCallum,I., Vu,H.T., Nguyen,Q.H., Nguyen,Q.T., Duong,P.H., Le,P.T., Duong,K.H., Nguyen,T.T.H., Hoang,L.T., Lander,E., Galagan,J., Nusbaum,C., Simmons,C.P., Birren,B.",2007,2008-03-04,ssRNA(+)
EU482704,Dengue virus type 2,Orthoflavivirus denguei,,DENV-2/VN/BID-V778/2007,10678,complete,Viet Nam: south,Homo sapiens,blood,"Henn,M.R., Young,S., Kodira,C., Koehrsen,M., Jaffe,D., Berlin,A., Heiman,D., Hepburn,T., Sykes,S., Borenstein,D., Crawford,M., Engels,R., Freedman,E., Howarth,C., Jen,D., Larson,L., Ledlie,T., Lewis,B., Montgomery,P., Park,D., Pearson,M., Roberts,A., Sisk,P., Stolte,C., White,J., Zeng,Q., Yandava,C., Oleary,S., Alvarado,L., Alvarez,P., Brockman,W., Butler,J., Gnerre,S., Grabherr,M., Kleber,M., Mauceli,E., MacCallum,I., Vu,H.T., Nguyen,Q.H., Nguyen,Q.T., Duong,P.H., Le,P.T., Duong,K.H., Nguyen,T.T.H., Hoang,L.T., Lander,E., Galagan,J., Nusbaum,C., Simmons,C.P., Birren,B.",2007,2008-03-04,ssRNA(+)
EU482705,Dengue virus type 2,Orthoflavivirus denguei,,DENV-2/VN/BID-V779/2007,10678,complete,Viet Nam: south,Homo sapiens,blood,"Henn,M.R., Young,S., Kodira,C., Koehrsen,M., Jaffe,D., Berlin,A., Heiman,D., Hepburn,T., Sykes,S., Borenstein,D., Crawford,M., Engels,R., Freedman,E., Howarth,C., Jen,D., Larson,L., Ledlie,T., Lewis,B., Montgomery,P., Park,D., Pearson,M., Roberts,A., Sisk,P., Stolte,C., White,J., Zeng,Q., Yandava,C., Oleary,S., Alvarado,L., Alvarez,P., Brockman,W., Butler,J., Gnerre,S., Grabherr,M., Kleber,M., Mauceli,E., MacCallum,I., Vu,H.T., Nguyen,Q.H., Nguyen,Q.T., Duong,P.H., Le,P.T., Duong,K.H., Nguyen,T.T.H., Hoang,L.T., Lander,E., Galagan,J., Nusbaum,C., Simmons,C.P., Birren,B.",2007,2008-03-04,ssRNA(+)
EU482706,dengue virus type I,Orthoflavivirus denguei,,DENV-1/VN/BID-V780/2006,10690,complete,Viet Nam: south,Homo sapiens,blood,"Henn,M.R., Young,S., Kodira,C., Koehrsen,M., Jaffe,D., Berlin,A., Heiman,D., Hepburn,T., Sykes,S., Borenstein,D., Crawford,M., Engels,R., Freedman,E., Howarth,C., Jen,D., Larson,L., Ledlie,T., Lewis,B., Montgomery,P., Park,D., Pearson,M., Roberts,A., Sisk,P., Stolte,C., White,J., Zeng,Q., Yandava,C., Oleary,S., Alvarado,L., Alvarez,P., Brockman,W., Butler,J., Gnerre,S., Grabherr,M., Kleber,M., Mauceli,E., MacCallum,I., Vu,H.T., Nguyen,Q.H., Nguyen,Q.T., Duong,P.H., Le,P.T., Duong,K.H., Nguyen,T.T.H., Hoang,L.T., Lander,E., Galagan,J., Nusbaum,C., Simmons,C.P., Birren,B.",2006,2008-03-04,ssRNA(+)
EU482707,dengue virus type I,Orthoflavivirus denguei,,DENV-1/VN/BID-V781/2006,10690,complete,Viet Nam: south,Homo sapiens,blood,"Henn,M.R., Young,S., Kodira,C., Koehrsen,M., Jaffe,D., Berlin,A., Heiman,D., Hepburn,T., Sykes,S., Borenstein,D., Crawford,M., Engels,R., Freedman,E., Howarth,C., Jen,D., Larson,L., Ledlie,T., Lewis,B., Montgomery,P., Park,D., Pearson,M., Roberts,A., Sisk,P., Stolte,C., White,J., Zeng,Q., Yandava,C., Oleary,S., Alvarado,L., Alvarez,P., Brockman,W., Butler,J., Gnerre,S., Grabherr,M., Kleber,M., Mauceli,E., MacCallum,I., Vu,H.T., Nguyen,Q.H., Nguyen,Q.T., Duong,P.H., Le,P.T., Duong,K.H., Nguyen,T.T.H., Hoang,L.T., Lander,E., Galagan,J., Nusbaum,C., Simmons,C.P., Birren,B.",2006,2008-03-04,ssRNA(+)
EU482708,dengue virus type I,Orthoflavivirus denguei,,DENV-1/VN/BID-V782/2007,10690,complete,Viet Nam: south,Homo sapiens,blood,"Henn,M.R., Young,S., Kodira,C., Koehrsen,M., Jaffe,D., Berlin,A., Heiman,D., Hepburn,T., Sykes,S., Borenstein,D., Crawford,M., Engels,R., Freedman,E., Howarth,C., Jen,D., Larson,L., Ledlie,T., Lewis,B., Montgomery,P., Park,D., Pearson,M., Roberts,A., Sisk,P., Stolte,C., White,J., Zeng,Q., Yandava,C., Oleary,S., Alvarado,L., Alvarez,P., Brockman,W., Butler,J., Gnerre,S., Grabherr,M., Kleber,M., Mauceli,E., MacCallum,I., Vu,H.T., Nguyen,Q.H., Nguyen,Q.T., Duong,P.H., Le,P.T., Duong,K.H., Nguyen,T.T.H., Hoang,L.T., Lander,E., Galagan,J., Nusbaum,C., Simmons,C.P., Birren,B.",2007,2008-03-04,ssRNA(+)
EU482709,dengue virus type I,Orthoflavivirus denguei,,DENV-1/VN/BID-V783/2007,10690,complete,Viet Nam: south,Homo sapiens,blood,"Henn,M.R., Young,S., Kodira,C., Koehrsen,M., Jaffe,D., Berlin,A., Heiman,D., Hepburn,T., Sykes,S., Borenstein,D., Crawford,M., Engels,R., Freedman,E., Howarth,C., Jen,D., Larson,L., Ledlie,T., Lewis,B., Montgomery,P., Park,D., Pearson,M., Roberts,A., Sisk,P., Stolte,C., White,J., Zeng,Q., Yandava,C., Oleary,S., Alvarado,L., Alvarez,P., Brockman,W., Butler,J., Gnerre,S., Grabherr,M., Kleber,M., Mauceli,E., MacCallum,I., Vu,H.T., Nguyen,Q.H., Nguyen,Q.T., Duong,P.H., Le,P.T., Duong,K.H., Nguyen,T.T.H., Hoang,L.T., Lander,E., Galagan,J., Nusbaum,C., Simmons,C.P., Birren,B.",2007,2008-03-04,ssRNA(+)
EU482710,dengue virus type I,Orthoflavivirus denguei,,DENV-1/VN/BID-V784/2007,10690,complete,Viet Nam: south,Homo sapiens,blood,"Henn,M.R., Young,S., Kodira,C., Koehrsen,M., Jaffe,D., Berlin,A., Heiman,D., Hepburn,T., Sykes,S., Borenstein,D., Crawford,M., Engels,R., Freedman,E., Howarth,C., Jen,D., Larson,L., Ledlie,T., Lewis,B., Montgomery,P., Park,D., Pearson,M., Roberts,A., Sisk,P., Stolte,C., White,J., Zeng,Q., Yandava,C., Oleary,S., Alvarado,L., Alvarez,P., Brockman,W., Butler,J., Gnerre,S., Grabherr,M., Kleber,M., Mauceli,E., MacCallum,I., Vu,H.T., Nguyen,Q.H., Nguyen,Q.T., Duong,P.H., Le,P.T., Duong,K.H., Nguyen,T.T.H., Hoang,L.T., Lander,E., Galagan,J., Nusbaum,C., Simmons,C.P., Birren,B.",2007,2008-03-04,ssRNA(+)
EU482711,dengue virus type I,Orthoflavivirus denguei,,DENV-1/VN/BID-V785/2007,10690,complete,Viet Nam: south,Homo sapiens,blood,"Henn,M.R., Young,S., Kodira,C., Koehrsen,M., Jaffe,D., Berlin,A., Heiman,D., Hepburn,T., Sykes,S., Borenstein,D., Crawford,M., Engels,R., Freedman,E., Howarth,C., Jen,D., Larson,L., Ledlie,T., Lewis,B., Montgomery,P., Park,D., Pearson,M., Roberts,A., Sisk,P., Stolte,C., White,J., Zeng,Q., Yandava,C., Oleary,S., Alvarado,L., Alvarez,P., Brockman,W., Butler,J., Gnerre,S., Grabherr,M., Kleber,M., Mauceli,E., MacCallum,I., Vu,H.T., Nguyen,Q.H., Nguyen,Q.T., Duong,P.H., Le,P.T., Duong,K.H., Nguyen,T.T.H., Hoang,L.T., Lander,E., Galagan,J., Nusbaum,C., Simmons,C.P., Birren,B.",2007,2008-03-04,ssRNA(+)
EU482712,dengue virus type I,Orthoflavivirus denguei,,DENV-1/VN/BID-V786/2007,10690,complete,Viet Nam: south,Homo sapiens,blood,"Henn,M.R., Young,S., Kodira,C., Koehrsen,M., Jaffe,D., Berlin,A., Heiman,D., Hepburn,T., Sykes,S., Borenstein,D., Crawford,M., Engels,R., Freedman,E., Howarth,C., Jen,D., Larson,L., Ledlie,T., Lewis,B., Montgomery,P., Park,D., Pearson,M., Roberts,A., Sisk,P., Stolte,C., White,J., Zeng,Q., Yandava,C., Oleary,S., Alvarado,L., Alvarez,P., Brockman,W., Butler,J., Gnerre,S., Grabherr,M., Kleber,M., Mauceli,E., MacCallum,I., Vu,H.T., Nguyen,Q.H., Nguyen,Q.T., Duong,P.H., Le,P.T., Duong,K.H., Nguyen,T.T.H., Hoang,L.T., Lander,E., Galagan,J., Nusbaum,C., Simmons,C.P., Birren,B.",2007,2008-03-04,ssRNA(+)
EU482713,dengue virus type I,Orthoflavivirus denguei,,DENV-1/VN/BID-V787/2007,10690,complete,Viet Nam: south,Homo sapiens,blood,"Henn,M.R., Young,S., Kodira,C., Koehrsen,M., Jaffe,D., Berlin,A., Heiman,D., Hepburn,T., Sykes,S., Borenstein,D., Crawford,M., Engels,R., Freedman,E., Howarth,C., Jen,D., Larson,L., Ledlie,T., Lewis,B., Montgomery,P., Park,D., Pearson,M., Roberts,A., Sisk,P., Stolte,C., White,J., Zeng,Q., Yandava,C., Oleary,S., Alvarado,L., Alvarez,P., Brockman,W., Butler,J., Gnerre,S., Grabherr,M., Kleber,M., Mauceli,E., MacCallum,I., Vu,H.T., Nguyen,Q.H., Nguyen,Q.T., Duong,P.H., Le,P.T., Duong,K.H., Nguyen,T.T.H., Hoang,L.T., Lander,E., Galagan,J., Nusbaum,C., Simmons,C.P., Birren,B.",2007,2008-03-04,ssRNA(+)
EU482714,dengue virus type I,Orthoflavivirus denguei,,DENV-1/VN/BID-V788/2007,10690,complete,Viet Nam: south,Homo sapiens,blood,"Henn,M.R., Young,S., Kodira,C., Koehrsen,M., Jaffe,D., Berlin,A., Heiman,D., Hepburn,T., Sykes,S., Borenstein,D., Crawford,M., Engels,R., Freedman,E., Howarth,C., Jen,D., Larson,L., Ledlie,T., Lewis,B., Montgomery,P., Park,D., Pearson,M., Roberts,A., Sisk,P., Stolte,C., White,J., Zeng,Q., Yandava,C., Oleary,S., Alvarado,L., Alvarez,P., Brockman,W., Butler,J., Gnerre,S., Grabherr,M., Kleber,M., Mauceli,E., MacCallum,I., Vu,H.T., Nguyen,Q.H., Nguyen,Q.T., Duong,P.H., Le,P.T., Duong,K.H., Nguyen,T.T.H., Hoang,L.T., Lander,E., Galagan,J., Nusbaum,C., Simmons,C.P., Birren,B.",2007,2008-03-04,ssRNA(+)
EU482715,dengue virus type I,Orthoflavivirus denguei,,DENV-1/VN/BID-V789/2007,10690,complete,Viet Nam: south,Homo sapiens,blood,"Henn,M.R., Young,S., Kodira,C., Koehrsen,M., Jaffe,D., Berlin,A., Heiman,D., Hepburn,T., Sykes,S., Borenstein,D., Crawford,M., Engels,R., Freedman,E., Howarth,C., Jen,D., Larson,L., Ledlie,T., Lewis,B., Montgomery,P., Park,D., Pearson,M., Roberts,A., Sisk,P., Stolte,C., White,J., Zeng,Q., Yandava,C., Oleary,S., Alvarado,L., Alvarez,P., Brockman,W., Butler,J., Gnerre,S., Grabherr,M., Kleber,M., Mauceli,E., MacCallum,I., Vu,H.T., Nguyen,Q.H., Nguyen,Q.T., Duong,P.H., Le,P.T., Duong,K.H., Nguyen,T.T.H., Hoang,L.T., Lander,E., Galagan,J., Nusbaum,C., Simmons,C.P., Birren,B.",2007,2008-03-04,ssRNA(+)
EU482716,dengue virus type I,Orthoflavivirus denguei,,DENV-1/VN/BID-V790/2007,10690,complete,Viet Nam: south,Homo sapiens,blood,"Henn,M.R., Young,S., Kodira,C., Koehrsen,M., Jaffe,D., Berlin,A., Heiman,D., Hepburn,T., Sykes,S., Borenstein,D., Crawford,M., Engels,R., Freedman,E., Howarth,C., Jen,D., Larson,L., Ledlie,T., Lewis,B., Montgomery,P., Park,D., Pearson,M., Roberts,A., Sisk,P., Stolte,C., White,J., Zeng,Q., Yandava,C., Oleary,S., Alvarado,L., Alvarez,P., Brockman,W., Butler,J., Gnerre,S., Grabherr,M., Kleber,M., Mauceli,E., MacCallum,I., Vu,H.T., Nguyen,Q.H., Nguyen,Q.T., Duong,P.H., Le,P.T., Duong,K.H., Nguyen,T.T.H., Hoang,L.T., Lander,E., Galagan,J., Nusbaum,C., Simmons,C.P., Birren,B.",2007,2008-03-04,ssRNA(+)
EU482717,dengue virus type I,Orthoflavivirus denguei,,DENV-1/VN/BID-V791/2007,10690,complete,Viet Nam: south,Homo sapiens,blood,"Henn,M.R., Young,S., Kodira,C., Koehrsen,M., Jaffe,D., Berlin,A., Heiman,D., Hepburn,T., Sykes,S., Borenstein,D., Crawford,M., Engels,R., Freedman,E., Howarth,C., Jen,D., Larson,L., Ledlie,T., Lewis,B., Montgomery,P., Park,D., Pearson,M., Roberts,A., Sisk,P., Stolte,C., White,J., Zeng,Q., Yandava,C., Oleary,S., Alvarado,L., Alvarez,P., Brockman,W., Butler,J., Gnerre,S., Grabherr,M., Kleber,M., Mauceli,E., MacCallum,I., Vu,H.T., Nguyen,Q.H., Nguyen,Q.T., Duong,P.H., Le,P.T., Duong,K.H., Nguyen,T.T.H., Hoang,L.T., Lander,E., Galagan,J., Nusbaum,C., Simmons,C.P., Birren,B.",2007,2008-03-04,ssRNA(+)
EU482718,dengue virus type I,Orthoflavivirus denguei,,DENV-1/VN/BID-V792/2007,10690,complete,Viet Nam: south,Homo sapiens,blood,"Henn,M.R., Young,S., Kodira,C., Koehrsen,M., Jaffe,D., Berlin,A., Heiman,D., Hepburn,T., Sykes,S., Borenstein,D., Crawford,M., Engels,R., Freedman,E., Howarth,C., Jen,D., Larson,L., Ledlie,T., Lewis,B., Montgomery,P., Park,D., Pearson,M., Roberts,A., Sisk,P., Stolte,C., White,J., Zeng,Q., Yandava,C., Oleary,S., Alvarado,L., Alvarez,P., Brockman,W., Butler,J., Gnerre,S., Grabherr,M., Kleber,M., Mauceli,E., MacCallum,I., Vu,H.T., Nguyen,Q.H., Nguyen,Q.T., Duong,P.H., Le,P.T., Duong,K.H., Nguyen,T.T.H., Hoang,L.T., Lander,E., Galagan,J., Nusbaum,C., Simmons,C.P., Birren,B.",2007,2008-03-04,ssRNA(+)
EU482774,Dengue virus type 2,Orthoflavivirus denguei,,DENV-2/VN/BID-V752/2004,10678,complete,Viet Nam: south,Homo sapiens,blood,"Henn,M.R., Young,S., Kodira,C., Koehrsen,M., Jaffe,D., Berlin,A., Heiman,D., Hepburn,T., Sykes,S., Borenstein,D., Crawford,M., Engels,R., Freedman,E., Howarth,C., Jen,D., Larson,L., Ledlie,T., Lewis,B., Montgomery,P., Park,D., Pearson,M., Roberts,A., Sisk,P., Stolte,C., White,J., Zeng,Q., Yandava,C., Oleary,S., Alvarado,L., Alvarez,P., Brockman,W., Butler,J., Gnerre,S., Grabherr,M., Kleber,M., Mauceli,E., MacCallum,I., Vu,H.T., Nguyen,Q.H., Nguyen,Q.T., Duong,P.H., Tran,H.T., Wills,B., Tran,N.V., Nguyen,D.M., Lander,E., Galagan,J., Nusbaum,C., Simmons,C.P., Birren,B.",2004,2008-03-04,ssRNA(+)
EU482775,Dengue virus type 2,Orthoflavivirus denguei,,DENV-2/VN/BID-V753/2004,10678,complete,Viet Nam: south,Homo sapiens,blood,"Henn,M.R., Young,S., Kodira,C., Koehrsen,M., Jaffe,D., Berlin,A., Heiman,D., Hepburn,T., Sykes,S., Borenstein,D., Crawford,M., Engels,R., Freedman,E., Howarth,C., Jen,D., Larson,L., Ledlie,T., Lewis,B., Montgomery,P., Park,D., Pearson,M., Roberts,A., Sisk,P., Stolte,C., White,J., Zeng,Q., Yandava,C., Oleary,S., Alvarado,L., Alvarez,P., Brockman,W., Butler,J., Gnerre,S., Grabherr,M., Kleber,M., Mauceli,E., MacCallum,I., Vu,H.T., Nguyen,Q.H., Nguyen,Q.T., Duong,P.H., Tran,H.T., Wills,B., Tran,N.V., Nguyen,D.M., Lander,E., Galagan,J., Nusbaum,C., Simmons,C.P., Birren,B.",2004,2008-03-04,ssRNA(+)
EU482776,Dengue virus type 2,Orthoflavivirus denguei,,DENV-2/VN/BID-V754/2005,10678,complete,Viet Nam: south,Homo sapiens,blood,"Henn,M.R., Young,S., Kodira,C., Koehrsen,M., Jaffe,D., Berlin,A., Heiman,D., Hepburn,T., Sykes,S., Borenstein,D., Crawford,M., Engels,R., Freedman,E., Howarth,C., Jen,D., Larson,L., Ledlie,T., Lewis,B., Montgomery,P., Park,D., Pearson,M., Roberts,A., Sisk,P., Stolte,C., White,J., Zeng,Q., Yandava,C., Oleary,S., Alvarado,L., Alvarez,P., Brockman,W., Butler,J., Gnerre,S., Grabherr,M., Kleber,M., Mauceli,E., MacCallum,I., Vu,H.T., Nguyen,Q.H., Nguyen,Q.T., Duong,P.H., Tran,H.T., Wills,B., Tran,N.V., Nguyen,D.M., Lander,E., Galagan,J., Nusbaum,C., Simmons,C.P., Birren,B.",2005,2008-03-04,ssRNA(+)
EU482777,Dengue virus type 2,Orthoflavivirus denguei,,DENV-2/VN/BID-V755/2005,10678,complete,Viet Nam: south,Homo sapiens,blood,"Henn,M.R., Young,S., Kodira,C., Koehrsen,M., Jaffe,D., Berlin,A., Heiman,D., Hepburn,T., Sykes,S., Borenstein,D., Crawford,M., Engels,R., Freedman,E., Howarth,C., Jen,D., Larson,L., Ledlie,T., Lewis,B., Montgomery,P., Park,D., Pearson,M., Roberts,A., Sisk,P., Stolte,C., White,J., Zeng,Q., Yandava,C., Oleary,S., Alvarado,L., Alvarez,P., Brockman,W., Butler,J., Gnerre,S., Grabherr,M., Kleber,M., Mauceli,E., MacCallum,I., Vu,H.T., Nguyen,Q.H., Nguyen,Q.T., Duong,P.H., Tran,H.T., Wills,B., Tran,N.V., Nguyen,D.M., Lander,E., Galagan,J., Nusbaum,C., Simmons,C.P., Birren,B.",2005,2008-03-04,ssRNA(+)
EU482778,Dengue virus type 2,Orthoflavivirus denguei,,DENV-2/VN/BID-V756/2003,10677,complete,Viet Nam: south,Homo sapiens,blood,"Henn,M.R., Young,S., Kodira,C., Koehrsen,M., Jaffe,D., Berlin,A., Heiman,D., Hepburn,T., Sykes,S., Borenstein,D., Crawford,M., Engels,R., Freedman,E., Howarth,C., Jen,D., Larson,L., Ledlie,T., Lewis,B., Montgomery,P., Park,D., Pearson,M., Roberts,A., Sisk,P., Stolte,C., White,J., Zeng,Q., Yandava,C., Oleary,S., Alvarado,L., Alvarez,P., Brockman,W., Butler,J., Gnerre,S., Grabherr,M., Kleber,M., Mauceli,E., MacCallum,I., Vu,H.T., Nguyen,Q.H., Nguyen,Q.T., Duong,P.H., Tran,H.T., Wills,B., Tran,N.V., Nguyen,D.M., Lander,E., Galagan,J., Nusbaum,C., Simmons,C.P., Birren,B.",2003,2008-03-04,ssRNA(+)
EU482779,Dengue virus type 2,Orthoflavivirus denguei,,DENV-2/VN/BID-V757/2003,10678,complete,Viet Nam: south,Homo sapiens,blood,"Henn,M.R., Young,S., Kodira,C., Koehrsen,M., Jaffe,D., Berlin,A., Heiman,D., Hepburn,T., Sykes,S., Borenstein,D., Crawford,M., Engels,R., Freedman,E., Howarth,C., Jen,D., Larson,L., Ledlie,T., Lewis,B., Montgomery,P., Park,D., Pearson,M., Roberts,A., Sisk,P., Stolte,C., White,J., Zeng,Q., Yandava,C., Oleary,S., Alvarado,L., Alvarez,P., Brockman,W., Butler,J., Gnerre,S., Grabherr,M., Kleber,M., Mauceli,E., MacCallum,I., Vu,H.T., Nguyen,Q.H., Nguyen,Q.T., Duong,P.H., Tran,H.T., Wills,B., Tran,N.V., Nguyen,D.M., Lander,E., Galagan,J., Nusbaum,C., Simmons,C.P., Birren,B.",2003,2008-03-04,ssRNA(+)
EU482780,Dengue virus type 2,Orthoflavivirus denguei,,DENV-2/VN/BID-V758/2003,10678,complete,Viet Nam: south,Homo sapiens,blood,"Henn,M.R., Young,S., Kodira,C., Koehrsen,M., Jaffe,D., Berlin,A., Heiman,D., Hepburn,T., Sykes,S., Borenstein,D., Crawford,M., Engels,R., Freedman,E., Howarth,C., Jen,D., Larson,L., Ledlie,T., Lewis,B., Montgomery,P., Park,D., Pearson,M., Roberts,A., Sisk,P., Stolte,C., White,J., Zeng,Q., Yandava,C., Oleary,S., Alvarado,L., Alvarez,P., Brockman,W., Butler,J., Gnerre,S., Grabherr,M., Kleber,M., Mauceli,E., MacCallum,I., Vu,H.T., Nguyen,Q.H., Nguyen,Q.T., Duong,P.H., Tran,H.T., Wills,B., Tran,N.V., Nguyen,D.M., Lander,E., Galagan,J., Nusbaum,C., Simmons,C.P., Birren,B.",2003,2008-03-04,ssRNA(+)
EU482781,Dengue virus type 2,Orthoflavivirus denguei,,DENV-2/VN/BID-V759/2003,10678,complete,Viet Nam: south,Homo sapiens,blood,"Henn,M.R., Young,S., Kodira,C., Koehrsen,M., Jaffe,D., Berlin,A., Heiman,D., Hepburn,T., Sykes,S., Borenstein,D., Crawford,M., Engels,R., Freedman,E., Howarth,C., Jen,D., Larson,L., Ledlie,T., Lewis,B., Montgomery,P., Park,D., Pearson,M., Roberts,A., Sisk,P., Stolte,C., White,J., Zeng,Q., Yandava,C., Oleary,S., Alvarado,L., Alvarez,P., Brockman,W., Butler,J., Gnerre,S., Grabherr,M., Kleber,M., Mauceli,E., MacCallum,I., Vu,H.T., Nguyen,Q.H., Nguyen,Q.T., Duong,P.H., Tran,H.T., Wills,B., Tran,N.V., Nguyen,D.M., Lander,E., Galagan,J., Nusbaum,C., Simmons,C.P., Birren,B.",2003,2008-03-04,ssRNA(+)
EU482782,Dengue virus type 2,Orthoflavivirus denguei,,DENV-2/VN/BID-V760/2003,10678,complete,Viet Nam: south,Homo sapiens,blood,"Henn,M.R., Young,S., Kodira,C., Koehrsen,M., Jaffe,D., Berlin,A., Heiman,D., Hepburn,T., Sykes,S., Borenstein,D., Crawford,M., Engels,R., Freedman,E., Howarth,C., Jen,D., Larson,L., Ledlie,T., Lewis,B., Montgomery,P., Park,D., Pearson,M., Roberts,A., Sisk,P., Stolte,C., White,J., Zeng,Q., Yandava,C., Oleary,S., Alvarado,L., Alvarez,P., Brockman,W., Butler,J., Gnerre,S., Grabherr,M., Kleber,M., Mauceli,E., MacCallum,I., Vu,H.T., Nguyen,Q.H., Nguyen,Q.T., Duong,P.H., Tran,H.T., Wills,B., Tran,N.V., Nguyen,D.M., Lander,E., Galagan,J., Nusbaum,C., Simmons,C.P., Birren,B.",2003,2008-03-04,ssRNA(+)
EU482783,Dengue virus type 2,Orthoflavivirus denguei,,DENV-2/VN/BID-V761/2003,10677,complete,Viet Nam: south,Homo sapiens,blood,"Henn,M.R., Young,S., Kodira,C., Koehrsen,M., Jaffe,D., Berlin,A., Heiman,D., Hepburn,T., Sykes,S., Borenstein,D., Crawford,M., Engels,R., Freedman,E., Howarth,C., Jen,D., Larson,L., Ledlie,T., Lewis,B., Montgomery,P., Park,D., Pearson,M., Roberts,A., Sisk,P., Stolte,C., White,J., Zeng,Q., Yandava,C., Oleary,S., Alvarado,L., Alvarez,P., Brockman,W., Butler,J., Gnerre,S., Grabherr,M., Kleber,M., Mauceli,E., MacCallum,I., Vu,H.T., Nguyen,Q.H., Nguyen,Q.T., Duong,P.H., Tran,H.T., Wills,B., Tran,N.V., Nguyen,D.M., Lander,E., Galagan,J., Nusbaum,C., Simmons,C.P., Birren,B.",2003,2008-03-04,ssRNA(+)
EU482784,Dengue virus type 2,Orthoflavivirus denguei,,DENV-2/VN/BID-V762/2003,10679,complete,Viet Nam: south,Homo sapiens,blood,"Henn,M.R., Young,S., Kodira,C., Koehrsen,M., Jaffe,D., Berlin,A., Heiman,D., Hepburn,T., Sykes,S., Borenstein,D., Crawford,M., Engels,R., Freedman,E., Howarth,C., Jen,D., Larson,L., Ledlie,T., Lewis,B., Montgomery,P., Park,D., Pearson,M., Roberts,A., Sisk,P., Stolte,C., White,J., Zeng,Q., Yandava,C., Oleary,S., Alvarado,L., Alvarez,P., Brockman,W., Butler,J., Gnerre,S., Grabherr,M., Kleber,M., Mauceli,E., MacCallum,I., Vu,H.T., Nguyen,Q.H., Nguyen,Q.T., Duong,P.H., Tran,H.T., Wills,B., Tran,N.V., Nguyen,D.M., Lander,E., Galagan,J., Nusbaum,C., Simmons,C.P., Birren,B.",2003,2008-03-04,ssRNA(+)
EU482785,Dengue virus type 2,Orthoflavivirus denguei,,DENV-2/VN/BID-V763/2003,10678,complete,Viet Nam: south,Homo sapiens,blood,"Henn,M.R., Young,S., Kodira,C., Koehrsen,M., Jaffe,D., Berlin,A., Heiman,D., Hepburn,T., Sykes,S., Borenstein,D., Crawford,M., Engels,R., Freedman,E., Howarth,C., Jen,D., Larson,L., Ledlie,T., Lewis,B., Montgomery,P., Park,D., Pearson,M., Roberts,A., Sisk,P., Stolte,C., White,J., Zeng,Q., Yandava,C., Oleary,S., Alvarado,L., Alvarez,P., Brockman,W., Butler,J., Gnerre,S., Grabherr,M., Kleber,M., Mauceli,E., MacCallum,I., Vu,H.T., Nguyen,Q.H., Nguyen,Q.T., Duong,P.H., Tran,H.T., Wills,B., Tran,N.V., Nguyen,D.M., Lander,E., Galagan,J., Nusbaum,C., Simmons,C.P., Birren,B.",2003,2008-03-04,ssRNA(+)
EU482786,Dengue virus type 2,Orthoflavivirus denguei,,DENV-2/VN/BID-V764/2003,10678,complete,Viet Nam: south,Homo sapiens,blood,"Henn,M.R., Young,S., Kodira,C., Koehrsen,M., Jaffe,D., Berlin,A., Heiman,D., Hepburn,T., Sykes,S., Borenstein,D., Crawford,M., Engels,R., Freedman,E., Howarth,C., Jen,D., Larson,L., Ledlie,T., Lewis,B., Montgomery,P., Park,D., Pearson,M., Roberts,A., Sisk,P., Stolte,C., White,J., Zeng,Q., Yandava,C., Oleary,S., Alvarado,L., Alvarez,P., Brockman,W., Butler,J., Gnerre,S., Grabherr,M., Kleber,M., Mauceli,E., MacCallum,I., Vu,H.T., Nguyen,Q.H., Nguyen,Q.T., Duong,P.H., Tran,H.T., Wills,B., Tran,N.V., Nguyen,D.M., Lander,E., Galagan,J., Nusbaum,C., Simmons,C.P., Birren,B.",2003,2008-03-04,ssRNA(+)
EU482787,Dengue virus type 2,Orthoflavivirus denguei,,DENV-2/VN/BID-V765/2003,10678,complete,Viet Nam: south,Homo sapiens,blood,"Henn,M.R., Young,S., Kodira,C., Koehrsen,M., Jaffe,D., Berlin,A., Heiman,D., Hepburn,T., Sykes,S., Borenstein,D., Crawford,M., Engels,R., Freedman,E., Howarth,C., Jen,D., Larson,L., Ledlie,T., Lewis,B., Montgomery,P., Park,D., Pearson,M., Roberts,A., Sisk,P., Stolte,C., White,J., Zeng,Q., Yandava,C., Oleary,S., Alvarado,L., Alvarez,P., Brockman,W., Butler,J., Gnerre,S., Grabherr,M., Kleber,M., Mauceli,E., MacCallum,I., Vu,H.T., Nguyen,Q.H., Nguyen,Q.T., Duong,P.H., Tran,H.T., Wills,B., Tran,N.V., Nguyen,D.M., Lander,E., Galagan,J., Nusbaum,C., Simmons,C.P., Birren,B.",2003,2008-03-04,ssRNA(+)
EU482788,Dengue virus type 2,Orthoflavivirus denguei,,DENV-2/VN/BID-V766/2003,10678,complete,Viet Nam: south,Homo sapiens,blood,"Henn,M.R., Young,S., Kodira,C., Koehrsen,M., Jaffe,D., Berlin,A., Heiman,D., Hepburn,T., Sykes,S., Borenstein,D., Crawford,M., Engels,R., Freedman,E., Howarth,C., Jen,D., Larson,L., Ledlie,T., Lewis,B., Montgomery,P., Park,D., Pearson,M., Roberts,A., Sisk,P., Stolte,C., White,J., Zeng,Q., Yandava,C., Oleary,S., Alvarado,L., Alvarez,P., Brockman,W., Butler,J., Gnerre,S., Grabherr,M., Kleber,M., Mauceli,E., MacCallum,I., Vu,H.T., Nguyen,Q.H., Nguyen,Q.T., Duong,P.H., Tran,H.T., Wills,B., Tran,N.V., Nguyen,D.M., Lander,E., Galagan,J., Nusbaum,C., Simmons,C.P., Birren,B.",2003,2008-03-04,ssRNA(+)
EU482789,dengue virus type I,Orthoflavivirus denguei,,DENV-1/VN/BID-V767/2003,10690,complete,Viet Nam: south,Homo sapiens,blood,"Henn,M.R., Young,S., Kodira,C., Koehrsen,M., Jaffe,D., Berlin,A., Heiman,D., Hepburn,T., Sykes,S., Borenstein,D., Crawford,M., Engels,R., Freedman,E., Howarth,C., Jen,D., Larson,L., Ledlie,T., Lewis,B., Montgomery,P., Park,D., Pearson,M., Roberts,A., Sisk,P., Stolte,C., White,J., Zeng,Q., Yandava,C., Oleary,S., Alvarado,L., Alvarez,P., Brockman,W., Butler,J., Gnerre,S., Grabherr,M., Kleber,M., Mauceli,E., MacCallum,I., Vu,H.T., Nguyen,Q.H., Nguyen,Q.T., Duong,P.H., Tran,H.T., Wills,B., Tran,N.V., Nguyen,D.M., Lander,E., Galagan,J., Nusbaum,C., Simmons,C.P., Birren,B.",2003,2008-03-04,ssRNA(+)
EU482790,dengue virus type I,Orthoflavivirus denguei,,DENV-1/VN/BID-V768/2003,10690,complete,Viet Nam: south,Homo sapiens,blood,"Henn,M.R., Young,S., Kodira,C., Koehrsen,M., Jaffe,D., Berlin,A., Heiman,D., Hepburn,T., Sykes,S., Borenstein,D., Crawford,M., Engels,R., Freedman,E., Howarth,C., Jen,D., Larson,L., Ledlie,T., Lewis,B., Montgomery,P., Park,D., Pearson,M., Roberts,A., Sisk,P., Stolte,C., White,J., Zeng,Q., Yandava,C., Oleary,S., Alvarado,L., Alvarez,P., Brockman,W., Butler,J., Gnerre,S., Grabherr,M., Kleber,M., Mauceli,E., MacCallum,I., Vu,H.T., Nguyen,Q.H., Nguyen,Q.T., Duong,P.H., Tran,H.T., Wills,B., Tran,N.V., Nguyen,D.M., Lander,E., Galagan,J., Nusbaum,C., Simmons,C.P., Birren,B.",2003,2008-03-04,ssRNA(+)
EU482791,dengue virus type I,Orthoflavivirus denguei,,DENV-1/VN/BID-V769/2003,10690,complete,Viet Nam: south,Homo sapiens,blood,"Henn,M.R., Young,S., Kodira,C., Koehrsen,M., Jaffe,D., Berlin,A., Heiman,D., Hepburn,T., Sykes,S., Borenstein,D., Crawford,M., Engels,R., Freedman,E., Howarth,C., Jen,D., Larson,L., Ledlie,T., Lewis,B., Montgomery,P., Park,D., Pearson,M., Roberts,A., Sisk,P., Stolte,C., White,J., Zeng,Q., Yandava,C., Oleary,S., Alvarado,L., Alvarez,P., Brockman,W., Butler,J., Gnerre,S., Grabherr,M., Kleber,M., Mauceli,E., MacCallum,I., Vu,H.T., Nguyen,Q.H., Nguyen,Q.T., Duong,P.H., Tran,H.T., Wills,B., Tran,N.V., Nguyen,D.M., Lander,E., Galagan,J., Nusbaum,C., Simmons,C.P., Birren,B.",2003,2008-03-04,ssRNA(+)
EU482792,dengue virus type I,Orthoflavivirus denguei,,DENV-1/VN/BID-V770/2003,10690,complete,Viet Nam: south,Homo sapiens,blood,"Henn,M.R., Young,S., Kodira,C., Koehrsen,M., Jaffe,D., Berlin,A., Heiman,D., Hepburn,T., Sykes,S., Borenstein,D., Crawford,M., Engels,R., Freedman,E., Howarth,C., Jen,D., Larson,L., Ledlie,T., Lewis,B., Montgomery,P., Park,D., Pearson,M., Roberts,A., Sisk,P., Stolte,C., White,J., Zeng,Q., Yandava,C., Oleary,S., Alvarado,L., Alvarez,P., Brockman,W., Butler,J., Gnerre,S., Grabherr,M., Kleber,M., Mauceli,E., MacCallum,I., Vu,H.T., Nguyen,Q.H., Nguyen,Q.T., Duong,P.H., Tran,H.T., Wills,B., Tran,N.V., Nguyen,D.M., Lander,E., Galagan,J., Nusbaum,C., Simmons,C.P., Birren,B.",2003,2008-03-04,ssRNA(+)
EU367962,Dengue virus type 3,Orthoflavivirus denguei,,07CHLS001,10707,complete,China,Homo sapiens,blood,"Lei,Y., Ye,M., Liu,Y., Zhao,H., Zhang,B.",,2008-01-22,ssRNA(+)
DQ448231,Dengue virus type 2,Orthoflavivirus denguei,IV,GWL18 INDI-01,10670,complete,India,Homo sapiens,blood,"Dash,P.K., Parida,M.M., Saxena,P., Abhyankar,A., Santhosh,S.R., Jana,A.M., Rao,P.V.L., Agarwal,S.",2001,2007-04-01,ssRNA(+)
AY835999,dengue virus type I,Orthoflavivirus denguei,,ZJ01/2004,10727,complete,China: Cixi,Homo sapiens,blood,"Lu,Q.Y., Wang,Z.G., Yao,L.N., Cheng,S.Y., Jiang,L.P., Mao,H.Y., Xia,S.C., Zhu,h.P., Yao,P.P., Xu,F., Lu,Y.Y., Zhu,Z.Y., Shi,G.Q.",,2004-12-18,ssRNA(+)
